arm,n_cells,repeat,mean_depth,mean_detected,gmp_cor,gmp_cor_per_gene,lambda_max,lambda_max_scrambled,n_modes_above_threshold,p_kept,fraction_non_zero
experimental (sample_2b),500,0,149.046,101.618,25.22533984075413,0.012263169587143477,23.0117586907801,9.503457718173522,14.0,2057,0.049401069518716575
experimental (sample_2b),500,1,142.392,97.438,27.77314043111881,0.013482107005397481,22.734762864468042,9.578802814761806,17.0,2060,0.0473
experimental (sample_2b),500,2,142.994,98.046,20.549280056648477,0.00997537866827596,22.96589755531002,9.815713589823917,11.0,2060,0.04759514563106796
experimental (sample_2b),500,3,147.72,102.508,27.14475115877513,0.013170670140114086,22.91456505603403,9.607276600923388,14.0,2061,0.049737020863658415
experimental (sample_2b),500,4,146.54,99.578,25.601249151575807,0.012464094036794453,23.21791378457967,9.584640586642875,13.0,2054,0.04848003894839338
experimental (sample_2b),600,0,146.39333333333335,99.70833333333333,27.515795777714036,0.013337758496225902,21.40039628200583,8.430862117175074,17.0,2063,0.04833171756341897
experimental (sample_2b),600,1,152.02,104.87833333333333,35.828665404669884,0.01738411712987379,22.01589915107007,8.413180639159284,21.0,2061,0.05088710981724082
experimental (sample_2b),600,2,148.85333333333332,101.70166666666667,28.699574948086074,0.013904832823685114,20.97725572609616,8.460675311309533,17.0,2064,0.04927406330749354
experimental (sample_2b),600,3,148.26833333333335,101.85,26.693756745460156,0.01294556583193994,21.841749233999394,8.55021746004508,16.0,2062,0.049393792434529585
experimental (sample_2b),600,4,147.05833333333334,100.59166666666667,23.103511123153197,0.011177315492575324,20.658208471923977,8.75027541232797,15.0,2067,0.04866553781648121
experimental (sample_2b),700,0,143.39,98.08428571428571,25.288400754972894,0.012228433633932735,20.295741354994156,7.712725687243799,19.0,2068,0.047429538546559825
experimental (sample_2b),700,1,151.77,103.55428571428571,28.354512324298277,0.013717712783888862,21.68874411209718,7.720436377640252,18.0,2067,0.05009883198562444
experimental (sample_2b),700,2,150.77285714285713,102.72571428571429,27.700428965270085,0.013388317527921743,21.12300720008565,7.827696360029201,18.0,2069,0.04964993440585514
experimental (sample_2b),700,3,146.2957142857143,100.60857142857142,27.461317063267344,0.013279166858446491,20.79479366377148,7.736550078568963,18.0,2068,0.048650179607626416
experimental (sample_2b),700,4,147.5157142857143,101.43571428571428,32.0798085346793,0.015512479949071229,20.669178821505742,7.701148610132835,21.0,2068,0.04905015197568389
experimental (sample_2b),800,0,145.355,99.48375,33.71099372970334,0.01629337541309973,20.37214036191141,6.942225584134768,24.0,2069,0.04808301111648139
experimental (sample_2b),800,1,146.4,100.1775,27.010903216209933,0.01305505230362974,21.292001890561565,7.3241178343859215,15.0,2069,0.04841831802803287
experimental (sample_2b),800,2,144.83875,99.26875,33.637817065943764,0.01625015317195351,20.73326590483961,6.993768019070828,21.0,2070,0.04795591787439613
experimental (sample_2b),800,3,147.93,100.59625,31.97657788046724,0.015462561837750115,20.227149673008135,7.068691347119793,22.0,2068,0.048644221470019344
experimental (sample_2b),800,4,145.17,99.72375,24.21862403192364,0.01172247048979847,21.029546279758375,7.3985775726770955,15.0,2066,0.04826899806389158
experimental (sample_2b),900,0,146.9922222222222,100.75666666666666,30.11839580592009,0.01456402118274666,19.891997162266847,6.722883528728947,19.0,2068,0.04872179239200516
experimental (sample_2b),900,1,148.8322222222222,101.74222222222222,29.999752927090043,0.014499638920778175,19.94209148882811,6.741264078227573,20.0,2069,0.049174587830943556
experimental (sample_2b),900,2,142.24,97.60555555555555,33.10762994102326,0.01598630127524059,19.68940094960349,6.575550671516693,23.0,2071,0.04712967433875208
experimental (sample_2b),900,3,146.52444444444444,100.27111111111111,34.07565033361137,0.016477587201939734,20.042160459191198,6.479564841199142,26.0,2068,0.04848699763593381
experimental (sample_2b),900,4,145.78666666666666,100.02555555555556,27.55444942375825,0.013317761925451064,20.218804151402963,6.717247095163964,19.0,2069,0.048344879437194566
experimental (sample_2b),1000,0,144.773,99.66,32.27498943468042,0.015591782335594407,19.43846174553532,6.2428785892957,24.0,2070,0.04814492753623188
experimental (sample_2b),1000,1,147.195,100.939,32.988923788857484,0.01592898299799975,19.473577370292173,6.228443390508373,23.0,2071,0.04873925639787542
experimental (sample_2b),1000,2,147.07,101.034,34.618665656143044,0.016723993070600504,19.57353034705374,6.193985100184334,25.0,2070,0.04880869565217391
experimental (sample_2b),1000,3,146.241,100.296,32.16133450082922,0.015529374457184558,19.503119268609765,6.258149153781057,23.0,2071,0.04842877836793819
experimental (sample_2b),1000,4,147.839,101.426,32.82409569384515,0.015849394347583368,19.545106161930327,6.1320180908483914,26.0,2071,0.048974408498309994
"simulated (calibrated, rho=0.7)",500,0,422.598,86.784,35.5892834376271,0.017251228035689337,28.68197053624772,9.304659470698157,15.0,2063,0.04206689287445468
"simulated (calibrated, rho=0.7)",500,1,398.168,86.764,32.97179974326996,0.01599796202972827,27.064514288395358,9.3176898784599,12.0,2061,0.04218237542528045
"simulated (calibrated, rho=0.7)",500,2,413.194,88.4,38.08751601460732,0.01845325388304618,31.96808200998052,9.248983207541649,14.0,2064,0.042829457364341086
"simulated (calibrated, rho=0.7)",500,3,415.216,88.672,33.66092314033392,0.01631649206996312,28.41927777526523,9.493142742552703,12.0,2063,0.043068201356663886
"simulated (calibrated, rho=0.7)",500,4,446.408,87.426,35.07339814533204,0.017009407441965104,27.773596549673453,9.356322028162094,14.0,2062,0.04239864209505335
"simulated (calibrated, rho=0.7)",600,0,441.405,87.03,37.38390038979756,0.018077321271662262,24.83002734007164,8.231516667422786,15.0,2068,0.042154396592644736
"simulated (calibrated, rho=0.7)",600,1,417.685,87.00833333333334,34.57698962142332,0.01670385972049436,26.922792215672395,8.203725618679531,16.0,2070,0.04203301127214171
"simulated (calibrated, rho=0.7)",600,2,429.08,86.855,33.31052507822654,0.016115396748053477,24.379485154102053,8.347531471934712,15.0,2067,0.0420899854862119
"simulated (calibrated, rho=0.7)",600,3,396.85333333333335,84.20166666666667,33.751387657213975,0.016360343023370808,23.210304125186322,8.2371661399196,17.0,2063,0.040883294746374026
"simulated (calibrated, rho=0.7)",600,4,416.33,85.47,38.84807101970631,0.01880351937062261,26.395631168937637,8.223027667320771,18.0,2066,0.04143886147774526
"simulated (calibrated, rho=0.7)",700,0,406.77142857142854,87.24571428571429,39.666822396484285,0.01918124874104656,26.697119773980432,7.507919480339623,17.0,2068,0.04218844984802431
"simulated (calibrated, rho=0.7)",700,1,421.4357142857143,87.08714285714285,41.096407618574816,0.01987253753315997,27.073780249321292,7.420068434870624,16.0,2068,0.042111771207515886
"simulated (calibrated, rho=0.7)",700,2,419.6542857142857,87.93,41.245400872024284,0.019915693323044076,26.79631914579005,7.471083013379728,16.0,2071,0.04245774987928537
"simulated (calibrated, rho=0.7)",700,3,423.85714285714283,87.53571428571429,38.575388975513604,0.01863545361135923,24.5894231520766,7.489459813303846,17.0,2070,0.04234828222512492
"simulated (calibrated, rho=0.7)",700,4,415.3828571428571,87.80428571428571,37.95891459613187,0.01833763990151298,25.478540067855228,7.459306257760865,17.0,2070,0.04241752933057281
"simulated (calibrated, rho=0.7)",800,0,404.9075,86.8925,42.44992449778939,0.02051712155523895,26.183774835560303,6.812299054567562,19.0,2069,0.041997341710971484
"simulated (calibrated, rho=0.7)",800,1,419.175,86.11875,41.23254335210882,0.01990948495997529,25.18585704414714,6.918840238890127,19.0,2071,0.041635216400993755
"simulated (calibrated, rho=0.7)",800,2,415.335,87.8175,41.43729995755188,0.02002769451790811,25.12550929906587,6.87040931981142,18.0,2069,0.042497539517436914
"simulated (calibrated, rho=0.7)",800,3,444.02125,88.67125,43.72455152280763,0.021122971750148614,25.7383392378373,6.838580172587761,19.0,2070,0.04288996511339658
"simulated (calibrated, rho=0.7)",800,4,415.86625,87.61125,43.320040397083176,0.0209376705640808,27.258961291330095,6.885590008482852,18.0,2069,0.04239772891561528
"simulated (calibrated, rho=0.7)",900,0,434.66555555555556,87.85555555555555,45.46973213579007,0.021955447675417704,25.363099667028493,6.339057505848478,21.0,2071,0.042468991513184076
"simulated (calibrated, rho=0.7)",900,1,435.71,87.39222222222222,43.23953923333005,0.020878580025750867,25.59282142106496,6.443381144811089,19.0,2071,0.042245018205216485
"simulated (calibrated, rho=0.7)",900,2,431.73777777777775,86.69555555555556,41.472935886308306,0.020025560543847565,23.81138617660538,6.457603327002202,19.0,2071,0.04190825258388391
"simulated (calibrated, rho=0.7)",900,3,422.1044444444444,87.61888888888889,43.423587779461016,0.020967449434795275,25.145170325675046,6.417416307522933,19.0,2071,0.04235458788105675
"simulated (calibrated, rho=0.7)",900,4,434.9422222222222,87.21444444444444,43.548842087222965,0.021027929544772075,25.300258398575078,6.400433387856902,20.0,2071,0.042159081204557455
"simulated (calibrated, rho=0.7)",1000,0,429.007,87.212,43.12124476647258,0.020821460534269715,24.620630687000922,6.0983588593472975,19.0,2071,0.04215321067083501
"simulated (calibrated, rho=0.7)",1000,1,420.745,87.451,45.618103362255766,0.022037731092877183,24.843129834675995,5.996239992169573,20.0,2070,0.042289149052434076
"simulated (calibrated, rho=0.7)",1000,2,430.116,87.315,45.89379971967342,0.0221602123223918,25.02913108338518,5.9890390047461945,20.0,2071,0.04220299488285968
"simulated (calibrated, rho=0.7)",1000,3,423.622,87.452,45.29374659078103,0.02187047155518157,24.55727902528422,5.96360976522689,21.0,2071,0.042269212718271144
"simulated (calibrated, rho=0.7)",1000,4,424.686,87.755,44.85024967603622,0.02165632529021546,24.847723529511253,6.039500123385075,19.0,2071,0.04241566530315927
"simulated (published, rho=0.9)",200,0,,,23.681974173684353,,,,,2000,
"simulated (published, rho=0.9)",200,1,,,41.079328442965,,,,,2000,
"simulated (published, rho=0.9)",200,2,,,19.984770964146946,,,,,2000,
"simulated (published, rho=0.9)",200,3,,,10.676016405106706,,,,,2000,
"simulated (published, rho=0.9)",200,4,,,27.50058783325293,,,,,2000,
"simulated (published, rho=0.9)",400,0,,,36.47561218352876,,,,,2000,
"simulated (published, rho=0.9)",400,1,,,28.390523022923905,,,,,2000,
"simulated (published, rho=0.9)",400,2,,,18.09773034507965,,,,,2000,
"simulated (published, rho=0.9)",400,3,,,19.2115845164778,,,,,2000,
"simulated (published, rho=0.9)",400,4,,,25.874646789214232,,,,,2000,
"simulated (published, rho=0.9)",600,0,,,41.37234034102763,,,,,2000,
"simulated (published, rho=0.9)",600,1,,,24.13559176737204,,,,,2000,
"simulated (published, rho=0.9)",600,2,,,29.7718179174677,,,,,2000,
"simulated (published, rho=0.9)",600,3,,,30.762709675762295,,,,,2000,
"simulated (published, rho=0.9)",600,4,,,32.12744509289358,,,,,2000,
"simulated (published, rho=0.9)",800,0,,,30.172489291335246,,,,,2000,
"simulated (published, rho=0.9)",800,1,,,41.774959509510154,,,,,2000,
"simulated (published, rho=0.9)",800,2,,,26.329346086902646,,,,,2000,
"simulated (published, rho=0.9)",800,3,,,38.329152271648965,,,,,2000,
"simulated (published, rho=0.9)",800,4,,,36.13753254093149,,,,,2000,
"simulated (published, rho=0.9)",1000,0,,,40.623889764482605,,,,,2000,
"simulated (published, rho=0.9)",1000,1,,,38.23764451059304,,,,,2000,
"simulated (published, rho=0.9)",1000,2,,,38.47883012889307,,,,,2000,
"simulated (published, rho=0.9)",1000,3,,,36.569414288196796,,,,,2000,
"simulated (published, rho=0.9)",1000,4,,,40.5965707146232,,,,,2000,
