position,condition,cell_id,area_px,length_px,width_px,feret_max_px,arc_length_px,width_pa_px,straightness,perimeter_px,solidity,eccentricity,orientation_deg,mcherry_mean,mcherry_median,mcherry_bgsub_median,phase_bgsub_median,above_bg,is_dark,kept,reason,bg_median,bg_std,bg_tilt_x_per1kpx,bg_tilt_y_per1kpx,bg_tilt_range
Pos1,Exponential,1,973,61.48325215296892,21.1512352939617,57.87054518492115,57.35287102995164,18.20529790890654,1.0090261245108227,135.48877640912463,0.9093457943925234,0.9389637097707065,-6.814637082332147,,,,-226.0,,True,True,ok,509.0,48.92580032348633,,,
Pos1,Exponential,2,1013,68.53109644144853,19.20082260408165,64.8459713474939,63.79760812338881,16.831272486409787,1.0164326415196865,146.80967326783104,0.9449626865671642,0.9599484186371355,-26.203888971171423,,,,-189.0,,True,True,ok,509.0,48.92580032348633,,,
Pos1,Exponential,3,1038,76.84091934153015,17.91514383520141,71.30918594402827,70.88218213346696,15.358142913697264,1.0060241346655678,159.29710738999285,0.9089316987740805,0.9724417711009825,-21.44358304097848,,,,-211.0,,True,True,ok,509.0,48.92580032348633,,,
Pos1,Exponential,4,1030,81.55680436663957,17.612087214994073,74.43117626371358,74.0724321258165,14.515767719629292,1.0048431532164048,164.71595804157766,0.8512396694214877,0.9764047070216446,4.094975386844495,,,,-190.0,,True,True,ok,509.0,48.92580032348633,,,
Pos1,Exponential,5,1005,70.27874298171996,18.66860862018727,65.36818798161687,64.97198591303709,16.35131016828252,1.0060980446112588,148.61050739075358,0.9348837209302325,0.9640732230944605,-29.933031810083236,,,,-203.0,,True,True,ok,509.0,48.92580032348633,,,
Pos1,Exponential,6,944,66.94750160044272,18.55751234924288,62.81719509815764,61.25818777914462,16.346248800714363,1.0254497786423873,141.17713310293573,0.9209756097560976,0.9608136837755847,-9.452948282056127,,,,-193.0,,True,True,ok,509.0,48.92580032348633,,,
Pos1,Exponential,7,992,66.08733170916176,19.471972921938136,62.26556030423239,61.42394481433357,17.181422300101776,1.0137017492517417,142.46207510468716,0.9483747609942639,0.9556083177543032,60.921577014252755,,,,-217.0,,True,True,ok,509.0,48.92580032348633,,,
Pos1,Exponential,8,1126,76.02245566564673,19.321083645523874,71.16881339463234,70.66806273261368,16.78969059063938,1.0070859542862147,160.50311289954695,0.9344398340248963,0.9671648951292885,-17.20278303248373,,,,-201.5,,True,True,ok,509.0,48.92580032348633,,,
Pos1,Exponential,9,559,43.3703833456863,16.589297498711446,42.15447781671598,40.93584301036139,14.804508320958437,1.029769383423865,98.77240395993789,0.9555555555555556,0.9239542898964775,17.281752966431203,,,,-209.0,,True,True,ok,509.0,48.92580032348633,,,
Pos1,Exponential,10,590,44.20201269887833,17.24216651294016,41.97618372363071,40.67860660737953,15.825115754428033,1.0318982685118765,99.4230491022222,0.9719934102141681,0.9207824511086816,1.5245451041099047,,,,-218.0,,True,True,ok,509.0,48.92580032348633,,,
Pos1,Exponential,11,637,48.337111594908656,17.011784422175122,46.09772228646444,45.1989865152844,15.188546670617955,1.0198839806037714,107.73710632845197,0.9479166666666666,0.9360223956984296,-26.7053066305134,,,,-191.0,,True,True,ok,509.0,48.92580032348633,,,
Pos1,Exponential,12,1036,72.01084139371439,18.688277316364402,67.446274915669,66.7084174647028,16.394993569852677,1.0110609347217179,152.13323914440133,0.9367088607594937,0.9657376446829893,-15.598977746235219,,,,-201.0,,True,True,ok,509.0,48.92580032348633,,,
Pos1,Exponential,13,831,62.66112960809623,17.20390802029386,60.41522986797286,58.34338850258279,15.0796825296782,1.0355111593372461,133.90163179951256,0.9486301369863014,0.9615714811629739,-54.821114922773695,,,,-198.0,,True,True,ok,509.0,48.92580032348633,,,
Pos1,Exponential,14,103,18.15347736341387,7.452323805588584,18.24828759089466,17.727711871827236,6.288883493508146,1.0293650823541824,42.634766939125484,0.9196428571428571,0.9118526287555869,-5.267673975824594,,,,-164.0,,True,True,ok,509.0,48.92580032348633,,,
Pos1,Exponential,15,1080,77.29278723594439,18.318110219461467,72.11102550927978,70.87177719875025,16.015462756773854,1.0174857800878088,160.02668902447448,0.9334485738980121,0.9715105348239286,-53.705495430502026,,,,-192.0,,True,True,ok,509.0,48.92580032348633,,,
Pos1,Exponential,16,835,63.64439522588842,17.051313702321142,59.77457653551382,58.85154153651692,15.009774405892061,1.0156841261060965,134.83813126684032,0.9392575928008999,0.9634424412599701,72.74587443182985,,,,-225.0,,True,True,ok,509.0,48.92580032348633,,,
Pos1,Exponential,17,992,74.82238690975078,17.23269780629915,70.3846574190711,69.48636596064956,14.968121935926087,1.012927593003356,156.0602299613886,0.92970946579194,0.9731161931376971,-22.149377030459735,,,,-214.0,,True,True,ok,509.0,48.92580032348633,,,
Pos1,Exponential,18,963,65.71636701506293,19.118220784228225,61.40032573203501,60.0454890628036,17.08053245297342,1.0225635046092196,139.5899884933237,0.9385964912280702,0.9567473115748544,-53.1177601724612,,,,-209.0,,True,True,ok,509.0,48.92580032348633,,,
Pos1,Exponential,19,1064,73.57437006889884,18.88535649426813,68.94200461257273,68.52594354856913,16.365750282606072,1.00607158460662,155.73490739024643,0.9399293286219081,0.9664954080448148,-24.347845578747812,,,,-207.0,,True,True,ok,509.0,48.92580032348633,,,
Pos1,Exponential,20,795,59.82990148001602,17.384533164781317,55.731499172371095,54.10983473922191,15.665655485582915,1.029969864830759,126.10346669445391,0.9276546091015169,0.9568549623427794,-83.12311351677731,,,,-208.0,,True,True,ok,509.0,48.92580032348633,,,
Pos1,Exponential,21,405,29.08528446343351,18.22168965988825,29.5296461204668,29.240550780312837,15.64761137787478,1.0098867953044375,76.34429975583558,0.9688995215311005,0.7794280817962446,67.61417945099353,,,,-223.0,,True,True,ok,509.0,48.92580032348633,,,
Pos1,Exponential,22,681,52.02575379680238,16.86677807398791,50.28916384272063,49.278047396493804,14.769516823016952,1.0205185980298963,115.41686669521462,0.941908713692946,0.9459883732881502,71.90490195116732,,,,-217.0,,True,True,ok,509.0,48.92580032348633,,,
Pos1,Exponential,23,741,55.906811227534774,17.170066544517674,53.85164807134504,52.470810704758286,15.048308067692936,1.0263162956325647,122.12065934855084,0.946360153256705,0.951670989196451,-19.543171914160983,,,,-185.0,,True,True,ok,509.0,48.92580032348633,,,
Pos1,Exponential,24,724,53.6160744962575,17.420300120093778,51.884487084291386,49.98013542760431,15.519989112990798,1.0381021708003475,117.67777641039248,0.9451697127937336,0.9457455722630813,-29.394558043134797,,,,-202.0,,True,True,ok,509.0,48.92580032348633,,,
Pos1,Exponential,25,513,37.40436791762334,17.630927751227006,36.40054944640259,36.02286644667262,15.71154992009559,1.0104845348797848,89.98192285863567,0.957089552238806,0.8819408297418152,-63.32481848326475,,,,-186.0,,True,True,ok,509.0,48.92580032348633,,,
Pos1,Exponential,26,525,36.85930951038602,18.301901340215995,36.05551275463989,36.81745339759093,15.695451730444544,0.9793049064332925,91.55271918543056,0.9510869565217391,0.8680172585846813,-63.05202232794398,,,,-196.0,,True,True,ok,509.0,48.92580032348633,,,
Pos1,Exponential,27,728,52.76096750297833,17.81520597794578,50.28916384272063,49.82873627955777,15.66719159756487,1.0092402014889499,117.54302338927933,0.9503916449086162,0.9412685705637572,-19.02967941714711,,,,-221.0,,True,True,ok,509.0,48.92580032348633,,,
Pos1,Exponential,28,760,60.53615960094115,16.602825783061064,56.302753041036986,54.80718472206599,14.714593235883711,1.0272878150292741,126.41244098277889,0.9200968523002422,0.9616547372263811,-52.594397095080765,,,,-232.0,,True,True,ok,509.0,48.92580032348633,,,
Pos1,Exponential,29,1111,51.83010002132352,27.625313245725486,52.69724850502159,53.78219452591516,22.716494892285123,0.9798270407063664,133.49737273617308,0.9391377852916315,0.8461168211775779,-28.91928050903158,,,,-133.0,,True,True,ok,509.0,48.92580032348633,,,
Pos1,Exponential,30,442,36.48394575576657,15.510959021063345,35.6931365951495,33.72799366989278,14.429654882587652,1.0582644477608194,83.92877534758372,0.9525862068965517,0.9051253602064736,-83.51881621548257,,,,-230.0,,True,True,ok,509.0,48.92580032348633,,,
Pos1,Exponential,31,713,34.110743512013116,27.376640581399467,37.013511046643494,38.2700314760239,21.13578764715595,0.9671669873026466,100.66852285787493,0.9583333333333334,0.5965429228371929,-50.10010598469796,,,,-113.0,,True,True,ok,509.0,48.92580032348633,,,
Pos1,Exponential,32,978,72.33407106471219,18.128339035673307,67.54257916307313,67.37801658012614,15.256470138871475,1.0024423779639058,152.17270739050002,0.8988970588235294,0.9680856340011748,-61.98896589086253,,,,-219.0,,True,True,ok,509.0,48.92580032348633,,,
Pos1,Exponential,33,638,45.37744997126341,18.199870369577003,43.657759905886145,43.94401233754241,15.726242367604728,0.993485974165092,105.84098743051493,0.9565217391304348,0.9160441618960712,-25.767884211420643,,,,-194.0,,True,True,ok,509.0,48.92580032348633,,,
Pos1,Exponential,34,695,49.45327148047609,18.19119524697872,47.53945729601885,47.48859760699211,15.7571022899095,1.001070987386228,112.96538743000781,0.953360768175583,0.9298866672755746,-18.681630188316706,,,,-197.0,,True,True,ok,509.0,48.92580032348633,,,
Pos1,Exponential,35,251,21.985590755614773,14.59302781028259,22.825424421026653,22.988782506861966,12.339833109277885,0.9928940088155364,60.06462783779966,0.9330855018587361,0.7479507909791882,49.825818934645945,,,,-102.0,,True,True,ok,509.0,48.92580032348633,,,
Pos1,Exponential,36,702,52.08738421163201,17.48140109130285,49.92995093127971,47.74470707464807,15.829465823256315,1.045769342625038,113.56021604337626,0.9448183041722745,0.9419986014218129,-53.45875138639105,,,,-204.0,,True,True,ok,509.0,48.92580032348633,,,
Pos1,Exponential,37,561,45.183160432447345,16.081322065956602,43.08131845707603,43.52057461892751,13.834180266070788,0.9899069310160155,102.83414779803832,0.9444444444444444,0.9345186900258036,-59.267539584454354,,,,-187.0,,True,True,ok,509.0,48.92580032348633,,,
Pos1,Exponential,38,346,28.555184870369516,15.467330874019886,29.206163733020468,27.476591269664556,14.158146571919335,1.0629471263877424,71.11601865427974,0.9558011049723757,0.8405947500569692,40.04189857675899,,,,-185.0,,True,True,ok,509.0,48.92580032348633,,,
Pos1,Exponential,39,559,44.438646161095,16.20420373341636,42.5440947723653,42.49739122717285,14.16729880927803,1.0010989744039298,101.16806669622892,0.9506802721088435,0.9311477317120991,-57.37207512585894,,,,-180.0,,True,True,ok,509.0,48.92580032348633,,,
Pos1,Exponential,40,489,44.354702398985545,14.256493872601947,42.42640687119285,40.538317546050834,12.950516074086856,1.046575423930635,95.86084910247575,0.944015444015444,0.9469366953170864,4.06513631017476,,,,-111.0,,True,True,ok,509.0,48.92580032348633,,,
Pos1,Exponential,41,941,62.909751553205254,24.254803396836067,58.05170109479997,68.09971703666342,14.478573975110875,0.8524514288884076,152.7280677577698,0.7706797706797707,0.9226872853104493,89.81991015145492,,,,36.0,,False,False,bright_in_phase(debris),509.0,48.92580032348633,,,
Pos1,Exponential,42,760,52.986346290688765,18.442309205006676,51.24451190127583,48.68554736039308,16.863964062351318,1.0525610716038603,116.62287220476871,0.9571788413098237,0.9374730892230075,85.1775025847724,,,,-225.0,,True,True,ok,509.0,48.92580032348633,,,
Pos1,Exponential,43,490,37.402708719915914,17.023121576546327,36.345563690772494,37.620727497668206,14.170125498016443,0.9661047541684369,91.41796616431739,0.9441233140655106,0.8904246357356475,16.47358851561214,,,,-211.5,,True,True,ok,509.0,48.92580032348633,,,
Pos1,Exponential,44,558,44.04188745724192,16.428491262586792,41.6293165929973,41.985450109406734,14.34163054258965,0.9915176920699572,100.34320028673281,0.9538461538461539,0.9278234260456582,17.374977037795055,,,,-213.5,,True,True,ok,509.0,48.92580032348633,,,
Pos1,Exponential,45,1161,97.24763751452106,17.902323490122136,87.36131867136622,87.71889674652127,13.69425383079083,0.9959235912851443,191.07105306266723,0.7914110429447853,0.9829093801375025,-75.1284105199897,,,,-190.0,,True,True,ok,509.0,48.92580032348633,,,
Pos1,Exponential,46,757,61.74144420784411,15.932033572381162,57.55866572463264,56.46760733665883,14.168882046279387,1.0193218455577362,129.11030632693053,0.9276960784313726,0.966133060495487,83.53861495401037,,,,-209.0,,True,True,ok,509.0,48.92580032348633,,,
Pos1,Exponential,47,840,67.48942830462192,16.26061882929644,62.96824596572466,63.522084749773455,13.874049470703858,0.9912811617214631,142.8826824508438,0.9210526315789473,0.9705410575313091,69.04173381544828,,,,-205.0,,True,True,ok,509.0,48.92580032348633,,,
Pos1,Exponential,48,1740,79.00182133579513,29.352497603661202,80.8084154033477,78.59903549726677,23.66701294538599,1.0281095040429313,184.21615910540072,0.9071949947862357,0.9284161324267439,48.15134179175136,,,,-105.0,,True,True,ok,509.0,48.92580032348633,,,
Pos1,Exponential,49,432,33.19016754467459,16.786903348606074,33.1058907144937,32.08305352173676,14.962562336980021,1.0318809178204922,81.24725828624923,0.9578713968957872,0.8626628476542952,16.175990619689678,,,,-202.5,,True,True,ok,509.0,48.92580032348633,,,
Pos2,Exponential,1,541,42.58110543825461,16.41414534092681,41.10960958218893,41.705498159872086,13.97717145725059,0.9857119899299871,99.36723257330638,0.9458041958041958,0.9227163794625992,-64.00942685981505,,,,-220.0,,True,True,ok,503.0,45.96059799194336,,,
Pos2,Exponential,2,533,43.39420997609787,15.958193655867342,40.80441152620633,41.80797010662894,13.714180391580935,0.9759959984217581,99.27194779829188,0.9467140319715808,0.9299249411618795,-55.675693363745744,,,,-219.0,,True,True,ok,503.0,45.96059799194336,,,
Pos2,Exponential,3,824,56.152620646333226,19.28440216191346,53.600373133029585,51.768229247842456,17.134105151066326,1.0353912797831208,123.09662706197727,0.9321266968325792,0.9391788778946654,3.9102145159583843,,,,-207.0,,True,True,ok,503.0,45.96059799194336,,,
Pos2,Exponential,4,86,11.851290830599643,9.20995500811885,12.083045973594572,,,,32.59881208217049,0.9772727272727273,0.6293441268163317,-31.12654103031483,,,,0.5,,False,False,bright_in_phase(debris),503.0,45.96059799194336,,,
Pos2,Exponential,5,538,41.35335701507132,16.817303175978093,40.26164427839479,39.31248794261562,14.896587997164486,1.0241438887603516,95.63081130634811,0.962432915921288,0.9135736893235804,85.43594392959399,,,,-216.5,,True,True,ok,503.0,45.96059799194336,,,
Pos2,Exponential,6,605,44.68196592291634,17.573529406796165,43.08131845707603,42.76431667975974,15.326030641078962,1.0074127637696204,103.02471734806728,0.937984496124031,0.9194091225423282,-70.2319323433015,,,,-219.0,,True,True,ok,503.0,45.96059799194336,,,
Pos2,Exponential,7,1019,68.147001293788,19.688259177028083,63.324560795950255,62.55090065317985,17.31991245323867,1.0123684892574136,144.87408612379534,0.9238440616500453,0.9573566645756856,-77.1230916621851,,,,-213.0,,True,True,ok,503.0,45.96059799194336,,,
Pos2,Exponential,8,852,66.70809604930514,16.55365940371768,62.96824596572466,62.41141069759098,14.36044626102089,1.0089220106052685,141.21660134903442,0.9424778761061947,0.9687214460097202,21.64392998190052,,,,-215.0,,True,True,ok,503.0,45.96059799194336,,,
Pos2,Exponential,9,763,54.457061799732884,18.095393891436572,52.773099207835045,50.85736750036645,16.09597991979582,1.0376687155003608,120.08978742950065,0.9466501240694789,0.9431781926824763,-81.21111822581908,,,,-205.0,,True,True,ok,503.0,45.96059799194336,,,
Pos2,Exponential,10,785,55.70514333046082,18.255005836867767,53.85164807134504,52.68281140054886,15.93482561045932,1.0221863002319578,123.55670265423257,0.9367541766109785,0.9447791522059524,-77.16746427296923,,,,-204.0,,True,True,ok,503.0,45.96059799194336,,,
Pos2,Exponential,11,684,51.10982792145195,17.365000065161272,48.54894437575342,48.12256872040324,15.25094202633185,1.0088602014956323,113.65550081839075,0.9539748953974896,0.9405127008540207,60.28416822008139,,,,-209.0,,True,True,ok,503.0,45.96059799194336,,,
Pos2,Exponential,12,671,49.50872157365891,17.53710388825962,47.43416490252569,46.437027274730475,15.570007901294797,1.0214728996732705,110.64866118591412,0.9572039942938659,0.935161167718942,57.05104380208294,,,,-212.0,,True,True,ok,503.0,45.96059799194336,,,
Pos2,Exponential,13,645,43.45971512312829,19.192654314518176,41.78516483155236,42.83881828828248,16.4045445539434,0.9754042361850508,104.40494412483321,0.9513274336283186,0.8972024772969611,-58.09361678288694,,,,-211.0,,True,True,ok,503.0,45.96059799194336,,,
Pos2,Exponential,14,699,47.06958367541456,19.22324233951253,44.40720662234904,43.975092287922365,17.36730692542641,1.009826342866945,107.77657457455065,0.9694868238557559,0.9128028358673839,-48.168873694397654,,,,-216.0,,True,True,ok,503.0,45.96059799194336,,,
Pos2,Exponential,15,701,52.643788119640256,17.098733310060886,50.774009099144415,49.66454681941759,15.099923762484037,1.022339120172804,116.5670556758529,0.9550408719346049,0.9457825216996478,-33.420416729221685,,,,-198.0,,True,True,ok,503.0,45.96059799194336,,,
Pos2,Exponential,16,726,55.00168278875253,17.566798949552332,53.009433122794285,52.44084542917099,14.732366305236887,1.0108424585639308,121.70005200239422,0.9189873417721519,0.9476245128131706,-52.63338969226294,,,,-197.0,,True,True,ok,503.0,45.96059799194336,,,
Pos2,Exponential,17,1049,75.79676493198254,18.182995760171735,70.60453243241541,68.33009878871125,16.17348610170087,1.0332859703706432,155.12373049406085,0.9283185840707965,0.9707997181462565,41.02700750217571,,,,-215.0,,True,True,ok,503.0,45.96059799194336,,,
Pos2,Exponential,18,1133,79.52418863970692,18.5772729379781,73.76313442364011,73.2738111008389,16.234448074680905,1.0066780110854041,165.08074885881848,0.9402489626556016,0.9723315062131697,-14.746631660451598,,,,-198.0,,True,True,ok,503.0,45.96059799194336,,,
Pos2,Exponential,19,971,68.69302054251527,18.29877796817249,64.53681120105021,61.37957941115833,16.8072421461936,1.051437820528922,141.94618298351602,0.9680957128614157,0.9638667580332786,43.38799380851994,,,,-212.0,,True,True,ok,503.0,45.96059799194336,,,
Pos2,Exponential,20,610,41.25016688545104,19.15297802384209,39.824615503479755,40.10077415023663,16.705082533468325,0.9931133836538354,99.27194779829188,0.957613814756672,0.8856713155612677,-37.751917731996365,,,,-212.0,,True,True,ok,503.0,45.96059799194336,,,
Pos2,Exponential,21,690,52.864523777391526,16.91056388616847,50.32891812864648,49.761270061580475,14.812431105267908,1.0114074272293196,116.43230265473973,0.9400544959128065,0.9474564047186925,22.18798785384214,,,,-194.5,,True,True,ok,503.0,45.96059799194336,,,
Pos2,Exponential,22,591,40.48885765194707,18.915136082769717,39.11521443121589,38.03037060793383,17.21192451693738,1.0285257231507425,95.70974779854544,0.9688524590163935,0.8841680813048051,-43.98646978369903,,,,-218.0,,True,True,ok,503.0,45.96059799194336,,,
Pos2,Exponential,23,1136,83.23602618763795,18.81272577002884,76.55063683601855,76.47112447533544,15.532310733768687,1.0010397697330677,170.6738207776151,0.8658536585365854,0.9741234444039822,-70.88399561654249,,,,-186.0,,True,True,ok,503.0,45.96059799194336,,,
Pos2,Exponential,24,839,64.89181864046695,16.66739170773911,61.1310068623117,59.18827180061252,14.98978883062128,1.0328229732444913,135.48877640912463,0.9523269012485811,0.9664515749674055,12.667890281076186,,,,-226.0,,True,True,ok,503.0,45.96059799194336,,,
Pos2,Exponential,25,736,55.84477801550364,17.144237892847013,53.0,51.7455867819049,15.178965496741,1.0242419362907633,120.81936906398226,0.942381562099872,0.9517101438791257,-34.380207187803244,,,,-178.0,,True,True,ok,503.0,45.96059799194336,,,
Pos2,Exponential,26,686,53.967373805851075,16.49918552354402,51.03920062069938,50.53596857123874,14.46273716021409,1.009957898575769,117.58249163537799,0.9423076923076923,0.9521197977070689,-56.5922777943783,,,,-165.5,,True,True,ok,503.0,45.96059799194336,,,
Pos2,Exponential,27,373,29.96188186234106,15.998449688483134,29.546573405388315,29.29378019569996,14.212960492271774,1.0086295864855797,74.81297167513935,0.951530612244898,0.8455096703099132,-57.33127307324613,,,,-218.0,,True,True,ok,503.0,45.96059799194336,,,
Pos2,Exponential,28,407,31.891977447117714,16.405060797021722,32.202484376209235,31.29322763163942,14.434947306441938,1.029056023088219,79.06528506326873,0.9576470588235294,0.8575536143366289,-37.955350143502635,,,,-211.0,,True,True,ok,503.0,45.96059799194336,,,
Pos2,Exponential,29,1262,60.17651764284228,28.420330097954142,63.52952069707436,63.21781391065083,21.537358804163123,1.0049306796160982,151.02251840986173,0.9211678832116789,0.8814471180643135,-27.06603247637337,,,,-141.0,,True,True,ok,503.0,45.96059799194336,,,
Pos2,Exponential,30,448,38.297561049507216,15.478090693341628,38.01315561749642,36.94198573763262,13.12835239584168,1.0289960016624826,88.87120212409607,0.9333333333333333,0.9146912070693844,58.40680347904542,,,,-120.5,,True,True,ok,503.0,45.96059799194336,,,
Pos2,Exponential,31,1083,81.55684198511148,17.343850021533363,75.16648189186454,72.9863364259629,15.549302229293007,1.0298705973290379,163.7236420453341,0.9567137809187279,0.9771263328732271,-45.51456234690858,,,,-188.0,,True,True,ok,503.0,45.96059799194336,,,
Pos2,Exponential,32,361,28.65718817893843,16.16850292966547,29.966648127543394,27.729227011303912,14.688501466335502,1.0806881892281883,72.22673938881934,0.9626666666666667,0.8256353546652793,63.897675894029504,,,,-98.0,,True,True,ok,503.0,45.96059799194336,,,
Pos2,Exponential,33,618,51.68473777320327,15.420494161285337,50.32891812864648,47.31868671537452,13.941928349049865,1.063616123401284,110.55337641089963,0.9611197511664075,0.9544544023419352,-47.97365211814063,,,,-162.0,,True,True,ok,503.0,45.96059799194336,,,
Pos2,Exponential,34,719,59.01001784063415,15.791352464323829,55.47071299343465,54.44312895739336,13.97642731058648,1.0188744485432766,124.841644655984,0.927741935483871,0.9635288142266475,-53.359221503934144,,,,-170.0,,True,True,ok,503.0,45.96059799194336,,,
Pos3,Exponential,1,672,53.02456699753656,16.216063025671634,52.630789467763066,49.48496392378783,14.49047834237162,1.0635713415658976,115.51215147022911,0.9518413597733711,0.9520888036636449,-78.40397112376468,,,,-243.5,,True,True,ok,497.0,45.96059799194336,,,
Pos3,Exponential,2,734,52.996815885073026,17.941143170935604,51.92301994298868,50.283897597046476,15.641228136366804,1.03259736067155,118.42370632769126,0.9446589446589446,0.9409547089864481,-75.03715530186965,,,,-238.0,,True,True,ok,497.0,45.96059799194336,,,
Pos3,Exponential,3,962,73.02683360703624,17.2970179150507,67.53517601961218,67.0954359416238,15.063549410360968,1.0065539491891962,151.38730922710255,0.9276759884281581,0.9715441859029503,-27.713153753199027,,,,-175.0,,True,True,ok,497.0,45.96059799194336,,,
Pos3,Exponential,4,854,60.817939010633395,18.308917997022846,57.28001396647874,56.97607771328616,15.946545137347123,1.0053344537811473,132.15661420550583,0.9374313940724479,0.9536100307000198,-14.939208217902578,,,,-170.0,,True,True,ok,497.0,45.96059799194336,,,
Pos3,Exponential,5,802,52.793543863560565,19.591541511494878,50.47771785649585,49.28645356969929,17.624767615006746,1.0241702171796945,118.69321236991759,0.9662650602409638,0.9285939882256794,56.307092291329774,,,,-194.5,,True,True,ok,497.0,45.96059799194336,,,
Pos3,Exponential,6,672,46.09212307065798,18.756843016446744,45.79301256742124,44.44809152034078,16.420601914184854,1.030258240592062,107.64182155343748,0.9545454545454546,0.913453783943301,35.166061640543916,,,,-192.0,,True,True,ok,497.0,45.96059799194336,,,
Pos3,Exponential,7,1194,77.83343474842472,20.233274443068762,72.47068372797375,69.78611629805422,18.11897979498233,1.038468503082387,160.25672682060215,0.9320843091334895,0.9656204417126928,46.08662784293045,,,,-198.0,,True,True,ok,497.0,45.96059799194336,,,
Pos3,Exponential,8,561,41.83635128114714,17.2472682872521,40.52159917870962,38.91761751939717,15.789882675750409,1.0412147958058584,95.86084910247575,0.9573378839590444,0.9110682499016854,81.98812092527517,,,,-197.0,,True,True,ok,497.0,45.96059799194336,,,
Pos3,Exponential,9,602,46.299521684424974,16.868025141996597,44.598206241955516,44.26792752304191,14.637711374995527,1.0074609031277033,105.24615881714647,0.9391575663026521,0.93127227559475,75.71990798725886,,,,-196.0,,True,True,ok,497.0,45.96059799194336,,,
Pos3,Exponential,10,1515,93.75965795745722,20.997330158251795,87.23531395025755,86.62041749834773,18.321766634424637,1.0070987472661574,194.15682918734123,0.946875,0.9746009908321748,-61.830981079732986,,,,-197.0,,True,True,ok,497.0,45.96059799194336,,,
Pos3,Exponential,11,973,72.8898743267365,17.61545713157153,67.468511173732,66.08677528975007,15.50358509584718,1.0209079029491734,149.87232942922347,0.9144736842105263,0.9703579453695442,82.1737444064735,,,,-221.0,,True,True,ok,497.0,45.96059799194336,,,
Pos3,Exponential,12,820,63.38911288839456,16.83806622808843,60.728905802755904,59.70418253062055,14.488957061983939,1.0171633414729329,135.94885200137992,0.9371428571428572,0.9640749802620557,74.43207501220205,,,,-177.0,,True,True,ok,497.0,45.96059799194336,,,
Pos3,Exponential,13,924,69.68510112043079,18.046171659521494,65.25335240430181,65.14893401069769,14.91573838887486,1.0016027644226224,147.32556538900218,0.8867562380038387,0.9658860540243742,76.41456432974418,,,,-188.0,,True,True,ok,497.0,45.96059799194336,,,
Pos3,Exponential,14,915,72.98948503036642,16.679480881222087,69.63476143421474,68.53840927348197,13.960411785880316,1.0159961716700792,153.01392208281328,0.9394250513347022,0.9735394634937479,-77.23103335732254,,,,-163.0,,True,True,ok,497.0,45.96059799194336,,,
Pos3,Exponential,15,986,71.47165499721022,18.104351951614507,68.4470598345904,67.7258487176474,15.300501293152497,1.0106489786484594,152.9186373077988,0.9197761194029851,0.9673856451706792,-75.134548368716,,,,-195.5,,True,True,ok,497.0,45.96059799194336,,,
Pos3,Exponential,16,904,63.05743839936693,18.528315703094655,59.53990258641679,58.29147372335906,16.512030253712563,1.0214170063529797,135.43295988020878,0.9556025369978859,0.9558569696501561,-60.07920188944593,,,,-171.5,,True,True,ok,497.0,45.96059799194336,,,
Pos3,Exponential,17,683,53.25943184226364,16.61286986768786,50.99019513592785,50.50066356440782,14.40654986148751,1.0096935671131466,117.44773861426484,0.9204851752021563,0.950107211223324,27.689835878761574,,,,-207.0,,True,True,ok,497.0,45.96059799194336,,,
Pos3,Exponential,18,588,46.600160807593646,16.945241095312888,45.221676218380054,44.61959908611751,14.139643957296155,1.0134935576426967,105.38091183825962,0.9046153846153846,0.9315432565680032,17.9019417965326,,,,-217.0,,True,True,ok,497.0,45.96059799194336,,,
Pos3,Exponential,19,831,67.02820309894109,16.559211309978476,64.03124237432849,61.844880240316364,14.129615987012713,1.0353523545605776,139.82002628945133,0.9305711086226204,0.969003137681713,43.40225075256801,,,,-175.0,,True,True,ok,497.0,45.96059799194336,,,
Pos3,Exponential,20,846,62.93914848965974,17.391740894083842,60.30754513325841,58.14422563165517,15.428603609892507,1.03720609360778,133.9016317995126,0.9537767756482526,0.961063882308963,47.403924181340834,,,,-169.5,,True,True,ok,497.0,45.96059799194336,,,
Pos3,Exponential,21,757,53.71256337901093,18.362202737643724,51.03920062069938,49.00135156815952,16.66481303288517,1.041587609062278,117.02713126810819,0.9498117942283564,0.9397507178605674,39.74126863789208,,,,-221.0,,True,True,ok,497.0,45.96059799194336,,,
Pos3,Exponential,22,843,65.50256324926072,16.682236592109586,61.741396161732524,61.21596167185346,14.508885007418732,1.0085832922579188,138.99515987995522,0.9284140969162996,0.967025210182626,64.2685558478144,,,,-169.0,,True,True,ok,497.0,45.96059799194336,,,
Pos3,Exponential,23,815,61.77229646271418,17.368205777436373,59.135437767890075,57.093744412850796,15.135882258077444,1.0357603687765788,131.4665008171229,0.9240362811791383,0.9596594503232267,-85.59592174330763,,,,-172.0,,True,True,ok,497.0,45.96059799194336,,,
Pos3,Exponential,24,1037,70.73735181208076,19.259478983890684,66.21933252457322,63.666943909278565,17.296267131196224,1.0400896989642168,147.07917931005736,0.9393115942028986,0.9622216122897357,-46.495094046360485,,,,-183.0,,True,True,ok,497.0,45.96059799194336,,,
Pos3,Exponential,25,666,47.65412446445464,18.220919229305046,45.27692569068709,46.05950794706453,15.59230746740553,0.983009322260306,109.91907955143249,0.942008486562942,0.9240144070832375,5.778174398637476,,,,-216.5,,True,True,ok,497.0,45.96059799194336,,,
Pos3,Exponential,26,717,53.9576711628837,17.232574042488544,50.60632371551998,49.337304720664925,15.589765231533791,1.0257212874120285,116.47177090083841,0.9421813403416557,0.9476293949228004,46.864087285225736,,,,-218.0,,True,True,ok,497.0,45.96059799194336,,,
Pos3,Exponential,27,848,59.832279605191125,18.34843924503138,56.71860364994893,54.0012705864559,16.828810342874686,1.0503197986636739,127.21418742899348,0.9517396184062851,0.9518176570608262,-5.215752072942719,,,,-194.0,,True,True,ok,497.0,45.96059799194336,,,
Pos3,Exponential,28,975,64.7881484826256,19.492177099211496,60.8276253029822,57.58967043143676,18.158879025036754,1.0562245772078238,135.90938375528125,0.9643916913946587,0.9536682460057526,-2.9365397520627416,,,,-200.0,,True,True,ok,497.0,45.96059799194336,,,
Pos3,Exponential,29,591,45.75824742291707,16.604270504002823,45.221676218380054,43.707577047282825,14.562987209797313,1.0346415718597093,104.04015330759238,0.9425837320574163,0.9318399838264243,-17.25764526864033,,,,-218.0,,True,True,ok,497.0,45.96059799194336,,,
Pos3,Exponential,30,651,52.869022350766805,16.636121517994038,52.69724850502159,49.590057037377406,13.97249557034024,1.0626575497846718,115.13101237017116,0.9434782608695652,0.9492022225579363,-49.93562389122281,,,,-189.0,,True,True,ok,497.0,45.96059799194336,,,
Pos3,Exponential,31,480,36.1993991854868,17.363086203168677,36.40054944640259,36.51989333033285,14.354310864887896,0.9967320856375248,89.42656249136587,0.9393346379647749,0.8774592305668407,-32.36949956281708,,,,-221.0,,True,True,ok,497.0,45.96059799194336,,,
Pos4,Exponential,1,584,39.824654115413445,18.765625183320655,39.92492955535426,38.52369112083571,16.716096449134774,1.0363734209716131,96.1303551447021,0.9589490968801314,0.882023065158252,64.07591376500442,,,,-241.0,,True,True,ok,494.0,42.995399475097656,,,
Pos4,Exponential,2,671,48.48406206634327,17.952928119429572,46.52956049652737,46.227184307682315,15.652667300562513,1.006541090342697,110.32333861477197,0.9437412095639943,0.9289181389344352,57.3285160760474,,,,-240.0,,True,True,ok,494.0,42.995399475097656,,,
Pos4,Exponential,3,789,63.9940818439844,16.264061045962503,60.40695324215582,58.6260011916775,14.195871054144579,1.0303781942189014,133.45790449007444,0.9206534422403734,0.9671649571545468,-2.257715305121061,,,,-174.0,,True,True,ok,494.0,42.995399475097656,,,
Pos4,Exponential,4,832,64.92696264774575,16.66456192490155,62.289646009589745,59.528543325798836,14.762093160542614,1.0463828363593484,135.90938375528125,0.9486887115165337,0.9665000885168451,-1.6074393617568528,,,,-179.0,,True,True,ok,494.0,42.995399475097656,,,
Pos4,Exponential,5,1252,88.15896443056978,19.174587980763295,81.74350127074322,80.50015469690877,16.25735519736724,1.0154452693726588,179.55958665393183,0.8892045454545454,0.9760602874736717,-82.76071741131747,,,,-229.0,,True,True,ok,494.0,42.995399475097656,,,
Pos4,Exponential,6,976,70.8846773787058,18.726807105609485,64.03124237432849,63.93417702755258,16.140106572703598,1.001518207495407,146.2937811466599,0.8921389396709324,0.964471488725067,-42.82395419675485,,,,-184.0,,True,True,ok,494.0,42.995399475097656,,,
Pos4,Exponential,7,705,55.339192691452894,16.68085071501877,52.55473337388365,51.85860523044872,14.459912594749344,1.013423580143382,120.2245404506138,0.9239842726081258,0.9534885495623361,21.290106303708715,,,,-224.0,,True,True,ok,494.0,42.995399475097656,,,
Pos4,Exponential,8,764,52.7363377979631,18.617429992003675,50.44799302251776,48.97536273265894,16.842703959471724,1.0300687980178411,117.17823257203851,0.9526184538653366,0.935612570111955,-8.174385596317965,,,,-197.5,,True,True,ok,494.0,42.995399475097656,,,
Pos4,Exponential,9,589,46.81911714381166,16.378633592182787,44.204072210600685,44.77121931187925,14.110093653874815,0.9873323284468135,105.65041788048595,0.9408945686900958,0.936813982582482,-41.58614955052651,,,,-208.0,,True,True,ok,494.0,42.995399475097656,,,
Pos4,Exponential,10,484,35.207794674427475,17.57823709456931,35.35533905932738,33.259758993834005,16.25750330662422,1.0630064717510992,85.07896432822199,0.9641434262948207,0.8664457811041392,35.12877465843052,,,,-228.5,,True,True,ok,494.0,42.995399475097656,,,
Pos4,Exponential,11,660,54.25764142510454,15.821257969393308,50.566787519082126,51.27685059198552,13.651236077660121,0.9861523657419323,118.13785200264778,0.9455587392550143,0.9565418678931752,-30.862855011293366,,,,-202.0,,True,True,ok,494.0,42.995399475097656,,,
Pos4,Exponential,12,699,60.43019546405705,15.558844329425712,58.69412236331676,57.76632483768798,12.699633087578237,1.0160612178156687,130.03045751144114,0.8825757575757576,0.9662868132320545,12.328122404147756,,,,-163.0,,True,True,ok,494.0,42.995399475097656,,,
Pos4,Exponential,13,580,51.74901998236427,14.480958051345906,48.507731342539614,48.18205256575089,12.763230679208093,1.006759337957724,110.9345155109576,0.943089430894309,0.9600493992121044,13.977128331704595,,,,-159.0,,True,True,ok,494.0,42.995399475097656,,,
Pos4,Exponential,14,755,59.17022534491941,16.556708800605538,56.32051136131489,54.55249643248039,14.688633446121365,1.0324094229312268,125.87342889832625,0.9461152882205514,0.9600539774344093,0.4724437669944311,,,,-153.0,,True,True,ok,494.0,42.995399475097656,,,
Pos4,Exponential,15,963,69.40477187659343,18.374824386158554,64.77653896280658,63.29994807641774,16.091094041478485,1.0233268893776382,144.9693708988098,0.9,0.9643174354177243,6.341183048798847,,,,-214.0,,True,True,ok,494.0,42.995399475097656,,,
Pos4,Exponential,16,819,63.46760808694895,16.779295204864066,60.440052945046304,58.92176617386375,14.685239143987305,1.0257678421706242,134.60809347071267,0.9338654503990877,0.964419760015096,15.898250304193674,,,,-152.0,,True,True,ok,494.0,42.995399475097656,,,
Pos4,Exponential,17,712,50.41967847359379,18.258998453177092,48.84669896727925,48.339724178270814,15.843456192113695,1.0104877468298905,114.76622155293035,0.9393139841688655,0.932123591191563,-22.543924320452792,,,,-191.5,,True,True,ok,494.0,42.995399475097656,,,
Pos4,Exponential,18,850,58.3783204358301,18.826662808456142,55.60575509783138,53.11114072667177,17.199479254200682,1.0469697004626157,125.85708061550909,0.9550561797752809,0.9465714804591069,42.12449542227198,,,,-214.0,,True,True,ok,494.0,42.995399475097656,,,
Pos4,Exponential,19,656,46.46241163652722,18.259000316126645,44.204072210600685,43.28978113165547,16.50397605643441,1.0211202518248965,105.4203800843583,0.9604685212298683,0.9195451626065549,-48.88878581275494,,,,-203.0,,True,True,ok,494.0,42.995399475097656,,,
Pos4,Exponential,20,547,38.781599348683365,18.27601703120739,37.36308338453881,37.55109260367321,16.03652981854313,0.9949932423772935,93.40936983726893,0.951304347826087,0.8819970863553421,-10.309516934783257,,,,-193.0,,True,True,ok,494.0,42.995399475097656,,,
Pos4,Exponential,21,620,43.90324315659433,18.403358286254328,42.15447781671598,43.401015125097075,15.468503890618205,0.9712786139958217,104.46076065374902,0.9422492401215805,0.9079031822427515,-11.257768652506174,,,,-206.0,,True,True,ok,494.0,42.995399475097656,,,
Pos4,Exponential,22,1180,74.78242875289287,20.380187680801292,70.2353187506115,69.11274456432432,18.089649447418495,1.016242650951915,158.87650004383624,0.958570268074736,0.9621482992334437,-28.54004631239128,,,,-205.5,,True,True,ok,494.0,42.995399475097656,,,
Pos4,Exponential,23,566,40.689468550984905,17.88700139432853,40.22437072223753,39.59042592534279,15.618693915347619,1.0160125783463454,97.01103808311403,0.956081081081081,0.8981947242387948,61.333599583747365,,,,-214.0,,True,True,ok,494.0,42.995399475097656,,,
Pos4,Exponential,24,513,38.48686863014964,17.182427995056408,37.0,37.49265542443454,14.964444983079863,0.9868599484657076,92.06861130660168,0.9517625231910947,0.8948090287968923,79.08394960317565,,,,-215.0,,True,True,ok,494.0,42.995399475097656,,,
Pos4,Exponential,25,757,52.05215256077618,18.670817671090457,50.11985634456667,48.91409714817939,16.69963790559445,1.0246505458893493,116.89237824699504,0.9570164348925411,0.9334550333565684,-28.390815702718093,,,,-218.0,,True,True,ok,494.0,42.995399475097656,,,
Pos4,Exponential,26,810,57.65718546468051,18.20657854510764,55.326304774492215,53.048531443560705,16.35053030340571,1.0429375379289223,124.76270816378667,0.9495896834701055,0.9488347880307472,-86.18108770421743,,,,-192.0,,True,True,ok,494.0,42.995399475097656,,,
Pos4,Exponential,27,952,64.74022732894299,19.332464606668346,60.83584469702052,60.307275305013185,16.788832139956284,1.0087646040935196,139.78055804335267,0.9269717624148004,0.9543733615844987,-27.307612651127275,,,,-227.0,,True,True,ok,494.0,42.995399475097656,,,
Pos4,Exponential,28,779,56.740389465426254,17.71928003242625,54.08326913195984,51.90309049173064,16.077491873719897,1.0420047943113628,122.16012759464951,0.957002457002457,0.949987839592917,-35.23216698717797,,,,-210.0,,True,True,ok,494.0,42.995399475097656,,,
Pos4,Exponential,29,764,53.618958185463384,18.384645963672607,51.40038910358559,49.02661903332744,16.822052014081628,1.0484179842922576,117.25716906423585,0.9573934837092731,0.9393807269746686,-42.22205569215749,,,,-201.5,,True,True,ok,494.0,42.995399475097656,,,
Pos4,Exponential,30,1049,77.03663477931237,17.680044375015438,72.09022125087424,71.54540701749829,15.370676948985263,1.0076149435175161,160.63786592066012,0.9433453237410072,0.9733082428249921,-22.9068004749896,,,,-223.0,,True,True,ok,494.0,42.995399475097656,,,
Pos4,Exponential,31,745,54.475306449387936,17.771315659737187,52.20153254455275,52.26782582092286,15.202419055522077,0.9987316618717366,121.8906215524232,0.9277708592777086,0.9452914609345507,-16.98204824533365,,,,-220.0,,True,True,ok,494.0,42.995399475097656,,,
Pos4,Exponential,32,718,52.72387072825989,17.56075830876957,51.62363799656123,50.138763804089976,15.325548497716285,1.029615293234456,117.77306118540696,0.9397905759162304,0.9429019774187873,-22.68729336395594,,,,-212.0,,True,True,ok,494.0,42.995399475097656,,,
Pos4,Exponential,33,732,53.78557459904268,17.658828728538694,51.07837115648854,50.80856699030411,15.410024280693898,1.0053102101115332,119.20910449108871,0.9506493506493506,0.9445668857964015,20.40170122712574,,,,-200.0,,True,True,ok,494.0,42.995399475097656,,,
Pos4,Exponential,34,777,57.249899231852716,17.468771239137226,55.65968020030299,54.25812087744876,15.238934251041972,1.0258313281069922,125.91289714442492,0.9372738238841978,0.9523100944628144,-16.562464025673545,,,,-202.0,,True,True,ok,494.0,42.995399475097656,,,
Pos4,Exponential,35,714,52.44542731688021,17.600862958343303,49.64876634922564,47.32762249793437,16.289520347478156,1.049044167629434,113.25124175505127,0.9794238683127572,0.9420033798675246,-1.064379683788397,,,,-200.0,,True,True,ok,494.0,42.995399475097656,,,
Pos4,Exponential,36,1042,74.82568916637646,18.111539737562097,70.09279563550022,68.6071340879158,15.987430468124474,1.0216546218893308,155.46540134802012,0.9328558639212176,0.9702638383750483,-13.045608423131746,,,,-190.0,,True,True,ok,494.0,42.995399475097656,,,
Pos4,Exponential,37,681,48.01993545939181,18.30449127503515,47.095647357266465,45.195271258515305,16.334945777156918,1.0420481179962628,109.03839661302055,0.9537815126050421,0.9244986762847912,0.3236928933300407,,,,-190.0,,True,True,ok,494.0,42.995399475097656,,,
Pos4,Exponential,38,968,68.16911201495842,18.467959687832366,64.28841264178172,63.18236909533942,16.21361864489314,1.0175055725557447,144.87408612379534,0.937984496124031,0.9626035846766283,14.808066475881395,,,,-189.0,,True,True,ok,494.0,42.995399475097656,,,
Pos4,Exponential,39,657,54.40335843585533,15.792065411423128,54.20332093147061,51.32228635270728,13.571635423996344,1.056136130782711,118.13785200264779,0.95355587808418,0.9569425433813413,54.984424855159276,,,,-201.0,,True,True,ok,494.0,42.995399475097656,,,
Pos26,Exponential,1,84,11.900962763298823,9.001245141910132,12.649110640673518,12.02128855699975,8.1829828723873,1.0522258558803332,33.38421024556794,0.9333333333333333,0.6541718308242683,-60.98315092490188,,,,-74.0,,True,True,ok,533.0,57.8213996887207,,,
Pos26,Exponential,2,74,9.9037635210397,9.558182748546113,10.770329614269007,11.197397569870851,7.763941353240668,0.9618600703478666,31.258053551503245,0.925,0.26185909241415584,-39.528092678230195,,,,-77.0,,True,True,ok,533.0,57.8213996887207,,,
Pos26,Exponential,3,56,10.130513169315899,7.0523008886657905,10.295630140987,9.010630518257987,7.58515441430585,1.1426092902294969,26.68041759223172,0.9824561403508771,0.717901702084925,-54.8510772613859,,,,-57.0,,True,True,ok,533.0,57.8213996887207,,,
Pos26,Exponential,4,1142,86.7621620134184,17.542437355958644,79.20227269466452,79.54660484726556,14.96015077984453,0.9956713155355633,176.17160792139725,0.9049128367670365,0.9793463245396089,25.704919935456957,,,,-210.0,,True,True,ok,533.0,57.8213996887207,,,
Pos26,Exponential,5,1238,75.59926428298657,21.487288825119396,70.77428911688199,70.80879816401225,18.523618052555243,0.9995126446426852,162.7640226147248,0.9343396226415094,0.9587572623836993,-23.302846693787394,,,,-202.0,,True,True,ok,533.0,57.8213996887207,,,
Pos26,Exponential,6,761,55.96886757713291,17.474370088183473,54.037024344425184,50.29661418444582,16.258040497123226,1.0743670368399485,119.15328796217287,0.9706632653061225,0.9500111761703214,42.26394929596705,,,,-204.0,,True,True,ok,533.0,57.8213996887207,,,
Pos26,Exponential,7,740,53.746867163755525,17.80243242508235,51.419840528729765,50.32973815327054,15.762424329461117,1.021659210150061,118.65374412381891,0.9450830140485313,0.9435509748149397,13.228149264022734,,,,-202.5,,True,True,ok,533.0,57.8213996887207,,,
Pos26,Exponential,8,837,57.32459820205681,19.023731566405328,54.230987451824994,52.26694496582402,17.2333430869625,1.0375771433988579,124.20734779651687,0.9404494382022472,0.943328708070284,-3.20015141431914,,,,-183.0,,True,True,ok,533.0,57.8213996887207,,,
Pos26,Exponential,9,992,74.80654893466625,17.351622847434108,69.02897942168927,67.05656097523347,15.569240971461452,1.0294142499670433,151.88685306545653,0.9376181474480151,0.9727269326325704,-49.19015339320202,,,,-222.0,,True,True,ok,533.0,57.8213996887207,,,
Pos26,Exponential,10,1032,68.86228463685798,19.412850486903867,65.0,63.76216619374605,17.17833711509477,1.0194132960052313,147.13499583897317,0.9537892791127541,0.9594413494828685,-23.30751025319415,,,,-199.5,,True,True,ok,533.0,57.8213996887207,,,
Pos26,Exponential,11,900,61.773996113183124,18.857063693004175,58.59180830116101,57.86447320166882,16.572124263399203,1.0125696314033186,134.64756171681134,0.9453781512605042,0.9522693884862037,28.428601285846245,,,,-247.0,,True,True,ok,533.0,57.8213996887207,,,
Pos26,Exponential,12,732,52.89331431620405,17.892312853529464,51.10772935672255,49.64107158823704,15.82903551976556,1.0295452479481335,117.35245383925033,0.9568627450980393,0.9410484779108296,32.65298919935645,,,,-208.0,,True,True,ok,533.0,57.8213996887207,,,
Pos26,Exponential,13,789,57.94691406674677,17.549546819741963,55.02726596879042,54.081477260825466,15.54840298503888,1.0174882188111019,125.91289714442493,0.9494584837545126,0.9530364588539796,18.848416298480732,,,,-227.0,,True,True,ok,533.0,57.8213996887207,,,
Pos26,Exponential,14,794,57.5209342845846,17.96979237290358,54.91812087098393,53.344163240165486,15.901747544160385,1.0295057141253146,124.841644655984,0.9531812725090036,0.949949207729684,36.130076282490144,,,,-210.0,,True,True,ok,533.0,57.8213996887207,,,
Pos26,Exponential,15,484,39.791848775067464,16.119539736255796,40.22437072223753,38.00801748284364,13.811162822651065,1.058312782043797,91.78275698155821,0.9603174603174603,0.9142739217122859,40.64590556194901,,,,-258.5,,True,True,ok,533.0,57.8213996887207,,,
Pos26,Exponential,16,1245,79.17277309280718,20.69601290740386,74.09453421137081,73.0789460525252,17.986381799229562,1.013897137461666,166.69101343171204,0.9375,0.965229707909829,58.542695101491795,,,,-232.0,,True,True,ok,533.0,57.8213996887207,,,
Pos26,Exponential,17,1140,75.81702506405472,19.815814793116832,71.47027354082255,71.1182293434655,16.890517043454665,1.004950126017014,161.51854885907204,0.9223300970873787,0.9652404051676318,19.21038611928494,,,,-223.0,,True,True,ok,533.0,57.8213996887207,,,
Pos26,Exponential,18,451,35.21073453948112,16.379898215063875,34.92849839314596,33.38695874205476,14.943660538472335,1.0461719099065303,83.83349057256923,0.9555084745762712,0.8852076254822119,21.91550048300582,,,,-208.0,,True,True,ok,533.0,57.8213996887207,,,
Pos26,Exponential,19,881,49.922914074853104,22.73563822060621,51.54609587543949,48.77019200650702,19.78715577010195,1.0569180426552782,120.1292556755993,0.9596949891067538,0.8902793278732515,-68.45867132825549,,,,-137.0,,True,True,ok,533.0,57.8213996887207,,,
Pos26,Exponential,20,491,41.1777497375692,16.533460771419726,40.607881008493905,41.51149083482577,12.656118590361412,0.978232296451907,97.47111367536934,0.8894927536231884,0.9158526963398521,39.01269851881964,,,,-134.0,,True,True,ok,533.0,57.8213996887207,,,
Pos26,Exponential,21,640,45.214219019337094,18.372495153324056,43.657759905886145,44.56997684490131,15.519081735965221,0.979532927688305,106.85642339004005,0.9538002980625931,0.9137204819464849,-29.170264749831656,,,,-210.0,,True,True,ok,533.0,57.8213996887207,,,
Pos26,Exponential,22,639,43.52509326628353,18.97503510832303,41.6293165929973,42.2146007744694,16.525178032665877,0.9861355035761449,103.29422339029361,0.9609022556390977,0.8999678743088892,-35.494281101074996,,,,-201.0,,True,True,ok,533.0,57.8213996887207,,,
Pos26,Exponential,23,842,61.76821432062714,17.583971310044785,58.59180830116101,57.16607773861267,15.648249765978436,1.0249401501545616,132.19608245160452,0.9546485260770975,0.9586235848701657,60.635631782034665,,,,-241.0,,True,True,ok,533.0,57.8213996887207,,,
Pos26,Exponential,24,922,62.50484905181936,19.019674071207415,60.74537019394976,59.802781452635486,16.380171620323456,1.0157616204199602,138.30504649157226,0.9257028112449799,0.9525790674509855,-20.50553999333251,,,,-202.5,,True,True,ok,533.0,57.8213996887207,,,
Pos26,Exponential,25,881,59.22694754764424,19.335324074148513,58.9406481131655,56.59560330344442,16.61311286383926,1.0414351057828262,132.15661420550583,0.9514038876889849,0.9452104652214628,-15.068827424228818,,,,-223.0,,True,True,ok,533.0,57.8213996887207,,,
Pos26,Exponential,26,1217,88.89962095340799,17.960618021335627,82.0792300158816,82.16846955515868,15.43309710736476,0.9989139442445478,181.95524939022286,0.9226686884003032,0.9793788054793579,-69.24726051544371,,,,-237.0,,True,True,ok,533.0,57.8213996887207,,,
Pos26,Exponential,27,807,61.35362638125355,17.065408213751898,58.249463516842795,56.3021733042008,15.215842813548255,1.0345864128924611,129.97464098252533,0.9460726846424384,0.9605381361948736,-35.746776703484414,,,,-200.0,,True,True,ok,533.0,57.8213996887207,,,
Pos26,Exponential,28,1047,80.14390882976043,17.08722734067982,73.824115301167,72.86797164566502,15.03411246606974,1.0131215901020467,162.89877563583798,0.9423942394239424,0.977007090616704,-61.39621813566309,,,,-196.0,,True,True,ok,533.0,57.8213996887207,,,
Pos26,Exponential,29,862,58.122552005921506,19.422648595759654,54.817880294662984,52.77128794913115,17.593374359901997,1.0387823080517695,125.62704281938144,0.9535398230088495,0.9425138215900389,42.7285067728091,,,,-218.5,,True,True,ok,533.0,57.8213996887207,,,
Pos26,Exponential,30,673,53.392530799284835,16.27665996310544,51.35172830587107,48.491240156152585,14.855451966864951,1.058989791568685,113.94135514343424,0.9492242595204513,0.9524006947181684,-85.27644929129337,,,,-200.0,,True,True,ok,533.0,57.8213996887207,,,
Pos27,Exponential,1,1010,77.4251423431796,17.066712678006393,72.40165743959182,70.68347286953592,14.969391143916988,1.0243081515424013,158.4558926976796,0.9369202226345084,0.9754031216315713,-35.203911498356064,,,,-218.5,,True,True,ok,546.0,63.751800537109375,,,
Pos27,Exponential,2,976,70.33195120187689,18.15363015891131,66.37017402418047,64.59504142743731,15.955270007255876,1.0274809421515312,147.4045018811995,0.9411764705882353,0.9661145849365561,-35.54047691981601,,,,-243.0,,True,True,ok,546.0,63.751800537109375,,,
Pos27,Exponential,3,805,62.450951090355595,16.831790219165676,60.92618484691127,59.780296343299334,14.188677295546581,1.0191683309335147,135.75828245135094,0.9393232205367561,0.9629947478104157,25.534795343128902,,,,-225.0,,True,True,ok,546.0,63.751800537109375,,,
Pos27,Exponential,4,946,69.31486742999687,18.052125525415967,65.92419889539804,65.57262023559865,15.180996342212321,1.0053616686131526,148.4757543696404,0.9104908565928778,0.9654909626732457,23.85743293885618,,,,-237.0,,True,True,ok,546.0,63.751800537109375,,,
Pos27,Exponential,5,710,48.61708707403529,19.021034904952693,45.79301256742124,47.30300903638941,16.200281527904433,0.9680782153243876,113.10014045112095,0.9232769830949284,0.92028793436693,-30.13664090416136,,,,-244.5,,True,True,ok,546.0,63.751800537109375,,,
Pos27,Exponential,6,398,35.006033932307595,14.640928448194199,34.438350715445125,33.53517196193253,12.93959183190448,1.026932283351278,81.8420868996177,0.9498806682577565,0.9083364945392802,-30.14143076027894,,,,-239.5,,True,True,ok,546.0,63.751800537109375,,,
Pos27,Exponential,7,835,50.62950796626303,21.41714273869898,48.27007354458868,50.223911629711296,18.011779674588922,0.9610974529517377,121.00993861401126,0.9521094640820981,0.9061217439807935,-19.022662834830946,,,,-231.0,,True,True,ok,546.0,63.751800537109375,,,
Pos27,Exponential,8,796,57.17983760673635,18.048778666774258,54.42425929675111,53.1458775913767,16.01305279384966,1.0240542025705834,124.57213861375769,0.9498806682577565,0.9488759069639575,-19.721136133465667,,,,-226.0,,True,True,ok,546.0,63.751800537109375,,,
Pos27,Exponential,9,448,32.777332202370346,17.705329265061163,32.28002478313795,33.975469193992396,14.517144553141486,0.9500979838961505,84.52360396095219,0.9451476793248945,0.8415559672071631,30.174622990547057,,,,-239.5,,True,True,ok,546.0,63.751800537109375,,,
Pos27,Exponential,10,605,49.7386568544294,15.796598736174628,49.39635614091387,46.56913805653126,13.87912222561966,1.0607101226771816,108.98258008410474,0.94679186228482,0.948227468168299,37.17363022388015,,,,-263.0,,True,True,ok,546.0,63.751800537109375,,,
Pos27,Exponential,11,979,74.02471845019738,17.747158855145923,68.96375859826666,67.95875943501781,15.128535056424155,1.0147883682928296,153.1881433500251,0.8965201465201466,0.9708355522665159,31.043812572775277,,,,-231.0,,True,True,ok,546.0,63.751800537109375,,,
Pos27,Exponential,12,746,57.66418598306248,16.673652422052125,54.405882034941776,51.8742831867323,15.356509371049565,1.0488025798659513,121.27944465623759,0.9601029601029601,0.9572835241052368,-39.639036810846626,,,,-202.5,,True,True,ok,546.0,63.751800537109375,,,
Pos27,Exponential,13,1030,85.01702100029428,16.142738158821473,78.81624198095213,77.66980321476373,13.786417915301705,1.0147604180612946,171.0780798409546,0.8902333621434745,0.98180797404794,53.944962438819296,,,,-246.5,,True,True,ok,546.0,63.751800537109375,,,
Pos27,Exponential,14,500,37.54005387246713,17.216080949282997,36.68787265568828,36.92670430820198,14.816066267107221,0.9935322781442847,90.7673210220331,0.9541984732824428,0.8886398901225496,23.523608977221862,,,,-233.0,,True,True,ok,546.0,63.751800537109375,,,
Pos27,Exponential,15,624,45.3160297681244,18.07747704095435,45.39823785126467,45.2967391896468,14.81578398375736,1.0022407498516155,107.50706853232433,0.9355322338830585,0.9169856706150978,-75.1692826255091,,,,-242.0,,True,True,ok,546.0,63.751800537109375,,,
Pos27,Exponential,16,639,41.68691729235106,19.90803135901084,41.0,42.279687599375166,16.49461645302771,0.9697328038111124,103.3895081653081,0.9494799405646359,0.8785987847967998,-65.04525421948173,,,,-242.0,,True,True,ok,546.0,63.751800537109375,,,
Pos27,Exponential,17,979,79.4434878289805,16.197306175245924,73.348483283569,72.95289664658485,13.995838474346348,1.0054224938990501,161.88333967631286,0.9209783631232361,0.978994922037932,25.632013808466244,,,,-234.0,,True,True,ok,546.0,63.751800537109375,,,
Pos27,Exponential,18,982,74.12458744578171,17.75313919673196,68.6804193347711,67.82486300893517,15.210500882552452,1.0126141990986879,153.01392208281328,0.8919164396003633,0.9708953641366932,77.39728115784192,,,,-245.0,,True,True,ok,546.0,63.751800537109375,,,
Pos27,Exponential,19,810,56.39919886856478,18.53365281895004,53.46026561849464,50.99198277599478,17.11807195127131,1.048405312131966,121.52583073518238,0.9642857142857143,0.9444637797263303,87.41306641546774,,,,-265.0,,True,True,ok,546.0,63.751800537109375,,,
Pos27,Exponential,20,896,68.37383942395189,17.002917305706212,63.41135544995076,60.38389176720063,15.71622063622477,1.0501369420576927,138.70930555491177,0.9572649572649573,0.9685867851685275,41.78322682159324,,,,-255.0,,True,True,ok,546.0,63.751800537109375,,,
Pos27,Exponential,21,619,46.39502655236546,17.22443168005338,46.17358552246078,44.38301787220607,15.040598244150097,1.0403435308389883,105.93627220552942,0.9493865030674846,0.9285305526626331,72.18390186645516,,,,-225.0,,True,True,ok,546.0,63.751800537109375,,,
Pos27,Exponential,22,646,49.5305262673116,16.808079420781418,47.80167361086848,45.76913158627965,15.197217748358904,1.0444085774438887,108.88729530909023,0.9656203288490284,0.9406609440845597,-44.619114014061715,,,,-228.5,,True,True,ok,546.0,63.751800537109375,,,
Pos27,Exponential,23,664,48.61174206593877,17.646913533699486,47.01063709417264,45.70147073144373,15.684194476949735,1.028646044465877,109.30790265524688,0.9445234708392604,0.9317823178453211,59.04369852159141,,,,-233.0,,True,True,ok,546.0,63.751800537109375,,,
Pos27,Exponential,24,971,68.04684590198544,18.690942156070424,63.071388124885914,63.307241151974274,16.230929485931277,0.9962744699848446,145.14359216602165,0.9291866028708134,0.9615363922012877,-27.326870605463668,,,,-232.0,,True,True,ok,546.0,63.751800537109375,,,
Pos27,Exponential,25,695,51.09645440550154,17.527572606012964,49.64876634922564,47.66132176695238,15.690579193903723,1.0416993173624345,113.23489347223412,0.9586206896551724,0.9393247637923122,-41.937654204686176,,,,-245.0,,True,True,ok,546.0,63.751800537109375,,,
Pos27,Exponential,26,610,46.730893416876356,16.922544967236682,44.94441010848846,45.49568770249891,14.383771917835347,0.9878828605116311,107.41178375730983,0.9472049689440993,0.9321285435212767,61.81104583737964,,,,-255.0,,True,True,ok,546.0,63.751800537109375,,,
Pos27,Exponential,27,721,57.55375347634513,16.448803103295063,53.71219600798314,54.55262691916961,13.986099650838863,0.9845941257341881,125.07168245211165,0.9339378238341969,0.9582895973144486,55.839917254648405,,,,-252.0,,True,True,ok,546.0,63.751800537109375,,,
Pos27,Exponential,28,529,43.79701210117454,15.730547578978712,44.14748010928823,43.75167813103151,12.908249607483771,1.00904655535889,102.23931918466982,0.9280701754385965,0.9332723746907022,80.35116466609016,,,,-166.0,,True,True,ok,546.0,63.751800537109375,,,
Pos27,Exponential,29,719,50.05609195057795,18.667337226309943,47.20169488482379,46.27982155095576,16.85295276221534,1.0199195524739224,111.79885016655237,0.9676985195154778,0.9278601318056807,-47.635503857092345,,,,-225.0,,True,True,ok,546.0,63.751800537109375,,,
Pos27,Exponential,30,865,62.193861248237795,18.399999740157604,58.69412236331676,58.34073026907614,15.737751221649669,1.0060573820829928,134.64756171681134,0.9221748400852878,0.9552346791717043,-63.15026964305718,,,,-234.0,,True,True,ok,546.0,63.751800537109375,,,
Pos27,Exponential,31,984,64.46511969749373,19.814952852147425,60.8276253029822,59.537950601212955,17.650163050976648,1.0216613888913901,139.22519767608287,0.9488910318225651,0.9515885331106865,-29.702973015895086,,,,-212.5,,True,True,ok,546.0,63.751800537109375,,,
Pos27,Exponential,32,830,63.240925486370514,17.09426306160913,60.01666435249463,58.3663725588267,15.053736471268051,1.02827470204705,133.91798008232973,0.9325842696629213,0.962775077931798,-80.30142149423862,,,,-223.0,,True,True,ok,546.0,63.751800537109375,,,
Pos27,Exponential,33,863,66.10397375210925,17.11812863114075,61.814237842102365,60.86647271425876,14.96855566693761,1.015571218202391,138.82093861274336,0.9269602577873255,0.9658886808888217,82.92401006464043,,,,-229.0,,True,True,ok,546.0,63.751800537109375,,,
Pos27,Exponential,34,925,68.44047369706777,17.477498651075,64.4980619863884,62.87042817298924,15.536763189969728,1.0258887025378718,143.47751106421225,0.9565667011375388,0.966843961576528,58.74995345448326,,,,-236.0,,True,True,ok,546.0,63.751800537109375,,,
Pos27,Exponential,35,876,61.025967035673176,18.591745321932137,58.180752831155424,56.891675184177984,16.413958687862927,1.0226584582507765,132.52140502274665,0.9429494079655544,0.9524634038883261,63.8293222601621,,,,-245.0,,True,True,ok,546.0,63.751800537109375,,,
Pos27,Exponential,36,1083,82.64057051570268,17.371521361130526,76.24303246854758,76.06951763401193,14.859931981387813,1.0022810034811904,169.10302445082021,0.907035175879397,0.9776571748531617,73.11376084377852,,,,-228.0,,True,True,ok,546.0,63.751800537109375,,,
Pos27,Exponential,37,1109,81.24508737945003,19.478942400566083,74.16872656315464,74.0761681796717,15.683685556840546,1.0012495028530424,166.0567165722449,0.8623639191290824,0.9708333449741049,-0.2476817026188298,,,,-238.0,,True,True,ok,546.0,63.751800537109375,,,
Pos27,Exponential,38,704,51.859946071812175,17.633420608445558,51.42956348249516,49.61490706171253,15.186889559870625,1.0365748225331857,116.56705567585288,0.9424364123159303,0.9404181924635339,29.645022344415313,,,,-216.0,,True,True,ok,546.0,63.751800537109375,,,
Pos27,Exponential,39,823,60.54009130149349,17.58001232741048,56.85068161420758,55.33982289603463,15.845397764272828,1.0273014736785724,128.76863547297125,0.9569767441860465,0.9569095068630865,46.62913985763237,,,,-214.0,,True,True,ok,546.0,63.751800537109375,,,
Pos27,Exponential,40,635,44.735393853883274,18.34217285164106,43.46262762420146,42.34100608434669,16.35261727711152,1.0264901957601198,103.35003991920942,0.9606656580937972,0.912078876434231,-16.168253459332433,,,,-230.0,,True,True,ok,546.0,63.751800537109375,,,
Pos27,Exponential,41,634,45.19837871374097,18.077730485751815,44.01136216933077,42.738345040770284,16.142982478897956,1.029786299103208,103.90540028647922,0.9591527987897126,0.9165307905378105,-14.330984890903677,,,,-226.5,,True,True,ok,546.0,63.751800537109375,,,
Pos27,Exponential,42,616,46.049488549613336,17.3443676367214,43.73785545725808,42.96522740650008,15.543992527940416,1.0179826361314943,103.67536249035157,0.9447852760736196,0.9263571637519783,7.502173168551356,,,,-235.0,,True,True,ok,546.0,63.751800537109375,,,
Pos27,Exponential,43,731,58.10564967010554,16.572261649649576,55.94640292279746,55.133897268569356,14.024173486210813,1.0147369530267416,126.27768796166573,0.922979797979798,0.9584653116035637,30.964054142468914,,,,-221.0,,True,True,ok,546.0,63.751800537109375,,,
Pos27,Exponential,44,1012,73.78376387140584,17.852268486929077,68.5054742338158,66.56204388964677,16.03259239305193,1.0291972756634553,151.42677747320124,0.9431500465983225,0.9702877492937281,-36.43114451873844,,,,-222.0,,True,True,ok,546.0,63.751800537109375,,,
Pos27,Exponential,45,603,50.05271513277559,15.501950364073599,48.54894437575342,47.630948155659155,13.478332070735894,1.0192731040560905,110.64866118591411,0.9421875,0.9508302592163445,32.91139788671906,,,,-210.0,,True,True,ok,546.0,63.751800537109375,,,
Pos27,Exponential,46,630,47.295192972162354,17.303312426956623,45.17742799230607,44.29116455322299,15.368452655982724,1.0200099376032006,106.1268417555584,0.9431137724550899,0.9306707870543508,4.815567272970261,,,,-238.0,,True,True,ok,546.0,63.751800537109375,,,
Pos27,Exponential,47,707,54.15218940201776,16.93225825417136,51.62363799656123,50.887686636215506,14.819505928220195,1.0144622679668438,118.69321236991757,0.9515477792732167,0.9498588188256867,56.610060352925196,,,,-230.0,,True,True,ok,546.0,63.751800537109375,,,
Pos27,Exponential,48,966,76.02000165096804,16.539443904694707,71.84705978674423,69.40509044641124,14.575139494861654,1.0351842973566683,155.44905306520297,0.9396887159533074,0.9760453879480905,-36.075639133048654,,,,-175.0,,True,True,ok,546.0,63.751800537109375,,,
Pos27,Exponential,49,430,37.70678257564636,15.26928494284642,38.62641583165593,37.067148919862476,12.50606216431197,1.0420660060789817,88.41112653184076,0.945054945054945,0.914339731222951,23.21362542152415,,,,-216.0,,True,True,ok,546.0,63.751800537109375,,,
Pos27,Exponential,50,926,72.02808551739145,16.851090854965683,67.67569726275453,66.08863147999222,14.71456144640361,1.0240142025522616,148.9752982079944,0.9353535353535354,0.972248227746295,-37.162027298449026,,,,-187.0,,True,True,ok,546.0,63.751800537109375,,,
Pos27,Exponential,51,375,36.592415550258494,13.220094964252974,36.05551275463989,34.92716465046287,11.557330074573986,1.0323057458419278,83.04809240917179,0.9305210918114144,0.9324575147607538,71.35498861552517,,,,-122.0,,True,True,ok,546.0,63.751800537109375,,,
Pos27,Exponential,52,775,60.51825152464983,16.65385432964193,56.293871780150276,55.07920152449788,14.940341746563453,1.0220531565823832,127.2141874289935,0.9348612786489746,0.9613906329288678,83.26035396012271,,,,-228.0,,True,True,ok,546.0,63.751800537109375,,,
