position,trench,track_id,event_type,frame,time_h,time_h_post_drug,has_time,G,D,daughters,L_pre,L_products,delta_dip,n_obs,confirmed_by
Pos7,7,r7c1,division,6.0,1.0,-2.0,True,,,r7c12,140.7528055578202,140.75171643536737,1.5291335852638928,,mask+YFP
Pos7,18,r18c4,division,7.0,1.1666666666666667,-1.8333333333333333,True,,,r18c7,114.39840434319656,116.71716547342174,0.6986365569547638,,mask+YFP
Pos7,16,r16c2,division,8.0,1.3333333333333333,-1.6666666666666667,True,,,r16c4,136.1281405909046,145.66219064809292,0.3938841359828882,,mask+YFP
Pos7,16,r16c4,division,13.0,2.1666666666666665,-0.8333333333333334,True,,,r16c6,119.302225207884,131.39492836177365,1.17124618226539,,mask+YFP
Pos7,16,r16c1,division,14.0,2.3333333333333335,-0.6666666666666666,True,,,r16c7,106.35890085017655,110.2862815874158,0.3242989262542045,,mask+YFP
Pos7,28,r28c16,halt,19.0,3.1666666666666665,0.16666666666666666,True,0.0159112519718926,0.0,,,,,14.0,fate=HALTED
Pos7,11,r11c15,halt,20.0,3.3333333333333335,0.3333333333333333,True,0.0356228623045966,0.0,,,,,16.0,fate=HALTED
Pos7,19,r19c23,halt,20.0,3.3333333333333335,0.3333333333333333,True,0.0177167214094406,0.0,,,,,16.0,fate=HALTED
Pos7,26,r26c18,halt,20.0,3.3333333333333335,0.3333333333333333,True,0.0822833036662933,0.0,,,,,16.0,fate=HALTED
Pos7,26,r26c24,halt,20.0,3.3333333333333335,0.3333333333333333,True,-0.3322795954775936,0.0,,,,,14.0,fate=HALTED
Pos7,2,r2c25,halt,20.0,3.3333333333333335,0.3333333333333333,True,-0.0760532035778336,0.0,,,,,14.0,fate=HALTED
Pos7,16,r16c11,halt,21.0,3.5,0.5,True,0.0645276361043838,0.0,,,,,16.0,fate=HALTED
Pos7,19,r19c26,halt,21.0,3.5,0.5,True,0.1237835815976264,0.0,,,,,16.0,fate=HALTED
Pos7,26,r26c22,halt,21.0,3.5,0.5,True,0.1313911875861553,0.0,,,,,16.0,fate=HALTED
Pos7,29,r29c24,halt,21.0,3.5,0.5,True,0.1162757869481492,0.0,,,,,16.0,fate=HALTED
Pos7,11,r11c16,halt,22.0,3.6666666666666665,0.6666666666666666,True,0.0105700764079603,0.0,,,,,16.0,fate=HALTED
Pos7,7,r7c18,halt,22.0,3.6666666666666665,0.6666666666666666,True,0.0948888993131129,0.0,,,,,16.0,fate=HALTED
Pos7,7,r7c24,halt,22.0,3.6666666666666665,0.6666666666666666,True,-0.0813565326234062,0.0,,,,,16.0,fate=HALTED
Pos7,16,r16c10,halt,24.0,4.0,1.0,True,-0.3070336384689818,0.0,,,,,16.0,fate=HALTED
Pos7,18,r18c15,halt,24.0,4.0,1.0,True,0.0017448817693148,0.0,,,,,16.0,fate=HALTED
Pos7,28,r28c21,halt,24.0,4.0,1.0,True,-0.0129253323001883,0.0,,,,,15.0,fate=HALTED
Pos7,8,r8c34,halt,24.0,4.0,1.0,True,-0.1044844211011244,0.0,,,,,13.0,fate=HALTED
Pos7,24,r24c18,halt,,,,False,0.0732383571328765,0.0,,,,,16.0,fate=HALTED
Pos7,26,r26c23,halt,,,,False,-0.0750824862707109,0.0,,,,,15.0,fate=HALTED
Pos7,2,r2c15,halt,,,,False,-0.0539803995987906,0.0,,,,,16.0,fate=HALTED
Pos8,25,r25c2,division,7.0,1.1666666666666667,-1.8333333333333333,True,,,r25c4,106.22437811117902,112.5480452829948,0.4185621264456277,,mask+YFP
Pos8,4,r4c6,division,13.0,2.1666666666666665,-0.8333333333333334,True,,,r4c14,91.10628638163207,91.24657296941383,0.6161134984933998,,mask+YFP
Pos8,4,r4c8,division,13.0,2.1666666666666665,-0.8333333333333334,True,,,r4c15,99.12308743310008,102.91227145119213,1.0234106200589346,,mask+YFP
Pos8,25,r25c4,division,14.0,2.3333333333333335,-0.6666666666666666,True,,,r25c8,112.37002012807052,116.83391720961086,0.5382472269223068,,mask+YFP
Pos8,25,r25c5,division,14.0,2.3333333333333335,-0.6666666666666666,True,,,r25c7,99.98711995823052,105.22203976515048,0.3180526147476714,,mask+YFP
Pos8,27,r27c5,division,14.0,2.3333333333333335,-0.6666666666666666,True,,,r27c9,101.03712212475416,110.69582245496152,0.2722633748917192,,mask+YFP
Pos8,9,r9c6,division,16.0,2.6666666666666665,-0.3333333333333333,True,,,r9c8,132.74508965717158,137.22788697861793,0.4963602494293685,,mask+YFP
Pos8,9,r9c7,division,17.0,2.8333333333333335,-0.16666666666666666,True,,,r9c9,134.91870561257423,144.34470633476457,0.313574376391081,,mask+YFP
Pos8,4,r4c6,halt,19.0,3.1666666666666665,0.16666666666666666,True,0.135483057726709,0.0,,,,,14.0,fate=HALTED
Pos8,26,r26c5,halt,20.0,3.3333333333333335,0.3333333333333333,True,-0.16839979937351,0.0,,,,,15.0,fate=HALTED
Pos8,11,r11c38,halt,21.0,3.5,0.5,True,0.0265255357444429,0.0,,,,,16.0,fate=HALTED
Pos8,13,r13c8,halt,21.0,3.5,0.5,True,-0.0087665528972591,0.0,,,,,15.0,fate=HALTED
Pos8,4,r4c14,halt,21.0,3.5,0.5,True,0.0664582801567243,0.0,,,,,16.0,fate=HALTED
Pos8,15,r15c26,halt,22.0,3.6666666666666665,0.6666666666666666,True,-0.2936046097334066,0.0,,,,,16.0,fate=HALTED
Pos8,18,r18c14,halt,22.0,3.6666666666666665,0.6666666666666666,True,0.0718293126372016,0.0,,,,,15.0,fate=HALTED
Pos8,18,r18c27,halt,22.0,3.6666666666666665,0.6666666666666666,True,0.0094405428098465,0.0,,,,,15.0,fate=HALTED
Pos8,2,r2c34,halt,23.0,3.8333333333333335,0.8333333333333334,True,-0.0220212028398383,0.0,,,,,14.0,fate=HALTED
Pos8,9,r9c7,halt,24.0,4.0,1.0,True,0.0704108387222337,0.0,,,,,14.0,fate=HALTED
Pos8,27,r27c13,halt,27.0,4.5,1.5,True,-0.0052593859444964,0.0,,,,,15.0,fate=HALTED
Pos8,9,r9c8,halt,27.0,4.5,1.5,True,0.108155256984487,0.0,,,,,16.0,fate=HALTED
Pos8,9,r9c10,halt,29.0,4.833333333333333,1.8333333333333333,True,-0.0105832913245285,0.0,,,,,14.0,fate=HALTED
Pos8,27,r27c3,halt,,,,False,0.0369387131873151,0.0,,,,,16.0,fate=HALTED
Pos8,5,r5c14,halt,,,,False,0.0691009917122147,0.0,,,,,16.0,fate=HALTED
Pos8,5,r5c7,halt,,,,False,-0.0860498920201249,0.0,,,,,14.0,fate=HALTED
Pos9,1,r1c1,division,8.0,1.3333333333333333,-1.6666666666666667,True,,,r1c4,100.52631810933006,104.52424082243368,0.2614827227042356,,mask+YFP
Pos9,21,r21c1,division,8.0,1.3333333333333333,-1.6666666666666667,True,,,r21c8,162.35285207154013,170.37901894375105,0.4062589919421152,,mask+YFP
Pos9,2,r2c3,division,9.0,1.5,-1.5,True,,,r2c8,106.32336989547773,112.03182514690847,0.6970758831312057,,mask+YFP
Pos9,1,r1c1,division,13.0,2.1666666666666665,-0.8333333333333334,True,,,r1c8,81.00333910052156,85.38883700028973,0.2550065401361163,,mask+YFP
Pos9,4,r4c16,halt,19.0,3.1666666666666665,0.16666666666666666,True,0.0549455184402551,0.0,,,,,12.0,fate=HALTED
Pos9,21,r21c30,halt,,,,False,0.140191264099295,0.0,,,,,11.0,fate=HALTED
Pos10,1,r1c5,division,3.0,0.5,-2.5,True,,,r1c7,89.66096864784302,87.4172797846704,0.2117605900572973,,mask+YFP
Pos10,12,r12c5,division,12.0,2.0,-1.0,True,,,r12c10,110.39704502408009,124.20612982633936,1.2220895127311715,,mask+YFP
Pos10,11,r11c1,division,13.0,2.1666666666666665,-0.8333333333333334,True,,,r11c4,173.10092978526885,190.517194050172,0.5685122600231663,,mask+YFP
Pos10,12,r12c9,division,16.0,2.6666666666666665,-0.3333333333333333,True,,,r12c11,88.18422531506165,97.89711385972974,0.4190632293204503,,mask+YFP
Pos10,11,r11c4,division,17.0,2.8333333333333335,-0.16666666666666666,True,,,r11c8,91.58872170476124,100.0102342799302,0.4164172762523955,,mask+YFP
Pos10,12,r12c1,halt,22.0,3.6666666666666665,0.6666666666666666,True,-0.1876660861880426,0.0,,,,,16.0,fate=HALTED
Pos10,12,r12c11,halt,22.0,3.6666666666666665,0.6666666666666666,True,-0.0946444097530632,0.0,,,,,16.0,fate=HALTED
Pos10,21,r21c19,halt,22.0,3.6666666666666665,0.6666666666666666,True,-0.0990199977058381,0.0,,,,,14.0,fate=HALTED
Pos10,2,r2c31,halt,22.0,3.6666666666666665,0.6666666666666666,True,-0.1346535480307951,0.0,,,,,16.0,fate=HALTED
Pos10,5,r5c20,halt,22.0,3.6666666666666665,0.6666666666666666,True,0.0817562083386942,0.0,,,,,14.0,fate=HALTED
Pos10,1,r1c29,halt,24.0,4.0,1.0,True,0.1138941033102627,0.0,,,,,13.0,fate=HALTED
Pos10,23,r23c16,halt,24.0,4.0,1.0,True,-0.0272686224655758,0.0,,,,,16.0,fate=HALTED
Pos10,12,r12c9,halt,25.0,4.166666666666667,1.1666666666666667,True,0.0595840293636196,0.0,,,,,14.0,fate=HALTED
Pos10,17,r17c18,halt,,,,False,-0.5114179494591387,0.0,,,,,15.0,fate=HALTED
Pos10,9,r9c18,halt,,,,False,-0.3820431616078998,0.0,,,,,14.0,fate=HALTED
Pos11,3,r3c2,division,5.0,0.8333333333333334,-2.1666666666666665,True,,,r3c3,84.81983147756907,81.43821757960035,0.2089814812981149,,mask+YFP
Pos11,16,r16c1,division,7.0,1.1666666666666667,-1.8333333333333333,True,,,r16c3,107.94990145242802,112.83213926387084,0.2120460348036149,,mask+YFP
Pos11,16,r16c2,division,8.0,1.3333333333333333,-1.6666666666666667,True,,,r16c4,118.57742382022296,117.62719901614489,0.3902073149649406,,mask+YFP
Pos11,3,r3c1,division,12.0,2.0,-1.0,True,,,r3c7,98.73625177485256,106.2983911687204,0.6611392658108798,,mask+YFP
Pos11,16,r16c1,division,13.0,2.1666666666666665,-0.8333333333333334,True,,,r16c6,95.26716284888391,102.64258583232224,0.5692173495773614,,mask+YFP
Pos11,16,r16c4,division,13.0,2.1666666666666665,-0.8333333333333334,True,,,r16c7,94.6361935150556,97.15374725354516,1.0561819888251698,,mask+YFP
Pos11,10,r10c2,division,14.0,2.3333333333333335,-0.6666666666666666,True,,,r10c18,86.56490843563607,93.81683079265326,0.5503255554185243,,mask+YFP
Pos11,16,r16c2,division,15.0,2.5,-0.5,True,,,r16c8,97.12553084831576,102.93119329095072,0.5243645136952115,,mask+YFP
Pos11,15,r15c15,division,17.0,2.8333333333333335,-0.16666666666666666,True,,,r15c17,118.02989672879455,123.46499402957608,0.792045159122704,,mask+YFP
Pos11,6,r6c7,division,17.0,2.8333333333333335,-0.16666666666666666,True,,,r6c13,104.88021333050312,106.51295728498782,0.2117425070987321,,mask+YFP
Pos11,13,r13c39,halt,19.0,3.1666666666666665,0.16666666666666666,True,0.0614022915192782,0.0,,,,,16.0,fate=HALTED
Pos11,1,r1c19,halt,19.0,3.1666666666666665,0.16666666666666666,True,0.0956061123311045,0.0,,,,,16.0,fate=HALTED
Pos11,13,r13c36,halt,20.0,3.3333333333333335,0.3333333333333333,True,-0.0179034124572838,0.0,,,,,16.0,fate=HALTED
Pos11,3,r3c17,halt,20.0,3.3333333333333335,0.3333333333333333,True,0.0430530780555304,0.0,,,,,16.0,fate=HALTED
Pos11,10,r10c2,halt,21.0,3.5,0.5,True,0.002133143941057,0.0,,,,,16.0,fate=HALTED
Pos11,1,r1c16,halt,21.0,3.5,0.5,True,0.0523807906145155,0.0,,,,,16.0,fate=HALTED
Pos11,28,r28c15,halt,21.0,3.5,0.5,True,0.0003817055596497,0.0,,,,,16.0,fate=HALTED
Pos11,28,r28c16,halt,21.0,3.5,0.5,True,0.0751609073398027,0.0,,,,,16.0,fate=HALTED
Pos11,3,r3c11,halt,21.0,3.5,0.5,True,0.0794225054017703,0.0,,,,,16.0,fate=HALTED
Pos11,10,r10c11,halt,22.0,3.6666666666666665,0.6666666666666666,True,0.0341244432231562,0.0,,,,,16.0,fate=HALTED
Pos11,10,r10c26,halt,22.0,3.6666666666666665,0.6666666666666666,True,0.0545793117895661,0.0,,,,,16.0,fate=HALTED
Pos11,13,r13c42,halt,22.0,3.6666666666666665,0.6666666666666666,True,-0.0805305718243363,0.0,,,,,15.0,fate=HALTED
Pos11,15,r15c15,halt,22.0,3.6666666666666665,0.6666666666666666,True,0.1537743865269245,0.0,,,,,16.0,fate=HALTED
Pos11,15,r15c17,halt,22.0,3.6666666666666665,0.6666666666666666,True,-0.0545791961516628,0.0,,,,,16.0,fate=HALTED
Pos11,15,r15c19,halt,22.0,3.6666666666666665,0.6666666666666666,True,0.0073817980483426,0.0,,,,,16.0,fate=HALTED
Pos11,15,r15c22,halt,22.0,3.6666666666666665,0.6666666666666666,True,-0.0705934312682297,0.0,,,,,16.0,fate=HALTED
Pos11,16,r16c6,halt,22.0,3.6666666666666665,0.6666666666666666,True,0.0674244513811079,0.0,,,,,16.0,fate=HALTED
Pos11,18,r18c15,halt,22.0,3.6666666666666665,0.6666666666666666,True,0.100887990782315,0.0,,,,,16.0,fate=HALTED
Pos11,23,r23c5,halt,22.0,3.6666666666666665,0.6666666666666666,True,-0.1605156327888273,0.0,,,,,16.0,fate=HALTED
Pos11,29,r29c16,halt,22.0,3.6666666666666665,0.6666666666666666,True,-0.096005276544937,0.0,,,,,16.0,fate=HALTED
Pos11,29,r29c19,halt,22.0,3.6666666666666665,0.6666666666666666,True,0.0058681097802049,0.0,,,,,16.0,fate=HALTED
Pos11,29,r29c21,halt,22.0,3.6666666666666665,0.6666666666666666,True,0.0042414267864714,0.0,,,,,16.0,fate=HALTED
Pos11,10,r10c18,halt,23.0,3.8333333333333335,0.8333333333333334,True,0.0324202459802576,0.0,,,,,16.0,fate=HALTED
Pos11,28,r28c26,halt,23.0,3.8333333333333335,0.8333333333333334,True,-0.0384922957416877,0.0,,,,,14.0,fate=HALTED
Pos11,13,r13c30,halt,24.0,4.0,1.0,True,-0.1909639429816128,0.0,,,,,14.0,fate=HALTED
Pos11,19,r19c23,halt,24.0,4.0,1.0,True,0.1410251138633809,0.0,,,,,16.0,fate=HALTED
Pos11,28,r28c17,halt,24.0,4.0,1.0,True,0.0004776258246974,0.0,,,,,16.0,fate=HALTED
Pos11,28,r28c21,halt,24.0,4.0,1.0,True,-0.0504665743529391,0.0,,,,,16.0,fate=HALTED
Pos11,28,r28c28,halt,24.0,4.0,1.0,True,-0.0534331589662921,0.0,,,,,13.0,fate=HALTED
Pos11,3,r3c10,halt,24.0,4.0,1.0,True,0.0274310781514044,0.0,,,,,16.0,fate=HALTED
Pos11,6,r6c7,halt,24.0,4.0,1.0,True,0.1497162928012594,0.0,,,,,16.0,fate=HALTED
Pos11,16,r16c1,halt,25.0,4.166666666666667,1.1666666666666667,True,0.1045642192653835,0.0,,,,,16.0,fate=HALTED
Pos11,18,r18c13,halt,25.0,4.166666666666667,1.1666666666666667,True,0.1259668473124771,0.0,,,,,16.0,fate=HALTED
Pos11,23,r23c12,halt,25.0,4.166666666666667,1.1666666666666667,True,-0.2700225811320464,0.0,,,,,16.0,fate=HALTED
Pos11,29,r29c15,halt,25.0,4.166666666666667,1.1666666666666667,True,-0.024507766563254,0.0,,,,,16.0,fate=HALTED
Pos11,29,r29c25,halt,26.0,4.333333333333333,1.3333333333333333,True,0.0007224374306713,0.0,,,,,15.0,fate=HALTED
Pos11,1,r1c23,halt,27.0,4.5,1.5,True,0.0945732017618512,0.0,,,,,16.0,fate=HALTED
Pos11,1,r1c29,halt,27.0,4.5,1.5,True,0.1031361542606688,0.0,,,,,14.0,fate=HALTED
Pos11,6,r6c12,halt,27.0,4.5,1.5,True,0.1544350295238823,0.0,,,,,16.0,fate=HALTED
Pos11,18,r18c9,halt,28.0,4.666666666666667,1.6666666666666667,True,-0.3548780582403461,0.0,,,,,16.0,fate=HALTED
Pos11,29,r29c20,halt,32.0,5.333333333333333,2.3333333333333335,True,0.1678351948956944,0.0,,,,,16.0,fate=HALTED
Pos11,6,r6c5,halt,40.0,6.666666666666667,3.6666666666666665,True,0.1439488002387117,0.0,,,,,16.0,fate=HALTED
Pos11,15,r15c20,halt,,,,False,-0.2410820175933112,0.0,,,,,16.0,fate=HALTED
Pos11,16,r16c12,halt,,,,False,0.029947999000083,0.0,,,,,16.0,fate=HALTED
Pos11,3,r3c16,halt,,,,False,0.0743398167637865,0.0,,,,,16.0,fate=HALTED
Pos12,18,r18c3,division,5.0,0.8333333333333334,-2.1666666666666665,True,,,r18c5,136.5410031867082,143.66602693259762,0.699649667224222,,mask+YFP
Pos12,27,r27c1,division,5.0,0.8333333333333334,-2.1666666666666665,True,,,r27c4,94.89497055710136,95.15072976888612,0.264331374106499,,mask+YFP
Pos12,26,r26c2,division,6.0,1.0,-2.0,True,,,r26c5,97.52344353535058,96.99754037764212,0.3954197524645996,,mask+YFP
Pos12,5,r5c1,division,8.0,1.3333333333333333,-1.6666666666666667,True,,,r5c5,84.51534381518422,85.25751520700446,0.6034065371167059,,mask+YFP
Pos12,3,r3c1,division,9.0,1.5,-1.5,True,,,r3c9,106.86843572901776,112.44488237911918,0.3235000044618857,,mask+YFP
Pos12,5,r5c2,division,9.0,1.5,-1.5,True,,,r5c6,84.84526647079475,91.11227940833749,0.4705746443046791,,mask+YFP
Pos12,26,r26c4,division,11.0,1.8333333333333333,-1.1666666666666667,True,,,r26c7,92.83559906706256,92.69026826211436,0.2556685776161704,,mask+YFP
Pos12,27,r27c6,division,11.0,1.8333333333333333,-1.1666666666666667,True,,,r27c9,91.49638718003833,99.76501277278464,0.2326637392418489,,mask+YFP
Pos12,26,r26c5,division,12.0,2.0,-1.0,True,,,r26c8,93.03902470564168,95.9153429598326,0.7656717997038989,,mask+YFP
Pos12,27,r27c7,division,12.0,2.0,-1.0,True,,,r27c10,97.43367445654673,98.65144727502576,0.8841325430845088,,mask+YFP
Pos12,27,r27c4,division,13.0,2.1666666666666665,-0.8333333333333334,True,,,r27c11,116.95493643037778,123.70407899972948,1.0386724266039964,,mask+YFP
Pos12,26,r26c2,division,14.0,2.3333333333333335,-0.6666666666666666,True,,,r26c9,96.11151726163148,103.19158186689565,0.4066202509034572,,mask+YFP
Pos12,3,r3c7,division,16.0,2.6666666666666665,-0.3333333333333333,True,,,r3c13,126.95900938440064,130.4433267155102,0.7825465825746603,,mask+YFP
Pos12,14,r14c12,division,17.0,2.8333333333333335,-0.16666666666666666,True,,,r14c14,128.83557508203214,137.7931824348227,0.5699320501829656,,mask+YFP
Pos12,26,r26c7,division,17.0,2.8333333333333335,-0.16666666666666666,True,,,r26c10,107.3689438521792,88.74694026163515,0.8132406973972128,,mask+YFP
Pos12,26,r26c8,division,17.0,2.8333333333333335,-0.16666666666666666,True,,,r26c11,70.91141950271364,69.70203841213814,0.3307664781680846,,mask+YFP
Pos12,26,r26c5,division,18.0,3.0,0.0,True,,,r26c15,90.58833234771174,81.3247252514115,1.275743584143558,,mask+YFP
Pos12,29,r29c17,division,18.0,3.0,0.0,True,,,r29c22,132.16938915677267,113.81790033790988,0.6895468028225946,,mask+YFP
Pos12,18,r18c19,halt,18.0,3.0,0.0,True,-0.0703387776849964,0.0,,,,,15.0,fate=HALTED
Pos12,2,r2c19,halt,19.0,3.1666666666666665,0.16666666666666666,True,0.0749673045145389,0.0,,,,,16.0,fate=HALTED
Pos12,5,r5c1,halt,19.0,3.1666666666666665,0.16666666666666666,True,0.0096411680313135,0.0,,,,,16.0,fate=HALTED
Pos12,5,r5c12,halt,19.0,3.1666666666666665,0.16666666666666666,True,0.0775766719505313,0.0,,,,,16.0,fate=HALTED
Pos12,26,r26c10,halt,20.0,3.3333333333333335,0.3333333333333333,True,-0.0316337796079335,0.0,,,,,16.0,fate=HALTED
Pos12,5,r5c13,halt,20.0,3.3333333333333335,0.3333333333333333,True,0.0598922939773527,0.0,,,,,16.0,fate=HALTED
Pos12,29,r29c22,halt,21.0,3.5,0.5,True,0.1443010051394022,0.0,,,,,16.0,fate=HALTED
Pos12,7,r7c25,halt,21.0,3.5,0.5,True,-0.0826628522326888,0.0,,,,,16.0,fate=HALTED
Pos12,14,r14c14,halt,22.0,3.6666666666666665,0.6666666666666666,True,0.0597849315767247,0.0,,,,,16.0,fate=HALTED
Pos12,14,r14c20,halt,22.0,3.6666666666666665,0.6666666666666666,True,-0.0054624264859444,0.0,,,,,15.0,fate=HALTED
Pos12,27,r27c10,halt,22.0,3.6666666666666665,0.6666666666666666,True,0.02975696648926,0.0,,,,,16.0,fate=HALTED
Pos12,27,r27c15,halt,22.0,3.6666666666666665,0.6666666666666666,True,-0.1694542785057398,0.0,,,,,16.0,fate=HALTED
Pos12,27,r27c7,halt,22.0,3.6666666666666665,0.6666666666666666,True,-0.1575851165575912,0.0,,,,,16.0,fate=HALTED
Pos12,28,r28c24,halt,22.0,3.6666666666666665,0.6666666666666666,True,-0.1515122199575627,0.0,,,,,16.0,fate=HALTED
Pos12,28,r28c29,halt,22.0,3.6666666666666665,0.6666666666666666,True,0.0323070168926822,0.0,,,,,15.0,fate=HALTED
Pos12,29,r29c24,halt,22.0,3.6666666666666665,0.6666666666666666,True,0.1104190773270401,0.0,,,,,16.0,fate=HALTED
Pos12,3,r3c13,halt,22.0,3.6666666666666665,0.6666666666666666,True,-0.1037219615702209,0.0,,,,,16.0,fate=HALTED
Pos12,3,r3c14,halt,22.0,3.6666666666666665,0.6666666666666666,True,-0.0392096177230327,0.0,,,,,14.0,fate=HALTED
Pos12,3,r3c17,halt,22.0,3.6666666666666665,0.6666666666666666,True,0.0157189682483682,0.0,,,,,16.0,fate=HALTED
Pos12,3,r3c7,halt,22.0,3.6666666666666665,0.6666666666666666,True,-0.1667193356640393,0.0,,,,,16.0,fate=HALTED
Pos12,7,r7c28,halt,22.0,3.6666666666666665,0.6666666666666666,True,-0.1263558841310046,0.0,,,,,16.0,fate=HALTED
Pos12,14,r14c15,halt,23.0,3.8333333333333335,0.8333333333333334,True,0.0609345848660636,0.0,,,,,16.0,fate=HALTED
Pos12,2,r2c21,halt,23.0,3.8333333333333335,0.8333333333333334,True,-0.2582448993949291,0.0,,,,,16.0,fate=HALTED
Pos12,2,r2c15,halt,24.0,4.0,1.0,True,0.0661640312773168,0.0,,,,,16.0,fate=HALTED
Pos12,14,r14c19,halt,26.0,4.333333333333333,1.3333333333333333,True,0.0305229409474767,0.0,,,,,15.0,fate=HALTED
Pos12,28,r28c22,halt,26.0,4.333333333333333,1.3333333333333333,True,-0.1314154284993498,0.0,,,,,15.0,fate=HALTED
Pos12,18,r18c21,halt,29.0,4.833333333333333,1.8333333333333333,True,0.0014138623957089,0.0,,,,,16.0,fate=HALTED
Pos12,26,r26c14,halt,34.0,5.666666666666667,2.6666666666666665,True,-0.0360702290363197,0.0,,,,,16.0,fate=HALTED
Pos12,18,r18c25,halt,,,,False,0.0670723265046016,0.0,,,,,16.0,fate=HALTED
Pos12,28,r28c28,halt,,,,False,0.1255050676959164,0.0,,,,,16.0,fate=HALTED
Pos13,5,r5c3,division,15.0,2.5,-0.5,True,,,r5c11,118.96928856476416,124.35204050285768,0.3587246007161577,,mask+YFP
Pos13,15,r15c15,division,22.0,3.6666666666666665,0.6666666666666666,True,,,r15c25,198.889471787662,170.62026371093202,0.767577779250331,,mask+YFP
Pos13,11,r11c25,halt,23.0,3.8333333333333335,0.8333333333333334,True,0.1290355372024398,0.0,,,,,16.0,fate=HALTED
Pos13,12,r12c28,halt,23.0,3.8333333333333335,0.8333333333333334,True,-0.0070488913326132,0.0,,,,,16.0,fate=HALTED
Pos13,15,r15c25,halt,23.0,3.8333333333333335,0.8333333333333334,True,0.0400740574628448,0.0,,,,,14.0,fate=HALTED
Pos13,18,r18c16,halt,23.0,3.8333333333333335,0.8333333333333334,True,-0.0248004768795033,0.0,,,,,16.0,fate=HALTED
Pos13,19,r19c28,halt,23.0,3.8333333333333335,0.8333333333333334,True,0.0265737242064911,0.0,,,,,16.0,fate=HALTED
Pos13,19,r19c29,halt,23.0,3.8333333333333335,0.8333333333333334,True,0.0202582280619418,0.0,,,,,16.0,fate=HALTED
Pos13,19,r19c34,halt,23.0,3.8333333333333335,0.8333333333333334,True,-0.0192909519300039,0.0,,,,,14.0,fate=HALTED
Pos13,22,r22c23,halt,23.0,3.8333333333333335,0.8333333333333334,True,0.0299029869507565,0.0,,,,,16.0,fate=HALTED
Pos13,24,r24c1,halt,23.0,3.8333333333333335,0.8333333333333334,True,-0.0904791978540942,0.0,,,,,16.0,fate=HALTED
Pos13,29,r29c15,halt,23.0,3.8333333333333335,0.8333333333333334,True,-0.0166495434397928,0.0,,,,,16.0,fate=HALTED
Pos13,2,r2c26,halt,23.0,3.8333333333333335,0.8333333333333334,True,0.0590747637872683,0.0,,,,,14.0,fate=HALTED
Pos13,5,r5c16,halt,23.0,3.8333333333333335,0.8333333333333334,True,0.0589608005933097,0.0,,,,,14.0,fate=HALTED
Pos13,7,r7c14,halt,23.0,3.8333333333333335,0.8333333333333334,True,0.0133391146058228,0.0,,,,,16.0,fate=HALTED
Pos13,7,r7c19,halt,23.0,3.8333333333333335,0.8333333333333334,True,-0.0285435309292436,0.0,,,,,14.0,fate=HALTED
Pos13,5,r5c5,halt,25.0,4.166666666666667,1.1666666666666667,True,0.1106287792027824,0.0,,,,,16.0,fate=HALTED
Pos13,22,r22c30,halt,32.0,5.333333333333333,2.3333333333333335,True,-0.063571463073706,0.0,,,,,14.0,fate=HALTED
Pos13,15,r15c30,halt,33.0,5.5,2.5,True,0.1685592375976274,0.0,,,,,11.0,fate=HALTED
Pos13,17,r17c11,halt,33.0,5.5,2.5,True,-0.0539651302213135,0.0,,,,,16.0,fate=HALTED
Pos13,19,r19c21,halt,34.0,5.666666666666667,2.6666666666666665,True,-0.0219547468220397,0.0,,,,,16.0,fate=HALTED
Pos13,11,r11c26,halt,,,,False,-0.0699920471678297,0.0,,,,,16.0,fate=HALTED
Pos13,13,r13c20,halt,,,,False,-0.3017130279276303,0.0,,,,,16.0,fate=HALTED
Pos14,6,r6c9,division,4.0,0.6666666666666666,-2.3333333333333335,True,,,r6c14,82.74206873579708,84.27714962773979,0.7025427428358777,,mask+YFP
Pos14,25,r25c2,division,5.0,0.8333333333333334,-2.1666666666666665,True,,,r25c4,151.29359658475337,160.67883234658206,0.4687819837993613,,mask+YFP
Pos14,28,r28c2,division,7.0,1.1666666666666667,-1.8333333333333333,True,,,r28c7,76.75939744613322,79.82160473085983,0.3769699544916827,,mask+YFP
Pos14,28,r28c3,division,7.0,1.1666666666666667,-1.8333333333333333,True,,,r28c8,66.66380410822059,63.94578887725764,0.7012585065117961,,mask+YFP
Pos14,28,r28c4,division,7.0,1.1666666666666667,-1.8333333333333333,True,,,r28c9,72.94907413974305,71.88989615485411,1.3155832767708402,,mask+YFP
Pos14,28,r28c5,division,7.0,1.1666666666666667,-1.8333333333333333,True,,,r28c6,83.42510261281458,80.99459036562558,0.2399913240447628,,mask+YFP
Pos14,25,r25c4,division,10.0,1.6666666666666667,-1.3333333333333333,True,,,r25c6,150.15922877744867,163.80144771736008,0.5797056700210944,,mask+YFP
Pos14,24,r24c11,division,16.0,2.6666666666666665,-0.3333333333333333,True,,,r24c21,135.37158457667755,118.9406543410993,1.0977832575284576,,mask+YFP
Pos14,24,r24c11,halt,20.0,3.3333333333333335,0.3333333333333333,True,0.0492771437472967,0.0,,,,,16.0,fate=HALTED
Pos14,24,r24c23,halt,20.0,3.3333333333333335,0.3333333333333333,True,-0.0831642637812288,0.0,,,,,14.0,fate=HALTED
Pos14,28,r28c16,halt,20.0,3.3333333333333335,0.3333333333333333,True,-0.0047340343134152,0.0,,,,,16.0,fate=HALTED
Pos14,28,r28c6,halt,20.0,3.3333333333333335,0.3333333333333333,True,0.0308562899163185,0.0,,,,,16.0,fate=HALTED
Pos14,22,r22c15,division,21.0,3.5,0.5,True,,,r22c20,102.3774888473032,113.29934090010497,0.5195506587781199,,mask+YFP
Pos14,2,r2c31,division,21.0,3.5,0.5,True,,,r2c39,108.13769356698984,116.97612024776728,0.5908611018469565,,mask+YFP
Pos14,11,r11c14,halt,21.0,3.5,0.5,True,0.0882405309181502,0.0,,,,,16.0,fate=HALTED
Pos14,22,r22c18,halt,22.0,3.6666666666666665,0.6666666666666666,True,0.0076054251553934,0.0,,,,,16.0,fate=HALTED
Pos14,22,r22c20,halt,22.0,3.6666666666666665,0.6666666666666666,True,-0.1147836350531852,0.0,,,,,15.0,fate=HALTED
Pos14,25,r25c18,halt,22.0,3.6666666666666665,0.6666666666666666,True,-0.0241644393376221,0.0,,,,,15.0,fate=HALTED
Pos14,28,r28c14,halt,22.0,3.6666666666666665,0.6666666666666666,True,-0.0977407219312649,0.0,,,,,16.0,fate=HALTED
Pos14,2,r2c35,halt,22.0,3.6666666666666665,0.6666666666666666,True,0.0022873810208818,0.0,,,,,16.0,fate=HALTED
Pos14,2,r2c39,halt,22.0,3.6666666666666665,0.6666666666666666,True,0.0186648449115445,0.0,,,,,15.0,fate=HALTED
Pos14,3,r3c20,halt,22.0,3.6666666666666665,0.6666666666666666,True,0.0569354570959959,0.0,,,,,16.0,fate=HALTED
Pos14,6,r6c12,halt,22.0,3.6666666666666665,0.6666666666666666,True,-0.2881156426883229,0.0,,,,,16.0,fate=HALTED
Pos14,11,r11c18,halt,23.0,3.8333333333333335,0.8333333333333334,True,0.1262534335429066,0.0,,,,,16.0,fate=HALTED
Pos14,14,r14c30,halt,23.0,3.8333333333333335,0.8333333333333334,True,0.108337352590901,0.0,,,,,16.0,fate=HALTED
Pos14,17,r17c26,halt,23.0,3.8333333333333335,0.8333333333333334,True,0.0865634180717993,0.0,,,,,15.0,fate=HALTED
Pos14,22,r22c16,halt,23.0,3.8333333333333335,0.8333333333333334,True,0.0965964390564453,0.0,,,,,16.0,fate=HALTED
Pos14,28,r28c18,halt,23.0,3.8333333333333335,0.8333333333333334,True,0.1275780014634633,0.0,,,,,16.0,fate=HALTED
Pos14,3,r3c21,halt,23.0,3.8333333333333335,0.8333333333333334,True,0.0586198077775965,0.0,,,,,16.0,fate=HALTED
Pos14,2,r2c33,halt,25.0,4.166666666666667,1.1666666666666667,True,-0.2281202361560597,0.0,,,,,16.0,fate=HALTED
Pos14,3,r3c9,halt,25.0,4.166666666666667,1.1666666666666667,True,0.0206496325622351,0.0,,,,,16.0,fate=HALTED
Pos14,17,r17c30,halt,26.0,4.333333333333333,1.3333333333333333,True,-0.0266152992111159,0.0,,,,,15.0,fate=HALTED
Pos14,25,r25c14,halt,26.0,4.333333333333333,1.3333333333333333,True,0.0926394768051874,0.0,,,,,16.0,fate=HALTED
Pos14,6,r6c38,halt,26.0,4.333333333333333,1.3333333333333333,True,0.0671146886924889,0.0,,,,,13.0,fate=HALTED
Pos14,6,r6c25,halt,29.0,4.833333333333333,1.8333333333333333,True,0.0535214010350193,0.0,,,,,16.0,fate=HALTED
Pos14,6,r6c30,halt,31.0,5.166666666666667,2.1666666666666665,True,0.0219163135181936,0.0,,,,,16.0,fate=HALTED
Pos14,6,r6c35,halt,32.0,5.333333333333333,2.3333333333333335,True,0.0109462894390386,0.0,,,,,14.0,fate=HALTED
Pos14,12,r12c18,halt,,,,False,-0.134813949864931,0.0,,,,,16.0,fate=HALTED
