"",bulk,single-cell
aaea,0.000214,0.022
aaeb,0.000104,0.023
aas,0.001809,0.041
aat,0.002425,0.021
abgr,0.000417,0.011
abpa,0.000363,0.062
abpb,0.000245,0.101
abrb,0.000087,0.014
acca,0.006492,0.026
accc,0.015856,0.008
accd,0.011281,0.020
aceb,0.007499,0.016
acee,0.005855,0.013
acna,0.010990,0.013
acpp,0.050867,0.030
acra,0.002609,0.018
acs,0.008064,0.040
actp,0.002986,0.022
acts,0.000794,0.011
adeq,0.000628,0.035
adhe,0.068729,0.152
adhp,0.019866,0.082
adia,0.000158,0.069
adiy,0.000348,0.042
aega,0.000219,0.050
aes,0.000493,0.021
afuc,0.000044,0.029
agab,0.000000,0.005
agad,0.000316,0.007
agp,0.016651,0.009
ahpc,0.019554,0.011
ahr,0.015840,0.028
ais,0.000195,0.078
alae,0.039082,0.010
alas,0.002313,0.038
alat,0.001610,0.023
alda,0.034787,0.030
aldb,0.016756,0.009
alkb,0.001135,0.056
allc,0.000367,0.056
alld,0.000021,0.024
alle,0.000807,0.051
allr,0.031305,0.033
alls,0.000048,0.030
alr,0.000174,0.004
alsa,0.000115,0.078
alsc,0.000109,0.014
alse,0.000103,0.025
alsk,0.000220,0.016
alsr,0.001281,0.098
amia,0.000853,0.014
ampc,0.000056,0.059
ampg,0.000220,0.033
amya,0.007729,0.012
anmk,0.001249,0.019
ansb,0.000527,0.012
ansp,0.000203,0.023
apha,0.000309,0.009
appa,0.000635,0.003
appc,0.000703,0.007
appx,0.000827,0.041
aqpz,0.019103,0.026
arac,0.002819,0.021
arad,0.000349,0.006
araf,0.001120,0.132
arag,0.000864,0.102
arah,0.001760,0.035
araj,0.000954,0.031
arca,0.069953,0.050
arcb,0.004749,0.012
arfa,0.001280,0.018
arga,0.005863,0.006
argd,0.006832,0.015
arge,0.004797,0.025
argg,0.008122,0.013
argr,0.006420,0.007
argt,0.005574,0.040
arnb,0.001292,0.004
aroa,0.000686,0.012
aroe,0.005018,0.029
arof,0.003818,0.037
arog,0.003247,0.008
aroh,0.000402,0.006
arok,0.004661,0.088
arom,0.002281,0.020
arop,0.002857,0.074
artj,0.027888,0.056
artm,0.014947,0.020
ascg,0.000704,0.021
asd,0.001747,0.033
asla,0.000339,0.061
asma,0.000942,0.086
asnb,0.002513,0.071
aspa,0.038921,0.071
aspc,0.001231,0.064
asps,0.004331,0.052
asta,0.009038,0.011
astb,0.005798,0.052
astc,0.010497,0.027
aste,0.004821,0.023
atoc,0.000322,0.007
atos,0.000420,0.008
atpa,0.003514,0.014
atpd,0.005704,0.027
atph,0.003755,0.027
avta,0.001569,0.007
azor,0.000470,0.031
baes,0.000275,0.007
bamb,0.023012,0.026
bamc,0.009618,0.028
bara,0.000309,0.005
basr,0.002368,0.031
bax,0.007621,0.037
bcr,0.000876,0.019
bcsb,0.000058,0.024
bcse,0.002565,0.012
bcsg,0.001014,0.012
bcsq,0.000559,0.014
bdca,0.000183,0.011
bdm,0.000136,0.056
bepa,0.002146,0.011
beta,0.000467,0.045
bfr,0.010657,0.057
bglb,0.000018,0.041
bglf,0.000023,0.038
bglg,0.000019,0.046
bglh,0.000039,0.046
bglj,0.000268,0.004
bglx,0.000645,0.091
bioa,0.001847,0.015
bipa,0.013100,0.021
bira,0.000909,0.006
bisc,0.001169,0.017
blc,0.014266,0.027
bluf,0.000375,0.040
blur,0.001838,0.073
bola,0.046241,0.078
bsma,0.050011,0.029
bssr,0.711991,0.114
bsss,0.342082,0.046
btsr,0.000341,0.096
btss,0.000628,0.068
btue,0.002763,0.028
btuf,0.000412,0.024
cada,0.000087,0.054
cadb,0.000128,0.050
cadc,0.000840,0.063
caia,0.000152,0.006
caib,0.000185,0.038
caic,0.000090,0.080
caid,0.000031,0.027
caif,0.000900,0.004
cait,0.000014,0.034
cas3,0.000235,0.104
casa,0.000104,0.081
casb,0.000120,0.037
casd,0.000251,0.051
case,0.000484,0.076
cbl,0.000216,0.101
cbpa,0.007667,0.038
cbpm,0.006585,0.014
ccda,0.003059,0.015
ccma,0.001356,0.011
ccme,0.000280,0.033
ccmg,0.000254,0.067
ccmh,0.000383,0.021
ccp,0.000800,0.042
cdd,0.012573,0.006
cdgi,0.000169,0.005
cdh,0.000043,0.015
ceda,0.000290,0.006
cfa,0.068885,0.038
chaa,0.000442,0.050
chbb,0.004864,0.032
chbc,0.002095,0.109
chbf,0.000515,0.069
chbr,0.000795,0.111
chea,0.000572,0.091
cheb,0.000077,0.081
chew,0.000507,0.028
chez,0.000317,0.040
chia,0.001011,0.023
cira,0.000383,0.111
citc,0.000004,0.055
citt,0.000136,0.034
clca,0.003246,0.014
clpa,0.050798,0.040
clpb,0.010457,0.101
clpx,0.131129,0.127
clsa,0.004458,0.078
clsb,0.001333,0.033
cmta,0.000043,0.010
coaa,0.000803,0.050
coae,0.004059,0.026
cobc,0.000206,0.023
cobs,0.000670,0.019
cobt,0.000540,0.020
cobu,0.000685,0.056
codb,0.000114,0.003
comr,0.001621,0.021
copa,0.002953,0.022
cora,0.002724,0.011
cpdb,0.000249,0.039
cpsb,0.000046,0.015
cpsg,0.000077,0.054
cpxa,0.001870,0.026
cpxp,0.036020,0.011
cpxr,0.003264,0.015
crcb,0.002439,0.023
crea,0.000643,0.004
crp,0.012346,0.010
crr,0.267115,0.119
csde,0.004276,0.003
csgd,0.000337,0.067
csge,0.000397,0.028
csgf,0.000120,0.043
csgg,0.000694,0.049
csie,0.047591,0.064
cspa,0.051664,0.018
cspe,0.482431,0.232
cspi,0.000509,0.029
csra,0.429062,0.028
csrd,0.000719,0.023
csta,0.013685,0.016
cueo,0.000437,0.008
cura,0.005819,0.007
cusr,0.000560,0.034
cuss,0.000107,0.024
cutc,0.024762,0.050
cvra,0.000266,0.047
cydc,0.000570,0.031
cydd,0.000532,0.072
cydh,0.002748,0.078
cynr,0.000480,0.026
cyoa,0.005043,0.030
cyob,0.004019,0.039
cysa,0.000630,0.011
cysc,0.000153,0.011
cysd,0.000232,0.029
cysg,0.001882,0.005
cysh,0.000515,0.036
cysi,0.000155,0.026
cysj,0.000086,0.020
cysn,0.000523,0.026
cysu,0.005552,0.017
cysz,0.004231,0.002
cytr,0.000515,0.054
cyua,0.000174,0.009
cyup,0.000432,0.022
daca,0.000984,0.044
dacc,0.007017,0.023
dacd,0.000517,0.078
damx,0.006320,0.023
dapa,0.008757,0.081
dbpa,0.001164,0.007
dcd,0.002395,0.021
dcp,0.001698,0.062
dcta,0.025612,0.068
dctr,0.000048,0.009
dcua,0.005903,0.024
dcuc,0.000109,0.040
dcur,0.000333,0.032
dcus,0.000149,0.027
dcyd,0.006144,0.055
ddla,0.001045,0.049
ddpa,0.000899,0.108
ddpd,0.000167,0.012
ddpf,0.000136,0.025
ddpx,0.001028,0.033
dead,0.019879,0.025
deda,0.003117,0.046
dedd,0.007085,0.030
def,0.063230,0.019
degp,0.004280,0.007
degq,0.002601,0.007
degs,0.000756,0.009
deoa,0.017376,0.007
deob,0.048848,0.018
deor,0.001131,0.010
der,0.010061,0.038
dfp,0.000719,0.004
dgci,0.000107,0.007
dgcj,0.000750,0.012
dgcm,0.001359,0.029
dgcp,0.001169,0.003
dgcq,0.002695,0.067
dgct,0.000041,0.005
dgcz,0.003694,0.068
dgod,0.000258,0.067
dgok,0.000414,0.024
dgt,0.000349,0.009
dhak,0.000981,0.031
dhal,0.000645,0.025
dham,0.000659,0.062
dhar,0.000273,0.008
dicc,0.000153,0.030
digh,0.000210,0.042
dind,0.000220,0.010
ding,0.001084,0.007
dini,0.002863,0.016
dinj,0.007211,0.017
dkga,0.019534,0.017
dkgb,0.000343,0.013
dmlr,0.002361,0.044
dmsb,0.000235,0.006
dnaa,0.001733,0.061
dnac,0.001073,0.029
dnae,0.000912,0.010
dnag,0.002153,0.008
dnak,0.033383,0.043
dnat,0.001467,0.016
dosc,0.013368,0.157
dosp,0.006363,0.099
dpaa,0.001198,0.043
dppa,0.001042,0.040
dppf,0.000123,0.009
dps,0.045911,0.040
drpb,0.004366,0.025
dsbc,0.001309,0.018
dsbd,0.000956,0.023
dsbg,0.000720,0.077
dsda,0.000190,0.011
dsdx,0.000552,0.099
dtpb,0.017346,0.009
dtpc,0.000068,0.039
dtpd,0.002602,0.085
dusc,0.000436,0.026
eama,0.001635,0.100
ecpb,0.000038,0.021
ecpc,0.000082,0.069
ecpe,0.000181,0.040
edd,0.000383,0.103
elaa,0.000777,0.049
elab,0.123495,0.035
elbb,0.001759,0.014
elfa,0.000103,0.012
elfg,0.000258,0.010
elyc,0.000364,0.030
emrk,0.000386,0.078
emry,0.000149,0.061
emta,0.002471,0.007
enda,0.000237,0.006
eno,0.091014,0.127
entd,0.000228,0.026
envr,0.000022,0.031
envy,0.000024,0.051
epd,0.005626,0.012
epmb,0.000499,0.032
epmc,0.000152,0.027
epta,0.000263,0.049
eptb,0.000462,0.038
eptc,0.000326,0.046
era,0.016784,0.062
etk,0.000962,0.059
etp,0.000136,0.024
etta,0.005905,0.054
euta,0.000212,0.027
eute,0.000032,0.030
eutg,0.000070,0.041
euth,0.000546,0.034
eutn,0.000040,0.012
evga,0.000013,0.006
exbb,0.011192,0.011
exbd,0.009315,0.009
exur,0.006273,0.009
exut,0.007092,0.010
faba,0.027137,0.022
faby,0.002615,0.006
fadd,0.038475,0.081
fade,0.075598,0.047
fadj,0.004889,0.075
fadk,0.000159,0.007
fadl,0.009887,0.015
fadr,0.004259,0.006
fbaa,0.041131,0.023
fbab,0.043175,0.148
fbp,0.004915,0.022
fdhd,0.006091,0.008
fdhe,0.002101,0.015
fdhf,0.001099,0.044
fdng,0.009463,0.006
fdoi,0.007583,0.019
fear,0.002257,0.107
feca,0.000289,0.030
fecb,0.000127,0.023
fece,0.000103,0.014
fepa,0.000597,0.072
fepb,0.001304,0.015
fepc,0.000015,0.024
feta,0.000117,0.014
fetb,0.000227,0.005
ffh,0.007146,0.053
fhua,0.007305,0.012
fhue,0.000622,0.052
fic,0.014480,0.007
fief,0.003620,0.006
fimi,0.000164,0.007
fimz,0.000058,0.022
fiu,0.000354,0.063
fkpa,0.013040,0.051
flda,0.005011,0.023
flga,0.000178,0.019
flgf,0.000027,0.006
flgj,0.000060,0.004
flgk,0.000737,0.010
flgm,0.002487,0.017
flha,0.000506,0.033
flhc,0.002114,0.071
flia,0.001053,0.059
flic,0.004927,0.102
flid,0.000299,0.017
flil,0.000009,0.003
flip,0.000007,0.002
fliz,0.000365,0.044
folc,0.001587,0.047
fole,0.002412,0.054
folk,0.000028,0.043
frc,0.000101,0.108
frdb,0.003134,0.016
frlb,0.000321,0.003
frr,0.037180,0.023
frua,0.024741,0.048
fruk,0.010598,0.015
frvr,0.000053,0.044
frvx,0.000124,0.016
fryb,0.000000,0.050
fryc,0.000029,0.021
fsr,0.000947,0.068
ftna,0.002812,0.003
ftnb,0.001997,0.015
ftp,0.000056,0.039
ftsa,0.006292,0.018
ftsh,0.074048,0.126
ftsx,0.006231,0.017
ftsy,0.002451,0.012
fuca,0.000117,0.021
fuco,0.000902,0.010
fucr,0.000455,0.005
fucu,0.001550,0.005
fumb,0.005587,0.021
fumc,0.015720,0.051
fumd,0.000656,0.033
fume,0.000772,0.014
fur,0.019250,0.035
fusa,0.083594,0.118
gada,0.002411,0.020
gadb,0.002366,0.068
gadc,0.002452,0.076
gadw,0.000682,0.033
gadx,0.001434,0.039
galf,0.021325,0.053
galk,0.001292,0.037
galr,0.001925,0.011
gals,0.000332,0.113
galt,0.001000,0.041
galu,0.042997,0.018
gapa,0.052310,0.077
gard,0.003444,0.015
gark,0.002083,0.006
garl,0.000579,0.006
garp,0.000380,0.021
gatb,0.013505,0.055
gatd,0.003691,0.111
gaty,0.386902,0.027
gatz,0.213301,0.174
gcd,0.030620,0.047
gcva,0.002005,0.055
gfcd,0.000037,0.059
gfce,0.000090,0.058
ggt,0.002397,0.016
ghxq,0.000273,0.010
glah,0.052027,0.036
glar,0.004576,0.014
glcb,0.002093,0.022
glda,0.000406,0.033
glf,0.001092,0.128
glga,0.007854,0.046
glgb,0.002531,0.041
glgc,0.007211,0.025
glgp,0.005064,0.045
glgx,0.003601,0.027
glk,0.007428,0.025
glms,0.017486,0.079
glna,0.001469,0.009
glnb,0.001421,0.010
glnd,0.001492,0.039
glne,0.001324,0.014
glnh,0.005976,0.057
glnl,0.002323,0.041
glnp,0.001733,0.011
glns,0.002275,0.017
glob,0.000417,0.056
glpd,0.009135,0.025
glpf,0.002381,0.034
glpk,0.002321,0.052
glpq,0.006022,0.075
glpt,0.000335,0.071
glrk,0.000796,0.047
glrr,0.000400,0.043
glsb,0.000102,0.047
glta,0.057237,0.148
gltb,0.000729,0.005
gltf,0.000038,0.016
glti,0.003116,0.055
gltj,0.000177,0.025
gltk,0.000200,0.019
gltx,0.003439,0.037
glya,0.001590,0.020
glyu,0.012321,0.044
gmd,0.000044,0.033
gmk,0.006829,0.005
gmm,0.000028,0.040
gnsb,0.000138,0.010
gntp,0.001789,0.049
gor,0.004444,0.017
gpma,0.084730,0.052
gpr,0.007764,0.014
gpt,0.000702,0.019
grca,0.003223,0.012
grol,0.007100,0.020
grxa,0.000143,0.037
grxb,0.010905,0.063
gsha,0.007894,0.123
gshb,0.002849,0.008
gsib,0.000661,0.005
gspa,0.000048,0.022
gspb,0.000173,0.012
gspf,0.000027,0.003
gspk,0.000004,0.008
gspo,0.000336,0.008
gsta,0.014224,0.004
guaa,0.003289,0.024
guab,0.002296,0.049
guac,0.001495,0.010
gudp,0.000133,0.031
gudx,0.000235,0.051
gyra,0.003227,0.122
gyrb,0.005958,0.078
hcaf,0.000349,0.007
hcar,0.001261,0.070
hcat,0.000268,0.035
hcha,0.025679,0.032
hcp,0.000044,0.018
hcxa,0.000836,0.014
hdfr,0.001149,0.034
hdha,0.011761,0.103
hemb,0.002624,0.026
hemc,0.004709,0.014
hemh,0.001618,0.010
heml,0.008554,0.015
hemx,0.001617,0.047
hflx,0.009307,0.025
hfq,0.023455,0.028
hha,0.004733,0.006
hicb,0.001284,0.012
hipa,0.000422,0.087
hipb,0.000321,0.029
hisj,0.004062,0.083
hism,0.000686,0.036
hlye,0.000084,0.056
hns,0.127995,0.094
hofq,0.000060,0.014
hokd,0.065039,0.034
hole,0.001603,0.002
hprr,0.000760,0.073
hprs,0.000580,0.144
hrpa,0.001719,0.011
hsca,0.001405,0.036
hscb,0.001975,0.023
hscc,0.000163,0.091
hsdm,0.000165,0.043
hsdr,0.000239,0.056
hsds,0.000059,0.046
hslj,0.001310,0.048
hslr,0.008012,0.002
hslu,0.016662,0.009
hslv,0.013878,0.029
hspq,0.154793,0.028
htre,0.000095,0.040
htrl,0.000511,0.040
hybb,0.000336,0.007
hybo,0.000876,0.008
hyca,0.000032,0.022
hycb,0.000026,0.027
hycc,0.000059,0.037
hyce,0.000035,0.036
hycg,0.000252,0.018
hych,0.001012,0.035
hyci,0.006366,0.049
hydn,0.000148,0.013
hyfr,0.000034,0.003
hyi,0.000087,0.006
hypb,0.000340,0.009
idnd,0.000252,0.060
idnk,0.000187,0.007
idno,0.000247,0.069
idnr,0.000184,0.055
idnt,0.000228,0.046
igaa,0.000619,0.010
ihfa,0.346641,0.160
ilvb,0.004912,0.022
ilvi,0.000286,0.011
inaa,0.001373,0.049
infb,0.010210,0.056
insg,0.000164,0.056
insq,0.001515,0.008
intd,0.000520,0.071
intf,0.000324,0.069
intr,0.000404,0.063
isca,0.052661,0.035
iscr,0.024998,0.033
iscu,0.029253,0.041
iscx,0.001239,0.022
ispe,0.001178,0.035
ispf,0.000297,0.018
ispu,0.001484,0.005
ivbl,0.024416,0.025
ivy,0.000988,0.003
kate,0.003922,0.011
katg,0.004397,0.009
kbp,0.054756,0.090
kch,0.000614,0.060
kdgr,0.001847,0.037
kdpa,0.000253,0.026
kdpc,0.000420,0.009
kdpd,0.001437,0.040
kdsa,0.005369,0.007
kdui,0.000264,0.083
kefb,0.001285,0.029
kefg,0.001895,0.012
kgtp,0.153302,0.112
kpta,0.000275,0.008
laca,0.000065,0.018
lacy,0.000083,0.051
lacz,0.031454,0.036
ldca,0.000307,0.016
ldcc,0.003252,0.009
ldha,0.003275,0.081
ldrc,0.000591,0.023
ldta,0.010543,0.095
ldtb,0.008307,0.050
ldtc,0.000283,0.026
ldtd,0.008069,0.007
ldte,0.057243,0.155
lepa,0.003317,0.065
lepb,0.006163,0.040
letb,0.001025,0.010
leua,0.000513,0.036
leuc,0.000942,0.057
leue,0.000845,0.081
leus,0.008703,0.079
lexa,0.035911,0.026
lgod,0.000112,0.005
lgor,0.000224,0.049
lgot,0.001613,0.036
lgt,0.000964,0.018
lhgd,0.023648,0.004
liga,0.006263,0.127
ligb,0.000107,0.024
lipb,0.000705,0.029
livg,0.000189,0.011
livh,0.000287,0.016
livj,0.000347,0.043
livk,0.000127,0.014
lola,0.002866,0.020
lolb,0.001104,0.039
lon,0.007230,0.025
lplt,0.004071,0.031
lpoa,0.001819,0.003
lpp,0.391442,0.036
lptc,0.010483,0.022
lptd,0.010369,0.097
lpte,0.010853,0.011
lptf,0.010072,0.012
lptg,0.012989,0.010
lpxc,0.284162,0.032
lpxl,0.003817,0.034
lpxm,0.002133,0.063
lrha,0.003372,0.122
lrp,0.013092,0.067
lsrb,0.000471,0.006
lsrd,0.000559,0.008
lsrf,0.000330,0.010
lsrk,0.000774,0.091
ltae,0.003058,0.010
luxs,0.016245,0.021
lysa,0.000736,0.036
lyso,0.000116,0.039
lysp,0.010037,0.041
lyss,0.003567,0.012
maa,0.000900,0.018
maca,0.000846,0.005
maea,0.002825,0.101
maeb,0.004808,0.073
mak,0.002385,0.008
male,0.000102,0.024
malf,0.000086,0.024
malg,0.000464,0.022
malp,0.001407,0.028
malq,0.001536,0.017
malt,0.001476,0.016
malx,0.000328,0.005
maly,0.000694,0.006
malz,0.000731,0.007
manx,0.033493,0.009
many,0.036619,0.011
manz,0.038685,0.021
mata,0.000000,0.076
matp,0.001721,0.005
maze,0.001452,0.030
mazg,0.001787,0.015
mcbr,0.001453,0.013
mcrb,0.000110,0.054
mcrc,0.000015,0.054
mdh,0.022337,0.019
mdtg,0.000837,0.040
mdti,0.000265,0.023
mdtm,0.000845,0.014
mdtn,0.000032,0.014
mdto,0.000031,0.036
mdtp,0.000006,0.053
melb,0.000478,0.003
melr,0.002318,0.034
mena,0.000870,0.028
menb,0.003058,0.025
menh,0.000464,0.028
meni,0.001010,0.047
mepm,0.007544,0.097
metf,0.000146,0.011
meth,0.000881,0.004
meti,0.001070,0.037
metq,0.001595,0.032
mfd,0.001371,0.060
mgla,0.000586,0.102
mglb,0.003812,0.053
mglc,0.000783,0.023
mgrb,0.003217,0.019
mgts,0.001608,0.027
miab,0.005719,0.043
mind,0.002911,0.058
mipa,0.001859,0.048
mlaa,0.005670,0.006
mlad,0.003164,0.017
mlc,0.000715,0.059
mlic,0.000172,0.048
mlta,0.000647,0.030
mltd,0.002295,0.035
mltf,0.000113,0.011
mltg,0.000427,0.009
mngb,0.000282,0.005
mngr,0.000521,0.063
mnma,0.000698,0.026
mnmg,0.000443,0.034
mnth,0.107487,0.052
moba,0.001441,0.023
mobb,0.001419,0.038
moca,0.006784,0.018
moda,0.001177,0.018
modb,0.000677,0.006
moea,0.002299,0.009
mokc,0.005224,0.007
mota,0.002371,0.024
motb,0.001415,0.038
mpaa,0.011491,0.073
mppa,0.002975,0.006
mqsa,0.016616,0.017
mrda,0.000349,0.072
mrdb,0.001170,0.049
msba,0.001701,0.017
mscl,0.029587,0.019
mscm,0.000356,0.042
mscs,0.008014,0.034
msrb,0.003373,0.035
msrc,0.003324,0.028
mtfa,0.004158,0.010
mtla,0.017841,0.019
mtld,0.008207,0.010
mtr,0.004894,0.016
mukb,0.001119,0.006
mukf,0.000746,0.005
murd,0.000901,0.005
muri,0.001203,0.004
murr,0.000140,0.057
mutm,0.000142,0.005
muty,0.000968,0.012
mzra,0.004604,0.005
nac,0.000293,0.120
nada,0.004985,0.014
nadc,0.000838,0.020
nadk,0.001471,0.009
nadr,0.004012,0.005
naga,0.004003,0.033
nagb,0.006506,0.027
nagc,0.002087,0.052
nage,0.013472,0.019
nana,0.011564,0.020
nanc,0.000405,0.085
nane,0.003279,0.010
nanm,0.005420,0.055
nans,0.001023,0.066
nany,0.000769,0.007
napa,0.000108,0.042
napb,0.000107,0.054
napc,0.000271,0.019
napd,0.000000,0.027
napf,0.000097,0.017
naph,0.000080,0.021
narq,0.000364,0.007
naru,0.003184,0.067
narx,0.001081,0.090
narz,0.001921,0.077
ndh,0.001902,0.008
ndk,0.002278,0.026
nepi,0.000185,0.028
nfo,0.000518,0.003
nfra,0.000968,0.056
nfsb,0.003766,0.019
nhab,0.000229,0.064
nimr,0.000461,0.074
nirb,0.000138,0.008
nlpa,0.001191,0.046
nlpd,0.049323,0.107
nlpe,0.002404,0.007
nlpi,0.015133,0.061
nrdb,0.003160,0.016
nrdd,0.007743,0.020
nrde,0.000945,0.022
nrdf,0.000566,0.011
nrdg,0.001158,0.036
nrfb,0.000716,0.013
nudb,0.003191,0.053
nudj,0.000257,0.010
nudk,0.000089,0.041
nuob,0.003436,0.036
nuoc,0.001498,0.040
nuof,0.001729,0.021
nuoj,0.002411,0.007
nuom,0.004313,0.048
nupg,0.018168,0.011
nupx,0.000063,0.126
nusa,0.009081,0.026
obge,0.047936,0.040
ompa,0.109920,0.057
ompc,0.021759,0.105
ompf,0.003582,0.109
ompg,0.000064,0.008
ompl,0.000010,0.048
ompn,0.000176,0.070
ompt,0.000958,0.066
ompw,0.000785,0.006
ompx,0.220920,0.004
opgb,0.001411,0.033
opgc,0.000217,0.086
opgd,0.001048,0.008
opge,0.000267,0.061
opgg,0.006383,0.012
opgh,0.006980,0.006
osmb,0.031775,0.017
osmf,0.017048,0.082
osmy,0.115366,0.062
otsa,0.020549,0.104
otsb,0.014899,0.050
oxc,0.000124,0.106
oxyr,0.003286,0.004
paaj,0.001173,0.008
paaz,0.000070,0.045
paea,0.001362,0.087
panc,0.003989,0.021
paoa,0.001047,0.010
paob,0.001041,0.008
paoc,0.001461,0.022
paod,0.000901,0.007
parc,0.001567,0.007
pata,0.072623,0.048
patd,0.001584,0.011
pbpc,0.000186,0.009
pbpg,0.003039,0.069
pck,0.004544,0.010
pcnb,0.000711,0.062
pdea,0.000189,0.095
pdef,0.000087,0.059
pdei,0.000041,0.003
pdel,0.000199,0.007
pder,0.001726,0.095
pdxa,0.000622,0.023
pdxb,0.002701,0.039
pdxh,0.001054,0.048
pepd,0.005178,0.066
pepn,0.007827,0.018
pepp,0.005855,0.010
pepq,0.003729,0.005
pept,0.006404,0.021
perr,0.000059,0.065
pflb,0.108429,0.128
pfld,0.000062,0.003
pgaa,0.000088,0.074
pgab,0.000016,0.061
pgac,0.000043,0.062
pgad,0.000246,0.093
pgi,0.019152,0.018
pgk,0.043348,0.055
pgl,0.009415,0.014
pgm,0.008391,0.027
pgpb,0.001604,0.010
phea,0.001639,0.003
phes,0.000580,0.041
phet,0.013180,0.077
phnj,0.000000,0.081
phoe,0.000071,0.040
phoh,0.036602,0.022
phop,0.001548,0.093
phoq,0.000618,0.078
phou,0.000853,0.020
phr,0.002948,0.015
pinq,0.000208,0.045
pinr,0.000251,0.020
plap,0.000847,0.071
plsb,0.003675,0.054
plsc,0.000506,0.010
plsx,0.003135,0.010
pmrd,0.000093,0.033
pncb,0.007418,0.031
pnp,0.010430,0.012
pnta,0.003029,0.028
pntb,0.006590,0.112
pnuc,0.011345,0.029
pota,0.000499,0.028
potb,0.000445,0.017
potc,0.000306,0.012
potd,0.000888,0.067
pote,0.000723,0.055
poxb,0.009355,0.037
ppc,0.003661,0.032
ppdb,0.000272,0.029
ppdd,0.000056,0.011
ppha,0.003714,0.130
pphc,0.000078,0.035
ppib,0.013188,0.014
ppic,0.001637,0.015
ppnn,0.002309,0.011
pppa,0.000097,0.009
ppsa,0.005375,0.033
ppx,0.005051,0.012
pqib,0.003403,0.009
pqql,0.000126,0.062
prc,0.002627,0.067
prfa,0.000887,0.010
prfb,0.003089,0.010
prlc,0.011930,0.039
prmb,0.000613,0.051
proa,0.008191,0.010
prok,0.008191,0.012
proq,0.008982,0.033
pros,0.008288,0.034
prs,0.002585,0.057
psie,0.000599,0.005
pspa,0.084847,0.145
pspc,0.031240,0.043
pspf,0.000222,0.060
pssa,0.010199,0.010
psta,0.000836,0.008
pstb,0.000680,0.018
psts,0.001055,0.011
psug,0.000027,0.108
psuk,0.000040,0.101
psut,0.000586,0.065
pth,0.000646,0.045
ptra,0.000465,0.086
ptrb,0.003051,0.099
ptsg,0.034829,0.009
ptsh,0.028712,0.012
ptsi,0.053098,0.028
punc,0.000247,0.002
punr,0.000613,0.034
purb,0.000299,0.068
pure,0.000084,0.010
purf,0.000815,0.022
purh,0.000167,0.033
purl,0.000111,0.152
purr,0.000143,0.008
puru,0.001587,0.065
puub,0.000170,0.004
puup,0.000991,0.037
pykf,0.042644,0.031
pyrc,0.000236,0.040
pyrd,0.000148,0.013
pyre,0.000045,0.011
pyrg,0.041149,0.101
pyri,0.000208,0.028
qmca,0.005364,0.027
qora,0.011874,0.021
qorb,0.000545,0.029
quef,0.001048,0.006
queg,0.000835,0.017
racc,0.000183,0.057
racr,0.001036,0.047
raia,0.201884,0.071
ralr,0.000013,0.014
rapa,0.002126,0.061
rapz,0.002879,0.005
rara,0.006109,0.005
rard,0.000472,0.017
rava,0.001287,0.040
rbsa,0.003121,0.008
rbsd,0.005488,0.005
rbsr,0.000049,0.005
rcba,0.000130,0.033
rcla,0.000611,0.034
rclb,0.000110,0.024
rclc,0.000177,0.057
rcnr,0.000263,0.059
rcsc,0.000815,0.080
rcsf,0.001522,0.020
reca,0.036321,0.009
recb,0.000258,0.061
recc,0.000981,0.051
recd,0.001187,0.015
rece,0.000241,0.095
recn,0.016849,0.038
reco,0.003986,0.016
recq,0.000091,0.006
rect,0.000337,0.085
rela,0.000759,0.021
relb,0.008329,0.022
rele,0.039134,0.028
rem,0.000727,0.024
rfah,0.001243,0.016
rfba,0.001492,0.093
rfbb,0.003148,0.091
rfbc,0.006067,0.197
rflp,0.000802,0.077
rhab,0.000031,0.021
rhat,0.000361,0.019
rhlb,0.003907,0.041
rho,0.016027,0.036
rhsa,0.000193,0.006
rhsb,0.000170,0.015
rhsc,0.000188,0.003
rhtb,0.000112,0.016
riba,0.003701,0.059
ribb,0.053615,0.011
ribc,0.002823,0.076
ribd,0.003634,0.091
rida,0.001595,0.009
riha,0.000254,0.027
rihb,0.000102,0.031
riml,0.000411,0.017
rimm,0.018248,0.011
rlha,0.000165,0.005
rlma,0.000722,0.057
rlmd,0.001094,0.069
rlme,0.044329,0.043
rlmi,0.002269,0.049
rlml,0.000662,0.005
rlmm,0.002072,0.045
rlmn,0.006422,0.051
rlud,0.002926,0.028
rlue,0.000292,0.041
rmf,0.288646,0.051
rna,0.004679,0.028
rnb,0.000738,0.061
rnc,0.013742,0.059
rnd,0.000660,0.031
rne,0.005678,0.069
rng,0.001150,0.010
rnla,0.002051,0.012
rnlb,0.002401,0.013
rodz,0.024382,0.018
roxa,0.017712,0.024
rpla,0.023597,0.030
rplc,0.015133,0.046
rpld,0.011700,0.029
rple,0.041065,0.038
rplf,0.039744,0.034
rpli,0.014243,0.022
rpll,0.078769,0.096
rplm,0.014649,0.016
rpln,0.028063,0.031
rplo,0.090861,0.047
rplq,0.025164,0.020
rpls,0.010279,0.038
rplt,0.099554,0.167
rplv,0.012685,0.006
rplw,0.014132,0.031
rpmc,0.016229,0.044
rpmg,0.009299,0.012
rpna,0.000037,0.006
rpnb,0.000273,0.057
rpnc,0.000087,0.005
rpoa,0.040977,0.060
rpob,0.013214,0.018
rpoc,0.017089,0.042
rpod,0.032057,0.051
rpoe,0.064780,0.077
rpoh,0.029859,0.016
rpos,0.152803,0.055
rpoz,0.010067,0.008
rpph,0.002748,0.037
rpsa,0.082167,0.089
rpsc,0.014798,0.016
rpsd,0.038670,0.042
rpse,0.042010,0.036
rpsh,0.025148,0.013
rpsl,0.056300,0.043
rpsn,0.042754,0.036
rpsq,0.023748,0.025
rraa,0.016681,0.023
rrab,0.034627,0.008
rrrq,0.000044,0.056
rsd,0.009038,0.047
rseb,0.008315,0.103
rsma,0.006179,0.014
rsmc,0.000872,0.027
rsmf,0.000238,0.010
rsmg,0.000652,0.037
rspa,0.000303,0.058
rspb,0.000428,0.061
rssa,0.004613,0.013
rssb,0.021885,0.014
rsta,0.001772,0.007
rsua,0.001764,0.030
rtcb,0.002405,0.042
ruta,0.000207,0.030
ruva,0.001976,0.033
ruvb,0.001910,0.049
rzpq,0.000000,0.044
sapb,0.005460,0.024
sapd,0.003574,0.031
sapf,0.002426,0.019
sbcc,0.000207,0.068
sbcd,0.000154,0.051
sbmc,0.011242,0.074
scpb,0.000108,0.006
sdaa,0.041859,0.013
sdhc,0.020158,0.022
sdhe,0.001184,0.006
sdia,0.005434,0.122
seca,0.002026,0.018
secd,0.002022,0.015
secf,0.008382,0.006
secm,0.001526,0.005
secy,0.072680,0.042
selo,0.001498,0.047
sera,0.002728,0.032
serc,0.006870,0.017
sfsa,0.012983,0.061
sgcb,0.001280,0.030
sgcc,0.001847,0.046
sgce,0.000816,0.011
sgcq,0.002339,0.049
sgcr,0.000188,0.053
sgrr,0.000409,0.014
sieb,0.000085,0.006
sixa,0.054947,0.019
slma,0.000563,0.004
slp,0.001986,0.007
slya,0.013387,0.060
slyb,0.077622,0.032
smg,0.026139,0.059
soda,0.053038,0.012
sodb,0.002549,0.019
soxr,0.008938,0.017
spea,0.030368,0.038
speb,0.006325,0.007
spec,0.000251,0.019
sped,0.000730,0.057
spee,0.001065,0.010
spef,0.000058,0.051
speg,0.001958,0.005
spot,0.001409,0.013
spy,0.002288,0.015
sra,0.039351,0.048
srka,0.001855,0.007
sseb,0.000387,0.090
sstt,0.029220,0.013
ssua,0.000046,0.022
ssue,0.000015,0.015
stfq,0.000030,0.043
stfr,0.000103,0.007
stpa,0.000310,0.020
succ,0.004900,0.005
sufa,0.013450,0.034
sufb,0.011049,0.044
sufc,0.011306,0.031
sufs,0.006724,0.060
suhb,0.000207,0.011
sula,0.020118,0.044
sura,0.005491,0.034
syd,0.001184,0.064
tama,0.000372,0.012
tap,0.000639,0.044
tar,0.001424,0.104
tcyj,0.019359,0.044
tcyl,0.007034,0.057
tcyn,0.011055,0.056
tdca,0.000107,0.013
tdcb,0.000170,0.032
tdcc,0.000177,0.023
tdcd,0.000107,0.010
tdce,0.000171,0.018
tdcg,0.000359,0.035
tdh,0.017392,0.025
tdk,0.001061,0.007
tetr,0.295627,1.027
tgt,0.000347,0.008
thil,0.000256,0.007
thrs,0.031301,0.101
thya,0.000823,0.070
tig,0.002358,0.009
tisb,0.323598,0.204
tkta,0.025064,0.010
tldd,0.009047,0.013
tmar,0.013444,0.032
tmca,0.001329,0.025
tmrna,38.131793,45.397
tola,0.003292,0.007
tolq,0.001432,0.011
tomb,0.009960,0.013
topa,0.004008,0.025
topai,0.000204,0.022
torr,0.000134,0.024
tors,0.000155,0.056
tort,0.000187,0.004
tory,0.000218,0.110
torz,0.000169,0.059
traj,0.000793,0.018
traq,0.000116,0.027
tray,0.000581,0.208
trea,0.004952,0.079
treb,0.000317,0.019
trec,0.000089,0.023
trer,0.000201,0.027
trho,0.000491,0.007
trka,0.006560,0.010
trma,0.013583,0.042
trpa,0.002550,0.039
trps,0.003064,0.018
trua,0.002516,0.028
trud,0.000291,0.023
trxa,0.027318,0.023
trxc,0.007511,0.012
tsab,0.000436,0.015
tsua,0.000940,0.072
tsub,0.001544,0.037
tsx,0.005347,0.021
ttca,0.001991,0.048
tusa,0.000615,0.009
tuse,0.000915,0.032
tyna,0.000098,0.088
tyra,0.003220,0.037
tyrp,0.001273,0.007
tyrr,0.007082,0.014
tyrs,0.006667,0.069
ubia,0.005700,0.006
ubib,0.000713,0.008
ubid,0.002640,0.014
ubii,0.001744,0.011
ubit,0.008666,0.009
ubix,0.000415,0.045
udk,0.000306,0.010
ugd,0.005212,0.114
ugpa,0.000624,0.007
uhpt,0.000640,0.039
uida,0.000284,0.047
uidb,0.000211,0.038
uidc,0.000648,0.081
ular,0.000709,0.022
umpg,0.001737,0.014
umuc,0.001133,0.007
uraa,0.000064,0.081
usha,0.001815,0.006
uspb,0.031942,0.043
uspc,0.000087,0.008
uspd,0.017573,0.012
uspf,0.018338,0.051
uvra,0.006446,0.065
uvrb,0.010292,0.019
uvrc,0.000944,0.076
uvry,0.002198,0.074
uxab,0.000577,0.072
uxac,0.000476,0.016
uxua,0.003702,0.008
uxur,0.008926,0.006
vals,0.004564,0.099
ves,0.000198,0.048
viaa,0.000440,0.021
vsr,0.000299,0.033
waab,0.001787,0.054
waag,0.003640,0.042
waah,0.000224,0.046
waaj,0.001113,0.049
waao,0.001087,0.065
waap,0.001661,0.048
waaq,0.004179,0.048
waay,0.000645,0.023
waaz,0.000493,0.036
wbbi,0.001588,0.097
wbbj,0.001152,0.042
wbbk,0.001250,0.058
wcaa,0.000029,0.020
wcab,0.000009,0.019
wcac,0.000076,0.038
wcad,0.000074,0.089
wcae,0.000017,0.088
wcaf,0.000019,0.043
wcai,0.000028,0.061
wcaj,0.000036,0.063
wcak,0.000022,0.044
wcal,0.000059,0.028
wcam,0.000024,0.169
wece,0.001357,0.004
wech,0.000852,0.004
wza,0.000008,0.062
wzc,0.000025,0.109
wzxc,0.000038,0.056
wzye,0.002383,0.003
wzzb,0.011472,0.132
xapa,0.000044,0.050
xapb,0.000340,0.067
xapr,0.001189,0.032
xdha,0.000383,0.019
xdhb,0.000234,0.002
xdhc,0.000721,0.003
xerd,0.001518,0.008
xisr,0.000012,0.013
xyla,0.006334,0.036
xyle,0.000381,0.031
xylf,0.000219,0.009
xylg,0.000104,0.008
yaaa,0.000487,0.045
yaai,0.000000,0.036
yaaj,0.000531,0.054
yabi,0.007317,0.012
yabp,0.002535,0.015
yach,0.000178,0.014
yadc,0.000253,0.070
yade,0.000515,0.006
yadg,0.003714,0.017
yadh,0.006325,0.005
yadk,0.000052,0.058
yadl,0.000173,0.070
yadm,0.000110,0.064
yadn,0.000048,0.064
yadv,0.000137,0.042
yaef,0.000071,0.060
yaeh,0.017171,0.045
yaei,0.000108,0.055
yafc,0.003038,0.051
yafd,0.016670,0.008
yafl,0.000346,0.004
yafo,0.001064,0.015
yafq,0.001503,0.046
yaft,0.000078,0.004
yafw,0.000000,0.011
yagb,0.000459,0.022
yagj,0.000827,0.013
yagk,0.000842,0.060
yagl,0.000050,0.075
yagm,0.000027,0.065
yagn,0.000623,0.051
yagu,0.002065,0.015
yahb,0.000215,0.048
yahc,0.000165,0.027
yahd,0.000145,0.016
yahk,0.012311,0.013
yaho,0.060525,0.018
yail,0.000719,0.003
yaio,0.002924,0.051
yaip,0.000210,0.041
yaiw,0.000550,0.004
yajd,0.005840,0.014
yaji,0.000585,0.026
yajl,0.002036,0.009
yajo,0.022890,0.016
yajr,0.000178,0.045
ybaa,0.033415,0.008
ybaq,0.003331,0.010
ybbc,0.000052,0.003
ybbo,0.000781,0.009
ybbp,0.000572,0.004
ybch,0.000564,0.017
ybcl,0.000544,0.010
ybcm,0.002982,0.009
ybdg,0.001938,0.056
ybdk,0.013312,0.023
ybdm,0.000231,0.050
ybdn,0.000188,0.030
ybdo,0.000031,0.042
ybdr,0.001292,0.006
ybed,0.011475,0.049
ybef,0.000007,0.083
ybeq,0.000203,0.053
yber,0.000015,0.004
ybet,0.000014,0.079
ybeu,0.000004,0.009
ybey,0.007639,0.011
ybez,0.011296,0.038
ybfe,0.000054,0.021
ybff,0.000831,0.023
ybga,0.003105,0.012
ybgd,0.000073,0.011
ybgo,0.000238,0.096
ybgp,0.000014,0.053
ybgq,0.000019,0.048
ybgs,0.036832,0.029
ybha,0.000264,0.041
ybhb,0.008888,0.014
ybhd,0.000049,0.079
ybhf,0.001007,0.018
ybhh,0.000016,0.007
ybhi,0.000036,0.015
ybhj,0.000071,0.005
ybhn,0.000527,0.032
ybhr,0.000547,0.016
ybhs,0.000637,0.006
ybio,0.001084,0.059
ybir,0.001355,0.007
ybiv,0.000923,0.064
ybiw,0.000128,0.044
ybix,0.000296,0.033
ybiy,0.000024,0.037
ybjc,0.000588,0.005
ybji,0.001127,0.048
ybjl,0.002649,0.073
ybjn,0.001374,0.006
ybjs,0.000233,0.006
ybjt,0.000739,0.022
ybjx,0.004037,0.056
ycac,0.004273,0.064
ycai,0.000261,0.005
ycak,0.000023,0.013
ycam,0.000658,0.008
ycan,0.000218,0.069
ycao,0.000266,0.079
ycap,0.000741,0.011
ycbf,0.000067,0.009
ycbj,0.002444,0.009
ycbz,0.009986,0.070
ycca,0.035345,0.032
ycce,0.000024,0.024
yccf,0.000381,0.060
yccj,0.216245,0.136
yccm,0.000089,0.050
yccs,0.000366,0.085
ycct,0.001618,0.037
ycdu,0.000159,0.010
yceb,0.003529,0.037
ycef,0.007711,0.045
ycei,0.000154,0.074
ycfh,0.020108,0.070
ycfp,0.007096,0.017
ycft,0.000051,0.042
ycfz,0.000028,0.121
ycgb,0.044374,0.112
ycgv,0.000185,0.065
ycgx,0.000021,0.024
ycgy,0.002902,0.004
ycgz,0.001267,0.025
ychf,0.004318,0.040
ychj,0.000595,0.041
ycho,0.000118,0.007
ycia,0.000201,0.047
ycib,0.012346,0.065
ycie,0.007351,0.079
ycif,0.008975,0.066
ycii,0.000438,0.019
ycit,0.000610,0.040
yciu,0.005347,0.029
yciw,0.000132,0.046
ycix,0.001819,0.012
ycjd,0.000540,0.032
ycjm,0.000033,0.012
ycjr,0.000038,0.009
ycjt,0.000040,0.007
ycjw,0.000029,0.070
ycjy,0.000195,0.070
ydae,0.000536,0.028
ydag,0.052605,0.076
ydat,0.000902,0.004
ydbl,0.000950,0.006
ydcd,0.000121,0.006
ydch,0.007042,0.013
ydci,0.001536,0.059
ydck,0.002178,0.078
ydcl,0.028869,0.040
ydco,0.000341,0.024
ydda,0.000011,0.076
yddb,0.000021,0.075
yddg,0.000068,0.083
yddh,0.002051,0.024
yddm,0.040043,0.036
ydei,0.028741,0.020
ydej,0.008676,0.011
ydem,0.000037,0.084
yden,0.000075,0.093
ydeo,0.000122,0.102
ydep,0.000315,0.071
ydeq,0.000035,0.079
yder,0.000039,0.061
ydes,0.000119,0.059
ydfc,0.001417,0.003
ydfi,0.000123,0.092
ydfk,0.000474,0.096
ydfr,0.000035,0.031
ydft,0.000130,0.072
ydfu,0.000018,0.025
ydfw,0.000662,0.029
ydga,0.018680,0.022
ydgc,0.000831,0.054
ydgh,0.000862,0.002
ydhq,0.005936,0.055
ydhu,0.000106,0.049
ydhv,0.000057,0.056
ydhw,0.000125,0.029
ydhx,0.000065,0.029
ydhy,0.000000,0.096
ydib,0.000032,0.005
ydih,0.003605,0.017
ydij,0.000326,0.082
ydin,0.000075,0.005
ydip,0.000330,0.073
ydiq,0.000091,0.009
ydiy,0.000139,0.041
ydja,0.003382,0.057
ydje,0.000166,0.100
ydjf,0.000555,0.103
ydjg,0.000342,0.086
ydjh,0.000070,0.127
ydji,0.000164,0.127
ydjj,0.000086,0.080
ydjk,0.000078,0.096
ydjl,0.000076,0.087
ydjo,0.000010,0.063
yeac,0.006648,0.062
yead,0.000434,0.006
yeag,0.113849,0.113
yeah,0.032854,0.021
yeak,0.000476,0.011
yeaq,0.007815,0.044
year,0.000176,0.059
yeay,0.020199,0.040
yebb,0.000066,0.013
yebc,0.002649,0.027
yebf,0.013946,0.026
yebg,0.013918,0.026
yebo,0.005342,0.027
yeby,0.001761,0.029
yecj,0.000334,0.027
yect,0.000051,0.015
yedd,0.002732,0.023
yede,0.000415,0.004
yedi,0.013227,0.075
yedp,0.017288,0.015
yeea,0.003549,0.054
yeej,0.000204,0.006
yeen,0.000452,0.006
yeeo,0.005280,0.047
yeey,0.019839,0.057
yeez,0.018020,0.096
yefm,0.005076,0.028
yegi,0.000110,0.085
yegl,0.000038,0.039
yegr,0.000390,0.052
yegt,0.000297,0.009
yegw,0.000429,0.053
yegx,0.000283,0.060
yeha,0.000246,0.104
yehb,0.000060,0.104
yehc,0.000000,0.085
yehd,0.000000,0.060
yehe,0.003310,0.050
yehm,0.000061,0.008
yehr,0.000582,0.004
yehs,0.003876,0.040
yehw,0.000833,0.022
yeii,0.000151,0.004
yeil,0.000058,0.005
yeiq,0.000843,0.003
yejb,0.000112,0.006
yeje,0.000149,0.009
yejk,0.000993,0.023
yfaa,0.000106,0.108
yfal,0.000294,0.100
yfap,0.000596,0.034
yfaq,0.000091,0.030
yfat,0.000011,0.096
yfav,0.000243,0.033
yfax,0.000379,0.042
yfay,0.002197,0.033
yfaz,0.000370,0.016
yfbk,0.000103,0.071
yfbl,0.000045,0.008
yfbm,0.000131,0.007
yfbn,0.000015,0.109
yfbp,0.000338,0.010
yfbs,0.000653,0.070
yfbu,0.008192,0.042
yfbv,0.047585,0.023
yfce,0.002925,0.014
yfcf,0.002461,0.022
yfcg,0.005946,0.016
yfco,0.005662,0.127
yfcp,0.000101,0.038
yfcq,0.000030,0.025
yfcr,0.000014,0.051
yfcs,0.000022,0.025
yfcv,0.000127,0.117
yfde,0.001401,0.093
yfdf,0.000033,0.011
yfdh,0.000093,0.007
yfdk,0.000173,0.071
yfdr,0.000000,0.010
yfds,0.000000,0.004
yfdv,0.000313,0.078
yfdx,0.000218,0.043
yfek,0.000141,0.005
yfes,0.000285,0.010
yfey,0.000921,0.062
yfez,0.001336,0.015
yffq,0.000062,0.007
yffr,0.000500,0.006
yffs,0.001120,0.007
yfgi,0.002593,0.006
yfgm,0.002330,0.017
yfhm,0.003731,0.072
yfib,0.000226,0.004
yfie,0.001194,0.047
yfif,0.001899,0.019
yfih,0.002321,0.004
yfir,0.000683,0.008
yfjd,0.000441,0.006
yfjf,0.000764,0.005
yfjh,0.000170,0.114
yfji,0.000070,0.012
yfjm,0.000125,0.040
yfp,0.088418,0.140
ygac,0.002003,0.046
ygam,0.081563,0.071
ygbi,0.002385,0.043
ygbk,0.000670,0.005
ygbn,0.000449,0.004
ygce,0.000145,0.010
ygcs,0.000035,0.030
ygcu,0.000107,0.065
ygcw,0.000010,0.085
ygdg,0.000156,0.008
ygdi,0.009965,0.039
ygeh,0.000006,0.007
ygeq,0.000217,0.026
ygey,0.000097,0.007
ygfi,0.000189,0.008
ygfk,0.000129,0.011
ygft,0.000171,0.019
yggc,0.000694,0.008
ygge,0.021369,0.034
yggm,0.000058,0.008
yghb,0.009276,0.009
yghj,0.000212,0.017
ygho,0.000044,0.012
yghr,0.000057,0.008
ygic,0.005327,0.012
ygiq,0.000224,0.006
ygis,0.000518,0.017
ygjh,0.001179,0.019
ygjq,0.000024,0.004
yhak,0.000268,0.003
yhav,0.006365,0.020
yhcc,0.000231,0.003
yhcd,0.000103,0.005
yhcf,0.000451,0.012
yhcg,0.000430,0.010
yhco,0.006672,0.012
yhdn,0.002151,0.009
yhdp,0.000609,0.039
yhdv,0.001351,0.003
yheo,0.001718,0.031
yhev,0.001139,0.009
yhfk,0.000090,0.007
yhfw,0.000046,0.014
yhfx,0.000075,0.008
yhfz,0.000557,0.016
yhge,0.000228,0.029
yhha,0.036290,0.018
yhhi,0.000044,0.006
yhhm,0.000308,0.004
yhhs,0.000625,0.009
yhht,0.003322,0.006
yhhw,0.004608,0.013
yhhx,0.004606,0.029
yhid,0.000169,0.036
yhij,0.000155,0.053
yhjb,0.000373,0.017
yhjg,0.016740,0.067
yhjj,0.000999,0.023
yhjr,0.006223,0.036
yhjx,0.000711,0.030
yhjy,0.004228,0.035
yiaa,0.000331,0.036
yiab,0.000012,0.016
yiad,0.000333,0.004
yiaf,0.026932,0.036
yiag,0.080125,0.011
yial,0.000082,0.008
yian,0.000021,0.006
yiat,0.000702,0.035
yiau,0.000745,0.007
yiaw,0.000200,0.018
yiay,0.000029,0.035
yiba,0.000519,0.005
yibn,0.003549,0.015
yibt,0.045558,0.026
yicc,0.004850,0.006
yich,0.011481,0.007
yici,0.000196,0.037
yicj,0.000086,0.046
yicn,0.001496,0.037
yida,0.002259,0.022
yidc,0.001651,0.007
yide,0.002609,0.020
yidh,0.000951,0.015
yidj,0.000045,0.038
yidk,0.000030,0.040
yidl,0.000109,0.009
yidp,0.000036,0.004
yidr,0.000688,0.031
yieh,0.000300,0.009
yiek,0.000153,0.034
yiel,0.000015,0.047
yiep,0.000735,0.048
yifb,0.000045,0.045
yifk,0.001750,0.008
yige,0.000026,0.058
yiha,0.006248,0.020
yihf,0.000135,0.004
yihg,0.000047,0.044
yiho,0.001131,0.049
yihp,0.000043,0.036
yihq,0.000056,0.018
yihr,0.000056,0.055
yihs,0.000123,0.036
yiht,0.000052,0.013
yihx,0.002010,0.006
yiig,0.000051,0.009
yiix,0.000600,0.023
yijd,0.013052,0.007
yijf,0.000029,0.020
yijo,0.000149,0.052
yjaz,0.000070,0.008
yjbh,0.000237,0.012
yjbj,0.226249,0.158
yjcb,0.002553,0.010
yjch,0.002589,0.016
yjco,0.000871,0.029
yjcs,0.000028,0.066
yjdc,0.016449,0.009
yjdm,0.009122,0.026
yjej,0.000044,0.070
yjem,0.001419,0.005
yjfj,0.000185,0.009
yjfy,0.005153,0.022
yjfz,0.000038,0.070
yjga,0.010514,0.023
yjgh,0.003086,0.015
yjgm,0.002325,0.021
yjgn,0.000084,0.008
yjgr,0.007207,0.055
yjhf,0.000149,0.030
yjhg,0.001193,0.048
yjhh,0.001451,0.016
yjhi,0.000903,0.074
yjia,0.000332,0.035
yjic,0.000080,0.048
yjik,0.000108,0.051
yjim,0.001548,0.026
yjin,0.002588,0.024
yjir,0.000600,0.043
yjjb,0.000417,0.017
yjji,0.000059,0.053
yjjp,0.000275,0.040
yjjq,0.000006,0.007
yjtd,0.000282,0.011
ykfa,0.001355,0.029
ykfb,0.012291,0.014
ykgh,0.000211,0.050
ykgl,0.000226,0.006
ykgm,0.000315,0.038
ykgo,0.000060,0.009
ylac,0.001071,0.030
ymdb,0.003161,0.003
ymdf,0.611563,0.028
ymfa,0.000027,0.051
ymga,0.001170,0.026
ymge,0.048892,0.010
ymja,0.000361,0.047
ynai,0.000430,0.043
yncj,0.000415,0.026
ynee,0.000059,0.072
ynfc,0.001088,0.082
ynfe,0.000120,0.004
ynff,0.000150,0.008
ynfl,0.000257,0.018
ynib,0.018862,0.092
ynjh,0.001427,0.033
ynji,0.000022,0.097
yoag,0.000334,0.040
yoba,0.001561,0.049
yobd,0.000885,0.009
yobf,0.023696,0.048
yodd,0.252220,0.065
yohc,0.257646,0.070
yoji,0.000376,0.120
ypdf,0.000048,0.025
ypea,0.002748,0.046
ypeb,0.000624,0.008
ypec,0.000767,0.006
ypfg,0.000460,0.034
ypfj,0.009832,0.019
yphb,0.001206,0.021
yphc,0.000687,0.008
yphf,0.000503,0.099
yphg,0.000198,0.061
yphh,0.000437,0.011
ypja,0.002029,0.074
yqab,0.001180,0.021
yqae,0.003744,0.021
yqca,0.002758,0.012
yqcc,0.000982,0.005
yqef,0.001991,0.021
yqeh,0.000048,0.012
yqek,0.000000,0.011
yqgd,0.000039,0.004
yqhg,0.000312,0.017
yqii,0.000056,0.004
yqij,0.000199,0.003
yqjc,0.014158,0.036
yqjd,0.016705,0.009
yqjg,0.010608,0.037
yrbl,0.104911,0.046
yrdb,0.003636,0.012
yrdd,0.007909,0.020
yrfg,0.005664,0.006
ysab,0.000726,0.010
yshb,0.008211,0.037
ytfe,0.000531,0.022
ytfi,0.000262,0.007
ytfk,0.210963,0.028
zapa,0.043805,0.021
zapb,0.006896,0.007
zapc,0.001037,0.010
zapd,0.002996,0.017
zape,0.000257,0.016
zapg,0.054005,0.011
zipa,0.013651,0.116
zntb,0.005602,0.006
zntr,0.002272,0.018
znua,0.003972,0.145
znub,0.001063,0.004
znuc,0.001649,0.009
zrap,0.000496,0.013
zupt,0.011919,0.003
zur,0.000640,0.008
zwf,0.005768,0.111
