,bulk|CASP_biorep1,bulk|CASP_biorep2,bulk|CASP_biorep3,bulk|Disrupted_biorep1,bulk|Disrupted_biorep2,bulk|Disrupted_biorep3,shx|Disrupted_biorep1t6,shx|Disrupted_biorep1t7,shx|Disrupted_biorep1t8,casp|CASP biorep1 400min,casp|CASP biorep1 511min,casp|CASP biorep1 621min
cysP,-5.579550714571743,2.108475541272143,-5.470058011849365,-0.026512630229589718,7.283019316137853,-0.04339265934655678,2.3485585892379564,1.671165973478462,1.2981244349601844,-2.970876156147772,-1.7453626314790749,-2.329629368637016
cysJ,-7.053418573697848,-0.5685562408274274,-9.670857725329457,-1.476738908054191,3.91144918285124,-2.0841632174048748,-0.46121793676848544,-0.8996947716216139,-1.1564338739218103,-4.3290978218602865,-4.8975332742071735,-5.1983078040831945
mcbA,11.220026220800863,8.262401861223012,10.726445639609567,2.976974132235049,1.6280740167274912,2.3822658121399067,3.2837219970653035,3.6462656845640047,3.6075878291583643,9.524598204661137,7.93311278724466,9.200901180042415
ycjM,-1.4055892817650686,-0.3572237092094568,-1.0299066985102776,5.8252744686327125,5.287721625287689,5.420775995090403,5.554643114439527,5.35195165391624,5.229447351621783,-0.9882057356676224,-0.7840210705216448,-0.6227629142622864
cysD,-5.2054008274352865,0.5354621321606148,-6.173626062950153,0.34185747710609604,5.11377314909249,0.017049765179194765,1.2254135515730402,0.5799308414089763,0.4265963733547702,-3.0530363268863008,-1.8309164672735596,-2.7188723390239753
sbp,-5.466464817752123,0.6221965465135257,-5.543989715589449,0.443743526080457,4.6542322217633725,0.43281792778435424,1.2134089594821962,0.5330147420210913,-0.04761861770972864,-2.3453849884442164,-2.047187647846312,-2.1636967587028915
pspB,5.3144972237545325,5.0999023296025126,4.292913506108211,9.38004305696527,10.594760688452647,10.160934179833678,10.190654572347638,10.200108558420302,10.109432923153436,3.0033852223178292,6.064353514019023,5.275116194458634
ycjN,-0.8208456260907151,-0.5256809385607069,-4.715435027714303,5.21146486018237,3.3009562138553736,3.1279624035560047,2.8648344665246523,2.870295402592179,2.916449551422325,-0.7332970324154511,-1.626736000203409,-0.7131245026922732
alaE,6.406957234274152,5.1104658216043015,7.931459682945013,0.7566212550853155,-1.0687192296564163,1.5500947883665166,1.25482616596804,1.5162492462261892,1.5923597829016798,4.311743919025213,6.089366399708261,5.922334038789506
ilvM,-1.3693752834937722,-2.0128758430609763,-0.1958268646362855,5.364178929229823,6.2763238401810995,5.784220483234673,4.469963095864001,3.187537187475777,3.079705087441921,0.2991875659970533,1.6403696519725377,1.1698826727032727
cysW,-4.162449763484648,1.8256039215190096,-4.169532629168545,-0.03665950618081304,5.571532520265523,0.13112729252311084,1.854252291768859,1.5150164874958532,1.1752859473575374,-1.9124474955715027,-1.1835993442986914,-2.2888860512784226
pspA,6.039479099698203,5.014948647134625,5.028123229852881,9.384497318692027,10.78163563078273,10.542093032500729,10.376850550920638,10.744219271442342,10.174193912775651,3.1901261267551115,6.27008585938854,6.035301237378916
tsuB,-3.1690953118564886,2.748608711284594,-2.9654854770407244,1.382432124629391,6.926728861174967,1.138921135440535,3.017486934183517,2.557091826215495,1.7984977556732609,-0.21815609884486453,-0.6620228848421956,-0.43078748875294015
ssrA,3.4142710221117483,4.076119651505113,4.061257327298648,-2.7977677886701073,-1.2341811896431913,-2.510701450961971,-2.1280752289926785,-1.1793398191520859,-0.14813406671109985,2.460445686734205,3.0801937112362494,2.923907288525656
ycjP,-3.690777381317661,-3.8739476591764115,-3.291329475043519,4.095594741289462,1.6176339237876896,3.126645068376798,0.8948377632573654,0.8484760080710376,0.6298168095279377,-2.935959490091548,-0.4590661223982224,-0.99428575045022
pspE,2.946794604552288,3.4473019021374904,3.399252498359637,6.2755884916706055,8.530889090368404,7.725742982252061,7.938985752140573,8.162566278966318,8.23567132186564,0.9651403794426625,3.560534595788351,3.4626712411369422
suhB,-4.395405772497653,-2.0878824708504657,-10.71417399922945,-1.9780815059341528,0.29702533005201026,-3.036020662702045,-2.5772917866958998,-3.131410668710424,-3.065626267548628,-4.279130675851572,-3.939502940557333,-4.921576741797901
pspC,5.639893465910386,5.133781575227768,5.104586279899467,9.145217127576164,10.349715019874697,10.162487124547106,10.036883467733048,10.146226285055008,10.105318870345897,3.3578471330182547,6.244272006235753,5.6451328306476265
ymdF,8.40612584244715,6.470612641837443,8.930061385603693,1.9434141859173497,0.8510662068267223,2.266337125216533,2.8982103709577998,3.9473173939088535,4.338546958171615,7.133840034705431,5.256674952664662,5.293027677440536
evgA,-3.8777228079685417,-3.435920483019806,-5.83382978390592,1.0227100565055922,1.7934043929974468,2.359117896881492,0.5775396370905486,0.12130796365569507,-0.36454609951366246,-2.624498559689608,-2.6260876385163328,-3.055956031536376
pspD,5.751965799405716,4.907609253891851,4.753966460904941,9.01871312996445,10.260603934912481,9.618420698006863,9.77337529450804,9.965854987898664,9.903617538777196,3.3969149284741262,5.796253018741709,5.475263508686572
gatA,-1.8002255609228772,-1.4349614967288673,-1.843603236237497,-7.680207671940743,-7.544668038267668,-7.796752510008245,-6.523675123549479,-6.112292694730135,-5.763168103178419,-1.55699328987312,-4.536715706464891,-3.607573596309854
cysT,-4.152031730141069,1.0279223270115212,-5.188667935159634,-0.4856647835254133,3.604552834976782,-0.3937689895122638,1.1867258732874661,0.632873375850403,0.3403496670084907,-3.1007767656795844,-2.0202344937553276,-2.626595933061523
gatY,1.1887352526407113,1.7099000674590865,1.287618836229603,-4.808807514554722,-3.511580828787274,-4.476712514280829,-3.718981816505493,-3.222287304256036,-2.8931304435490803,-0.004402472768490928,0.6222912930734655,0.6056640427122123
gfcA,-2.142379775988846,-3.7162706609721794,-4.127758090661935,2.3946076826884557,2.716610707427605,3.2389439900015136,1.3785287757992992,0.581558736960393,0.827474380797335,-1.976044280035734,-1.6447383434936609,-0.8030254175330227
aspA,0.5613388648941591,1.208781264026804,0.5207393380820289,-5.175366925190575,-3.7137308594909175,-5.155385144438039,-4.671990248014518,-3.690636529508497,-3.0504371122357785,-0.2809825546457479,-0.16400336460897874,0.10442634689697877
ydeR,1.38627496670395,-3.630460456129153,0.0,4.546640246560536,2.407216714964037,6.417974543420317,3.1711122825710794,2.655036388560723,2.0612191451543254,0.6713953786866076,1.6152476234513407,0.9536351970956078
cysN,-3.735801648902563,0.3031877008758732,-4.223773323823744,1.3791209925650225,4.536677051320927,1.1738292242822794,1.6100469052295137,1.0821804112782716,0.924515113788511,-1.5345093183466196,-1.1974918246435489,-1.4515012909883303
rmf,4.8255201818987015,3.81430204974947,4.961660232618765,-0.7641446599133381,0.9047159351286247,0.24174550094904035,0.0890900517209596,0.37419665946585123,-0.34863870387420715,4.3612260705170085,4.693995755430422,4.813929407171233
ydfU,-0.7496059591516384,-0.8735109222145896,-4.715435027714303,2.834992941394674,2.563347115927253,1.0836820817495108,1.924606417509306,1.992546079038898,2.022770177075061,-1.182622207389254,-2.315193435274437,-2.2986368009686684
idlP,-0.9947742686189488,0.0,-1.0695423456239854,3.785419969046014,5.315278471141775,2.585698628531471,4.2577557917046684,3.3926945216199065,3.270926434445538,-0.18944226960835278,-1.1253816933868215,0.015527669701382613
ilvX,0.7434114537921563,3.5529741441788087,-2.431641664355004,5.392927737247418,6.268085945677047,4.716533758696981,4.388419709798575,2.6615177498407236,3.422737465282834,1.3562917455359114,4.00768397998333,2.4056407247960325
cheB,-4.926099042802204,-4.491746031312065,-7.37901975331668,0.9647170847029347,-2.5243355818153095,-2.727983942774185,-2.063276626109893,-1.820188656417988,-1.4092616032255412,-4.047317735276522,-5.930362289722052,-5.814060356565513
hycA,-1.9921542875012972,3.002536252500806,0.0,5.2922773944733255,2.6900143608550335,3.4518081577638924,3.898897416506593,4.009724197130238,4.267109815398689,0.4988700927817957,-1.0000302093115256,0.7699105655859724
argC,5.72996584092686,5.221265558325879,5.590810487881043,0.6089310964655414,-0.8153599754702219,0.11140398465396562,2.587230034257941,2.0887696096687187,1.7286248392108203,5.841904740283219,2.3329102938467208,1.8675774755156511
ycjO,-0.4602054498652284,-1.7016349598090956,-4.034105185598949,4.179941238805486,2.0263941443099256,2.7301732322120174,1.8599427071864896,1.5982261291284412,2.0734224394368863,-0.9390334885115164,-0.8593485583049576,-0.9926462088811876
argO,-0.24754330897119647,-1.3015725831351288,0.4085753405550614,3.8977169170187516,3.6598081569281513,4.652604904013154,4.346889903921202,3.8972410187212176,3.5259187600730613,0.3053516538901463,-0.06759904126105817,-0.9382128689357737
flhe,-7.696043504124347,-9.403518340752589,-10.315683415940153,-1.9349053791420747,-5.052453408746842,-5.222288414458716,-5.54414561708081,-5.3852352436273,-5.260032281941049,-8.119744385373759,-7.83439790789384,-7.481337027247972
cysI,-5.162075614587386,0.7249450687021746,-4.85095519010273,-1.1294307955353577,2.741521710500974,-1.5617002526169728,-0.30054357739790616,-0.47061936802614524,-0.10157697292049717,-2.5914330792024773,-2.665346657712558,-3.108175418379713
ycjQ,-2.8778647944016416,-2.219452861564867,-5.62485449765063,3.4137764486118645,0.7836983462212253,0.8479783310734499,-0.32839667129025263,-0.059773075863501335,0.1561489287171065,-1.862047969104027,-1.7652444665181675,-1.8174057736517615
gatZ,0.029586030065324564,0.26217195769444857,-0.1680339328824907,-5.792756371938513,-4.809635042475822,-5.6008266974009615,-4.392528992993053,-3.959686625564197,-3.8400407187503176,-0.9294295450892983,-1.736514090359376,-1.2212940841817743
ycgZ,3.4969387827485616,1.3003673977486194,2.3056183314421843,7.546520638580208,7.021393054168874,7.322165405733026,6.86641998742341,6.657664410329958,6.029626389169235,2.8937913418040457,2.9867386993364127,3.5587627823584125
cysA,-2.8709709544724777,1.2233179120979951,-2.029606702707481,1.2131988881395337,4.941669215822156,1.8545929158365464,2.6914397230351295,2.2504173970358163,2.1148894223963435,-0.5554488433595075,-0.8726614600592473,-1.2964349643322677
glcE,-0.6801002911422405,-5.970295530358325,-2.3156862540319763,-3.068525264954588,-8.922692750767954,-3.3737166674499175,-5.7148751324871565,-5.529060541525961,-5.218204503100017,-2.4680793427391716,-2.6948884250181706,-2.705908813834524
ycjR,-1.3774686413974622,-4.0160769281376405,-4.774545651202771,2.7600680413826693,0.7322432315379412,0.889656604260999,0.3379863973676169,0.0076308654960488,0.6826773929998362,-2.002570690424305,-1.7706340584084415,-3.0412132505870217
yoeI,-5.237733567418374,2.105699650349267,-2.0794484884868485,-2.308047026986363,0.8881054912368795,-6.087989258700936,-1.3445456215413256,-1.9035624718259538,-1.351608173776294,-2.8389502891367275,-2.646766293899079,-2.6339803498269925
glcD,-0.8904368474169235,-6.0672011729154836,-1.1406164176434537,-2.9702271241865636,-8.420681599010486,-3.2022917944555376,-5.536622676296128,-5.091852457924474,-4.770676009345353,-2.7181943908528927,-2.117073691172414,-2.457035730037183
gatB,-3.4045697289982737,-2.8351556187727684,-2.730436446898656,-7.933611237054792,-7.64167048922375,-9.112287187264148,-6.531012910005087,-6.4812724924408975,-6.60587584610495,-2.6419857541498297,-6.0033193982097535,-5.394264307301873
hycB,-0.8392195875101445,0.09857767691010633,0.0,4.893455824441995,1.0136995580369002,4.86636785053721,3.0047031462751885,3.552604459647206,3.8234960026848137,0.6969093110255724,-1.228962704457125,0.18413110724041304
cysC,-3.0547144236557235,-0.5240286027839716,-4.189217085867284,1.298661932564574,3.7665275979653368,2.142921859631662,1.2562101438016537,0.796113526631298,0.6340043524130989,-0.7172795246599895,-0.9556066664271412,-1.573290553904324
mdtJ,-4.981076487194651,-5.166409393287713,-1.1411769031558157,0.26977613790078436,1.4297248193301986,0.7910387209125629,-0.030362343781121792,-0.31440579733041285,-0.6901563680488703,-3.8848481908170056,-2.058264914253411,-1.8200854912638087
kbaY,-1.4644654617806974,-4.264172723154811,0.8533097540025709,1.464612971776818,2.9247946736680968,3.2779149081762755,1.3439517516756543,1.8158875981041853,2.0623407484370646,-1.7050163697273235,-0.11440055908965929,-0.6107690467116709
dctA,-0.43616524236660936,1.2206038109926975,-0.5727865828570717,-4.901113686040796,-2.9599747561508565,-4.818612689500807,-4.018805848436086,-3.884688186986341,-3.5727445624967458,-1.4586421393823374,0.4024648446183474,0.06436674675972442
dsdX,0.6952652974073139,-6.019966626900026,-0.12288129051542995,1.3092676183092733,-1.5941870306846502,1.490769060800182,-0.6222130035941551,0.7367036668338405,1.5304838767806266,-2.221874380722817,-1.6580591066397425,-2.0067740242410905
ydhY,-0.8392195875101445,-3.7162706609721794,-2.9245949398100457,3.0451995389994697,1.645144212488764,3.2168826329114486,1.458001661855711,1.3685873882618411,0.16385789630663616,-1.2441263015226216,-0.8932402650495672,-0.425939183744688
ymgA,2.8610987194540587,2.9631771487454635,4.732481286338748,7.535050183369766,7.955643061257263,8.557111140247713,8.199664736181415,7.301257229090825,6.73608418697246,4.0086129621012505,3.9609275468996477,4.3980148781674115
yafP,1.0449275527565831,-0.9365362952791072,1.0599587256725087,4.05717169060173,3.5754019789474167,5.122438306861789,4.697654433462324,4.273118032401971,3.8223489881395682,1.1260834801807063,-0.17124437358651085,0.17540139896285817
bhsA,6.454273296866381,5.104884448412148,6.635900237049344,9.049031495505977,9.107655150581408,9.554054946284376,10.089463744641705,10.285180545198056,9.415412701659065,4.962209280882217,4.835255777106091,6.318277525212498
tcyP,-1.903431514869034,3.1566779055304046,-2.131585387930528,-0.035946576594419355,5.128833571571704,0.36852911030738333,2.0855550536449634,1.76465290595692,1.6468283999901168,-1.3011666025985065,0.33785054273829485,0.04935680828372224
proV,-2.600941385167041,-4.489843917721709,-3.079224525540095,1.6111546313816314,1.111088674482593,1.5368516405545236,1.0339126305855364,0.3295719174430596,-0.26789083172195505,-2.3611128805628736,-1.9897299188930513,-2.655665798860811
cspF,-5.175979820245789,-2.475378642929411,-7.561396713086295,-2.297905054310557,0.9205756798001641,-3.066913309641368,-2.3133577352250683,-1.9176115088600894,-2.492694847868634,-4.978797621925792,-4.289541573951326,-3.6649945725823505
cdh,-4.12767847093771,0.4346240270367172,-6.382106275358037,-0.14330170385291474,0.6706998755092197,-0.8667494786025065,-0.08967723233464331,-0.6090991757141266,-1.5101096843306168,-3.2770610253289183,-2.474586648447035,-2.4539782600498947
mutM,-1.5157392376319923,-0.23723025494792793,-6.323933111908915,0.5834516859582903,2.03529454260567,1.1134317505754945,0.24339055097953383,0.033345159687291626,-0.36002576294564553,-1.2620934978540248,-1.962624325185037,-1.0367167500315038
yafZ,1.1771862609196537,-1.006971750616482,-2.9245949398100457,3.3553940847040704,1.8997815453779365,2.5375267099516607,2.872456246221193,2.6351968482201777,2.170873318130037,-0.4652626794832352,-0.21077884098482713,-1.9641629815765564
hycD,0.8163237269639279,0.22224945567365229,-3.710001038200475,4.555670007276331,0.20561363163331592,1.2360785890594084,1.6058483495039937,1.852813433328735,2.0712956461864707,-0.22761207521277138,-0.1779837574322808,-1.7984272239679893
cspE,0.7081860203498795,2.1105500639347703,1.5101115630570732,-3.559110098155486,-1.7158533812238161,-3.255150565071604,-2.630308705198057,-2.0278552383572825,-2.171104977514998,0.1736945083961659,1.1308570914254905,1.3234509241395007
napB,0.746104435135448,1.3437905497739737,-4.6537986477474895,0.28958328955552703,1.4556136751734083,-4.6537986477474895,-0.791386358454321,0.11065266671068974,-0.4553497874074335,-0.7403325038095399,-2.327704286870526,-1.2683850760254938
cheY,-5.12892349066783,-4.971317491841192,-8.47087492961174,-0.16302869177350487,-3.0919820715783706,-2.588350250571737,-3.2120168333539665,-3.1376036298649046,-3.302683340132309,-3.937443263794588,-5.496400219327915,-5.328329639570698
gabP,2.449373670055916,-0.5524829160512326,2.454892049988902,-1.3243010512683009,-2.801908956601416,-0.11728702035406346,0.49525483249246555,1.7613252735335865,2.245668009407922,0.7763835465035795,-3.3460131681365834,-1.824332718031165
dicC,2.705058512809361,3.7653487155418737,0.0,2.8369911795183125,5.008929752486273,5.161770634682138,5.303417803127232,5.360596277775165,5.287352272407605,1.215075716231055,2.032520433044316,0.2791362924525862
ycgX,-4.077610398460024,-3.7162706609721794,-0.34928468229594856,0.8353063555344225,1.3432020644232927,2.3107451557775076,0.8162929406368071,0.5346668053079984,0.47580001358722307,-1.9243157833305744,-1.6205385789686215,-1.935817563225762
nudJ,-1.0038193963423598,-2.0368042043852723,-6.821127045970688,0.8511610106182586,0.5066618809009409,0.36036710408377104,-0.3233153123183713,-0.7795939315667831,-0.9901121540393093,-1.4606763661829696,-2.055400456763441,-2.5344624302244787
yecJ,-2.1295085479103655,-1.3777642966674764,-7.411173624519167,-0.1685967146005618,0.34594284277178744,-0.9116745699342683,-0.6737871218266247,-0.8837084279544887,-1.783944126947516,-2.963310925921041,-2.2134584301684863,-3.1345658780418937
hipB,-0.8137155354155303,0.8763476132232499,-4.298588471802397,2.517021569855391,2.57329332419235,2.7627596511524946,1.6764579224037948,1.6477728568018022,1.131758711175832,-1.241948221618387,-0.06698102295092712,0.47005790539344217
carA,-3.1856378310155087,0.15764356954133874,-3.452522373338777,-6.762432098070332,-4.111209179048525,-7.200736842492298,-4.622426511217515,-5.147633911340915,-4.328334086736756,-1.572911174703521,-4.276437781837759,-4.607151288587636
queD,-5.077580191729195,-5.856048479160192,-7.47493539479891,-2.0052716401846764,-0.207381539125989,-2.0680887692385603,-2.4592223853493476,-3.0474414004737724,-3.3261780822678206,-3.8087060483917616,-5.2004094892003465,-4.847348608554478
dhaR,0.0865161179604268,-0.8816200383136206,-1.4807599604218877,3.7565092710085626,2.742624949255985,3.9881316573047547,3.4051701448238125,2.863456402300149,2.3884173498852492,-0.3478066946141602,-0.25002326799185054,0.15218806239101573
glnK,2.8651918596366603,2.3548249129851073,-3.583479955273663,2.295794830714026,1.647598438972497,0.6815855734667529,2.219666794449369,2.851459159909381,2.1491309852493807,-0.1673859685445872,-1.6662862706379085,0.8749309600757468
ygfF,-3.950087655301573,-5.015716374950808,-10.120176560322838,-2.3578985826235233,-3.0365068811412854,-2.6966700806323862,-3.959148820544792,-4.404029604902371,-4.27838721588448,-4.872274439062531,-4.584061646028342,-5.079154408549905
motB,-2.1356215091642596,-1.8780995869521835,-3.005439009439259,2.935932393413582,1.3259866493044772,1.4371127078013934,1.2770605588020791,1.1501091627266453,1.3180137293866994,-2.2468548812561924,-1.343944408982045,-1.4745125157134404
cspI,-2.1370634581568364,0.18696726964970445,-7.552980061774239,-1.625100811828494,0.277026812000714,-2.146133436213889,-1.9715975530118213,-2.771218485048406,-2.592474953320062,-2.4739759136935575,-1.397652366117554,-1.7903644151316396
ydeQ,0.5930981456323976,2.5036832421035458,-2.9245949398100457,4.4098216715324225,3.859019963495429,3.4651478559365643,3.239928645056285,2.585729797994319,2.3970881610048083,0.8593395444328901,1.2842748284090257,1.5398149619929828
mepA,-4.167908559657909,-4.011255626958668,-9.78138264793241,-2.145560226514302,-2.423619030016969,-2.633207224880426,-3.8717825709984623,-4.085904475350454,-4.197987545856868,-3.700183449049173,-4.385723883828602,-4.921351390877131
fliN,-8.002656710359709,-11.226588549344052,-11.978201152153042,-4.455289002399843,-6.97001864102476,-7.4837177487081155,-8.168391662973624,-7.468636892662515,-7.895393968944081,-8.376516526994576,-8.696778297818833,-9.510754454595904
ycgR,-2.191857077308807,-3.2645398294690704,-1.7483020730467178,2.8609540376008997,1.491160280647895,1.8345579496943323,1.3020756695074085,0.9511789711289809,0.8372767696291583,-2.0862115932116825,-0.9026152574615369,-1.119731271473801
yciW,-4.282966114734414,-0.8068256899313235,-4.05597762193215,-1.2832287873888273,2.3135003870056146,-1.0192537763258578,0.207616530284086,-0.2396780536767673,-0.3623793038046006,-3.1965966924288853,-2.5187795630367082,-3.0249345206440887
cheA,-3.3901621539588955,-3.4989704502960164,-4.018072796250712,2.010327406633314,-0.3976927800287857,-0.1780865536469438,-0.17953739083957387,-0.21702173270687375,-0.05344780510637648,-2.915031995989926,-3.224921752807294,-2.882696650097998
agaB,-3.1606216853340334,-2.9691381824491154,-2.103095562817549,0.671143762803228,1.077564412754036,2.842984064442334,0.5424846194632069,0.6047511551100584,0.9909256123019121,-1.8003901852825552,-2.212291742160742,-1.7666426500329817
nupG,2.7644567829937277,3.682347046413536,2.558953118277339,-2.4330082304782685,-0.08046734541128231,-1.525485612801278,-0.8914002164071013,-0.22372335590453424,0.12434905634356469,1.2169357542597454,2.2468304456454944,2.4938040750566066
csgF,-3.462069570714511,-1.6193429882452444,-8.23870228297875,-2.371933628566614,-0.01668956950933609,-2.723345486223219,-2.2283194702063773,-2.7741763579450347,-2.710569799400655,-2.945444971255777,-4.174522765599702,-3.5990501618301356
blr,-6.559495760133752,-2.8820521039193308,-1.700004547112024,-0.35367453580024844,0.374990630269334,0.038257931517826194,-0.19413451210227217,-1.018994086192785,-1.62974784307572,-2.2269867987181473,-2.3666597499361797,-3.645455395153089
csiE,6.779615461547517,5.354685750520531,6.528899503287062,1.4186527543374234,1.3587713065469877,1.8518396281856484,2.087633646026485,3.20309780696899,3.677644943130521,4.1759000422975925,4.67511458387805,5.473073382123535
stfQ,-3.690777381317661,-2.2614778596522376,0.736995204838808,2.197993748087691,3.459751052493914,1.7403816957980598,1.2359936717897844,0.4942577859409809,1.0406479036645138,-0.5976148376074821,0.38152742518231175,-0.37194548872153455
flhB,-6.485885617153385,-6.650519418423033,-6.1128393615814245,-0.9658203352282673,-4.472048156602017,-4.419539748360272,-3.6685273911762435,-3.2089619108983722,-2.759510913316775,-6.259906149447718,-6.064042212870733,-7.145704059638566
astE,-0.38086174783198246,-2.425527493818631,-0.515617548323247,-3.897511017160739,-6.19921056980283,-4.622957877265487,-5.122614916548912,-4.129337915383973,-3.4487198660776373,-1.072277097409748,-3.103510597899952,-1.1652258608826878
yqjF,0.937101179075924,-0.06032154556749614,0.7688562718435641,4.048125958369292,3.223284066124007,4.809724610528498,4.313643311970543,3.9824129510487283,3.9452841350575416,0.3186244892458101,0.19762913912160252,0.969176513929564
flgK,-3.926682991902684,-3.58913563378359,-4.716984115653759,0.4518560608508899,-0.28294391181157863,-0.5999790154705824,-0.55835125049911,-0.5361541988405355,-0.5602008958990213,-4.051643622618777,-3.497432497902422,-3.4600871420114445
glcB,-0.11355848285453973,-5.7376028964896015,-1.0803973430087979,0.23982081147176082,-5.549430835816571,-0.3385056622507925,-2.263230035833283,-2.4046963498765237,-2.3399029257752435,-2.1189318961584345,-1.5194746871477243,-1.9334385141573378
hycC,0.8163237269639279,0.5591282151174983,-0.11921732044784772,5.975997692374292,1.5842825172170594,2.079904448936616,2.986929343078382,3.4475358988987685,3.76954584452432,0.38362253223011544,0.14365048884499476,0.1651351725849648
psuG,-1.2291257188141476,-3.100954038415855,-6.283805568328896,0.5493596812764503,0.6915308316572659,-0.6675322179354604,-0.7379567833134537,-0.861912202528889,-0.9871099147705928,-2.232425286498728,-2.7400453401055334,-2.481077503343453
glcF,0.35184858703841115,-5.002846996218116,0.1091315547443461,0.29219594203205546,-5.469541894288264,-0.5641671145550351,-2.004174222481585,-2.107323951675178,-2.34899356848386,-1.2019343386716086,-1.3768303215408855,-1.2441235183934873
yddG,-1.4560004913064244,0.39688748208445546,-6.133858406102915,0.5287577302409954,1.1303734801289833,-0.09772485813056075,-0.2459539125693151,-0.29026951191960637,-0.5648591103951597,-1.9479248822907491,-0.8145065456375569,-1.76805110027308
glcG,0.30977613098987344,-4.988165149480316,-0.509826537236699,0.10729886025544921,-5.774188945421777,-0.43469840500826784,-2.0111651914340944,-2.452691825836247,-2.494638406119135,-1.6110939047853874,-1.2695343242164538,-1.4506803935104209
yfdG,-6.183855991807592,-5.5796422390478115,-8.565962736067437,-2.5534156554474112,-1.609453848601385,-2.643475523187309,-3.4529444279124113,-4.151929599593505,-4.630442312718754,-4.468328475420984,-5.017091594119782,-5.4150695843935175
trmN,-3.4359973953077025,-2.6018552222745637,-8.206866315261792,-1.5710512648414623,-1.17295160966788,-1.8753004858530318,-2.053201137503779,-2.287117328430607,-2.662473102031282,-3.562426937875786,-3.968244165280202,-4.330559622084778
yadK,-0.4060269386667037,1.3553230224940065,-3.826315587364238,3.1102854362804804,3.141809827732381,1.884274354228904,1.9249587450303318,1.474119360890369,1.2805767450562184,-0.18066212130451387,0.466838673718879,0.29351871131354734
hisL,-1.4599136343360404,2.6805541072195846,-4.715435027714303,-2.2300598753323393,1.7776282513138022,-0.2209516242693761,-1.2383658602738643,-0.4407876501298602,-1.2618884741687,0.045716875353077,-0.7448891128883097,-0.5279635810110139
yjfY,7.319198664449482,6.171979279111572,8.64752149036319,2.7099584741835905,3.0181092683699937,4.135046024950879,4.753373481228974,4.286691202594127,4.019564501126502,6.4345380035250646,5.0917807560975294,7.415865256856513
ydcH,1.9964307135352568,2.968704451818743,2.5561543244881477,-1.6382553083019884,-0.30256833384332005,-1.3984607626587922,-0.7559419186993745,-0.854174903110134,-0.915619083875683,0.9606429307127946,3.0054034779374628,2.741694582072984
cyuP,1.7806474871968474,-2.7433427775583263,0.0024586746561316986,0.16778653572854374,-4.541854896737268,0.0075854989914549975,-1.9108326234908897,-1.8000058428672454,-1.9560508295229098,-1.353436093711195,-0.09117391650948958,1.7847798283791136
fimF,-0.7496059591516384,0.783727837967354,-5.380396888422874,1.7302721718818237,1.0728773213537188,0.13495990833265648,0.5258842692692921,0.3102294511161293,0.11325481913643498,-1.8146453490722236,-0.4022214422252258,-1.1406673562633718
ybhH,-1.9921542875012972,1.1494373109611278,-2.6990712687554153,3.959688146682772,2.0903345429463567,1.9933039419720098,1.5454577889083094,1.5203200523243627,1.3722786221416972,-0.7167930860830094,0.7353896993413802,0.04488530967281634
yceJ,-1.521032827769591,-5.417618424161921,-2.0808424877676104,1.6629017288021357,0.33856723835826497,0.6650784749021232,0.5155817426333862,-0.5110085299576095,-0.7844421088709959,-2.0918218846428447,-1.751370100269254,-1.729885416529284
cbl,-1.8382187621735575,0.1980533607867221,-4.490853391716557,1.0516683746889415,2.7187172687233234,0.9470205162463055,0.9803422999822784,0.5994665976970177,0.3024755329926352,-1.14917496393302,-1.1825786610944231,-0.9641434390893124
yfaX,3.198333531274185,1.9094490613316033,2.719532412209243,0.5441052201700165,-1.0139916210280924,-2.2679428044930585,-1.0798954681743242,-0.2867612099797231,-0.5530964630029213,2.0087095696968325,2.4738777829694527,2.5266515879545794
fliM,-9.316314430540663,-8.267183737963215,-13.609707290361678,-5.6341940434871125,-8.407509791042681,-8.447936655679541,-8.593079327552855,-8.146189045375037,-8.013709268402916,-9.452356050452822,-10.011721688500737,-9.465790568790533
yecF,-1.2900251130630154,-0.7143203349553553,-5.490271660329211,0.4038527548770823,2.3785184838866793,-0.46865484291506476,0.3741848383897547,-0.25363451956756655,-0.800941889987686,-1.732518803160163,-1.5283341380141855,-1.23965620015904
pgaC,0.5940563369093628,0.009069424245211621,-3.9339481176046864,3.0460288302851213,1.3788050168255408,2.3676251532282095,1.8476728346256686,1.58146591444502,1.2146746017697352,-0.1557739749673115,-0.9463799632086982,-0.08002276877565717
ypdK,0.14387235733970716,2.2409122184685373,-5.341830283590305,-1.6563613141720235,-0.6817823975345139,-3.232801061691962,-1.5230393770937647,-1.8865368972656087,-2.2180716525320916,-1.180748259037239,-1.167975758443356,-0.5516185368085031
ypfM,0.11776270304055281,0.3817320968824065,1.6212470102392125,-3.1215246237598406,-2.422734967011924,-2.675861242730745,-2.4371073077463903,-2.5910956842029726,-2.8891360752413098,-0.37842900787309564,0.9099180360679329,1.2864710156555015
pmrR,-2.8778647944016416,-4.395514462704943,-0.2680186055883347,1.8313029944737007,-0.6587683060996916,2.0183360894549134,0.497862240984043,-0.2997113450216115,0.06019356983865004,-1.2701754303478765,-1.7929369642032973,-1.545759156115909
apbE,-4.103524653442825,-3.147073504570198,-3.5550562366134013,0.6056759780567216,1.2130329711394587,0.45321135349065145,0.2463438889539259,-0.5474878123355086,-0.8122126638808932,-2.2805432730543114,-2.6577973461467126,-2.4820368854760924
fliS,-5.853980868112355,-6.811788357209347,-10.415392372569638,-2.5275534149782715,-5.4713585700638525,-5.81857266558546,-5.775157127300995,-5.259842196383739,-5.482034261860093,-5.785065587994452,-7.22219958661056,-7.37434748836909
azuC,-2.774554784465122,-0.5566000154948738,-5.805766422186825,0.3127702387320488,1.6919527708179976,-0.6439957875046876,-0.87806583998367,-0.7975420286258763,-1.5149387281937092,-1.6862808852131672,-1.966165979018958,-0.9332005390660822
sgcQ,3.557281122151279,3.01686342300653,3.4161919747215865,0.28431730132294497,-0.45668775731914923,0.1854773901338138,-0.5198895154214181,-0.010271649771885216,0.314149488109129,3.7642085691203593,2.7656585580005593,3.689588003980258
narW,1.1623687619580751,-1.3318688113653154,0.5611196585361649,-2.5090291668623292,-4.372702454080162,-3.0636233015305603,-2.5511916541638593,-1.1205057918666872,-0.653376712224462,0.907971406827411,-3.5650735438892527,-2.5715590180272763
nifJ,4.500355604089139,3.098511647319567,4.240034327898259,-0.8046969360974163,-0.8167599892385482,-0.29069452150589115,0.37464718590130924,1.37431645566518,1.9015774153501,2.1571535976768828,1.3810985507360602,2.737956927135581
yecT,-1.4055892817650686,1.5839021750428706,-2.2067017090489345,-0.8839533167159739,1.5687433881669288,-5.302204319456168,0.0689395129034468,-1.110029548099265,-1.3210423778664744,-0.7491107707455059,-2.1541989524801473,-1.3803609274884
ariR,3.866747992559532,3.4513992002602913,4.931149051306012,7.5878853555388,8.520350830350434,7.730013497297011,7.71682583812544,7.406322985237744,7.071049633945873,4.363521087963378,4.499387028952792,5.030439353086854
aldA,-1.1247850859496822,-1.4813265410037086,-1.3044126241405678,-6.328510590447982,-4.543821740402773,-5.07211014989295,-4.845664984058927,-4.563760901617159,-4.3316213839517,-2.449164790367731,-1.7164010058350094,-1.948353666007134
bcsF,0.03710400600111807,-1.5524406617613238,-5.966499205446572,-2.330196561955469,-5.447753651429875,-2.751593757899432,-3.6290721626107225,-3.2618957558839146,-2.4351864677589887,-0.629459451570149,-4.661076489050245,-3.3946895056175377
motA,-1.471350150199079,-1.0578520755928178,-2.2607385842586325,3.119529025140203,2.415885921313574,2.041271740772441,1.7849890213984136,1.5351810624570228,1.5620535241993747,-1.3881047661505472,-0.1464479274196625,-0.5609250373089137
nupX,0.6952652974073139,2.2052571987793312,-4.4513154601377725,2.4109549425050956,2.2068458802996984,1.3901081129391946,1.1284473365836016,1.1338528174439884,1.164032129621327,0.7520636307286951,0.353176638326896,-0.07445658091164702
traV,-7.013723325801754,-4.152551978457607,-9.890623524263944,-4.170792358692926,-2.478233259861587,-4.6635717674900095,-5.1291180451057565,-5.103479488878771,-5.359380339611913,-5.047883421225784,-5.992587526664783,-5.737047393080826
ecpR,0.007844283099529115,-1.332237946130927,-3.291329475043519,2.5993589392700867,3.548697744407774,1.2031539284014081,1.7505352235778706,0.7887609530125501,0.6046567572999284,-0.7566927172490745,0.3587166647683322,-0.010489407405255502
cedA,-0.3024002686263927,-1.5693471936574852,-4.6537986477474895,0.9662819702795655,2.3750857823372904,1.9228634528371034,0.15013708136367754,0.22135743485034975,-0.5181802638157,-0.7876150450966213,0.30768252262388973,-0.6346966345030074
cheR,-3.9450579800968724,-4.309129681284663,-3.8405614095600225,1.146877771115431,-2.4022068472727325,-2.2571977217703676,-1.617961367591112,-0.993480443464637,-0.7802193585525338,-3.106048779254143,-4.850529375895854,-4.259036544110954
casB,-0.5981666804397427,-1.1075596128779708,-4.376972026391401,1.8370797640456589,1.0709116489430457,1.862678145799908,1.272636541942825,0.760477030666366,0.3331662724983857,-1.0940226173676832,-1.6915729681349492,-0.892713020525447
folK,-5.238038357346074,-4.20416612789709,-8.106912922307385,-1.7707684185114099,-2.1179256928419434,-2.145540363484729,-3.157096611404567,-3.4313837055533147,-3.8689097663747827,-3.6004576340522645,-3.685904126038733,-5.8396000389649805
yggI,-2.244062551457763,-3.760421218925666,-6.26331533931507,-0.08772492705110668,0.09376244082928586,-0.4641982298512559,-1.7267490137212667,-1.529029968414915,-1.2855210198764313,-2.1700880038291324,-2.6305494530129936,-3.38402236691684
proW,-2.410125618078917,-3.1598145307043097,-3.6264745846095785,1.1984361505421894,0.2427741331752049,1.4493691661900412,0.6084442228216561,0.021432385484099092,-0.29929324906450694,-2.387669507656239,-1.8979935591131727,-2.350755575957208
sieB,2.705058512809361,2.6212164390116786,-2.431641664355004,3.9181424853754976,4.403602009858876,1.9526882688526266,3.4069144759751433,3.081461833228448,2.528418034955033,0.9372763904394912,1.400761461190597,1.8142338557643232
puuC,-0.64579475004978,-4.485799535801267,-1.992145621586726,2.039480168558919,-1.317199240425115,1.8796418388536287,0.24578704838149545,0.002565977658599339,-0.1468192918497102,-1.7952478969087202,-1.4111368522488827,-1.4169661254831218
dosP,1.9812799228108755,0.8593188815309922,1.9071450710406825,-2.003657396155864,-2.6292137868734233,-1.8578862833532046,-1.611043432829017,-0.5543381469072393,-0.06055817964430821,2.2735861149375496,-2.1305504316943646,0.3398904851374387
ydiB,-1.521032827769591,-4.082213842229665,-0.4427746899236853,1.8178095800479026,1.6390150699164865,1.909632082299666,1.1755799785056096,0.6758971820413817,0.6270638741390957,-0.7422261157822512,-1.2730565240995528,-1.1428230224631692
ychH,6.781380380739199,6.965307994247671,7.5080392501052735,2.136714640304133,4.676479785692915,3.9757239851291963,3.5846215806658495,4.488725071838209,4.54972903794236,4.8350198467114645,7.467579454628213,7.117971044432293
slp,1.6156473601547896,-0.5095320623480166,1.8124431365901517,-1.7172454162099937,-3.0743372016805326,-2.4507484205654073,-2.376517047357079,-1.7336360670589748,-1.170922720684456,2.2248654812733175,-0.3304543891484728,-0.9371078610833397
hcaB,-0.6141395873594222,-1.1088820498517649,-6.419624784589791,0.4863397065404662,-0.7901769584819442,0.45062055291776293,-1.0697016272310236,-1.3145933260910858,-0.7463452562419952,-1.6646711939498855,-1.1773007398635797,-2.023250977447125
fadM,0.730471662743482,-0.13465679307898792,-0.31670834392894776,3.6281333729585032,3.8124958675425766,4.118072812349504,3.841927279864114,3.6894647848284965,2.35629576220186,1.041855227327079,0.19801058698718785,0.7102549373773864
ldtC,-2.6814698727014417,-2.589812876668981,-3.3344270687536115,0.8218815951366878,1.1000948773093935,1.1507823491563798,0.7700159298049305,0.33471493907736316,0.08680709652177021,-2.4046934094241186,-2.508221474074963,-1.811574078426552
sgcB,2.8875216213020956,2.8301480567888926,1.136696161904743,-0.11758192951138868,-0.09329262557080309,-1.717286365465895,-1.1560674594426448,-0.9250187814405704,-0.485657474643334,2.3915718831127304,2.1643374820156147,2.937039269845851
ydcJ,0.9052703255935501,-0.8089899961432039,1.2147092166513715,-2.472851456710499,-3.3807578524166555,-2.1569342973255576,-3.2972907647894596,-2.578842733406213,-2.260130690275715,0.22007216515459316,0.6812625200068672,0.5353754429589346
agaS,0.35338314631121737,1.385567806517403,-2.1240271026150324,2.38337034734412,4.275259102540651,2.623867718248042,2.47405475411362,2.751024443168559,2.7313659013355363,-0.5506534690200321,0.8769086517060273,0.6147207370426858
fepC,-6.5105006796020515,-5.34530989857367,-8.693962811626504,-3.0090868422728265,-3.513129860071886,-2.694725544649711,-4.463148742100609,-4.349147897753302,-3.9348175363005637,-4.374866100175585,-6.6805873599163705,-5.964148000550224
nimT,0.17008310903498192,-0.25430953457215466,-5.62485449765063,0.759549453410016,1.0475766948230056,0.9518076029339628,-0.4179904585423777,-0.32373292953385113,-0.057951245739148005,-0.733426958802603,-0.8444273771609987,-0.5726182022418402
fliP,-11.26972455735676,-7.503202338959571,-11.448718104265438,-4.988293355295446,-8.131986675218766,-8.517409815975629,-8.109913174468872,-8.168788605708134,-7.825778592514834,-9.473253404529956,-8.450356726314748,-9.831244343535074
fliL,-9.729163502900466,-11.539963288676443,-12.30358968088635,-5.563519754595875,-7.384514250085662,-9.372281392596541,-9.023710465620342,-9.421814064086274,-8.668790411478419,-10.076925339147294,-9.443053368039656,-9.25873822136936
yfjR,-2.31355781472436,-2.8220608262101043,-2.103095562817549,2.0689949652565445,1.224641768993047,2.4937241441666287,1.0051145367249388,0.36557627571163537,-0.0026471857690182794,-0.781086512251105,-1.2457221476059523,-0.7925882921462926
ompT,-2.3045317747112968,-1.7571658916328499,-2.5122534708021043,0.29713719958600393,1.6950827980329475,0.8492557063812072,1.525586355415842,0.9971791566632404,0.4490180579922718,-1.7078069410757213,-2.874087927403475,-2.122364134738251
bor,-2.9700841109567215,-1.1880273801683576,-5.687713124809848,-0.57455455544424,0.3561246289245048,-0.17235632805431766,-0.12543313990546545,-0.8869786903751414,-1.371404067495234,-3.63886368753352,-2.1172698367983815,-2.0966614484012407
dctR,-0.09780209571390985,-5.563672281868996,-4.034105185598949,-0.43766010790447263,-1.408223243278215,-0.37886421144349214,-2.614230212169828,-2.6229660679937052,-2.452254547537222,0.4070503090702644,-2.2661644646716828,-2.3717621425058666
gfcC,-3.690777381317661,-1.534833195894627,1.1185234994998638,2.2298740395576773,0.5249885824616283,-0.8668114235737825,0.9552506441930166,0.7875939626794928,1.0131874013572109,-1.1461603081417349,-1.9208467617134866,-1.9080608176413998
tsr,-2.476286055210588,-1.1187310210624162,-2.95367751249025,2.384961119806796,1.2856367450817814,0.8606120777190931,1.0596119046344963,0.8112785256828043,0.7473111781591448,-1.9779786209761234,-1.2146209964473365,-1.443086637208569
ydfA,3.4657658784700267,2.948572541265415,-3.119584003140191,2.8045621359491717,3.4239262166258566,2.2297851415610923,1.716245745139339,1.85651197942139,2.5064427731092684,1.4852271885548114,1.9739550638450063,2.2146451606615556
dppC,-5.612028936883545,-7.148668900682384,-10.640615858910067,-3.664443976567293,-4.863383039415186,-4.758091179870063,-5.840714420052403,-5.735348751102716,-5.613025420493119,-6.9404081739590735,-6.072158726101228,-6.485576400620008
marB,-2.2535277323621306,-1.534833195894627,-4.522014917539462,0.989940273747413,1.819023772524957,-0.027531514094534693,0.4256291292970815,-0.4394321407876809,-0.19395901692227713,-1.4929640736228096,-2.4364227519064148,-1.3917944596762808
alsA,-0.08350076695539865,0.6276782197625543,-5.9916294743626946,0.17898948259855807,-0.3156456081116801,-1.4971460709177675,-0.4945241880254959,-0.9812386511056853,-0.4720589640679177,-1.436028642831482,-2.0226504323257593,-1.6747533396300904
rcbA,2.174566279802002,-2.8220608262101043,-2.431641664355004,2.365200500618798,0.30939885313423465,1.0201664934088885,0.8881482035359731,0.8003407970874612,0.9808786406852068,0.46160593837493424,-0.4318330294130237,-2.0835109138717356
ttdT,0.17849803788043417,-3.7972622200436215,3.1725634842070023,1.7893517271244463,0.24944037515953,2.2812343703900813,1.367436827950078,0.9029087508301461,0.8830094428694806,0.567685224058637,-0.4486472302986791,0.6014327593082105
sgcC,3.1231047739481568,2.2024893521046005,2.673229832091133,0.00021316238340585159,-0.7445820807148458,-0.1425683867613703,-1.078405341700799,-0.45432087503035556,-0.02870159726398458,2.9515888614422643,2.4364770851898374,3.2852485204141164
yafO,1.4365950058427632,-0.07237225636635092,0.8919487236821686,3.7584445616534614,3.722317725352876,4.469178310115077,4.1581297935659975,4.003593797580233,3.4109175302002828,1.6786153429470354,0.006839830244551204,0.948015775741895
nrdI,0.5839744610985775,-0.6330151896779306,0.2178392639442146,4.803801501341369,2.9969388905703465,4.580539394777772,3.0378962095429185,2.7682852609636925,2.8047296631543426,1.4340147354813868,1.925290142794354,0.5798623101176541
wcaE,0.2499166167047493,-2.2614778596522376,-2.431641664355004,1.8499439010521148,3.053800611489537,2.5144379629048794,1.8661893984203863,0.9885249217673143,0.20628756793424363,-0.46407836399381364,0.47377153994802146,-0.09571549593210948
yecR,-7.735571596268034,-7.446523334900903,-10.07533327414965,-4.452308456013128,-5.018854249436144,-5.478513567165471,-5.31563422935528,-5.5694672022651845,-5.522290429111405,-8.185540298156713,-7.2957629231976675,-8.318409395847084
pabB,-3.245014395722741,-1.2371090161605647,-2.6704670103497845,1.0191567655510756,1.8487183636207956,1.0444569196869402,1.0855826473377321,0.6027348110086483,0.30997341601400286,-1.5587440638789423,-1.8069751301053014,-1.8728300537504181
ppdA,-2.4928203685412655,-0.19451740525019945,-5.559131842304528,-0.8819666792972534,1.1178597035464288,-0.09701019254282173,-1.150735474146193,-1.0735408772985884,-2.6744501871053576,-1.2617187829840866,-0.14666543022055661,-1.8004760326348586
gnsB,-7.023032756981336,-3.0888066941882686,-2.4833149939261423,-1.269332322445603,-0.6054584161073322,-1.264804007366295,-1.388351661925879,-1.6500682399839275,-2.935412214502741,-2.692283528780305,-3.2495732549709992,-3.81906029085113
prpB,3.7552271137016504,3.15224490051666,3.550768015145824,-2.232174660192089,3.7628874131645773,4.402311651802577,3.118934545917469,3.120205734361573,2.952679852422188,1.9119894924487824,2.2844242371515264,3.003030571837666
tauB,-0.7277799867252357,0.8481246819189656,-3.710001038200475,1.891551501512366,2.6031230197173008,2.089116071263339,1.5778422207844334,0.7019923417183818,0.9551999838061342,0.5854426613378974,0.011412026279484344,-0.8377549844400667
rcsA,-5.091686027081595,-4.28675008101318,-8.290249135397792,-2.579920115364831,-2.0740261918579304,-2.407724456357788,-3.111351705656902,-3.18455678396772,-3.9243668671228784,-4.536631931214802,-4.805566631153119,-5.167882087957696
yeiW,-2.797606872446647,-4.660316771261439,-6.3435859545168105,-1.8634264911287302,0.28261886593854246,-1.8491025510718835,-1.7383230950341657,-2.494722361175348,-2.282870950600965,-3.5264080907435083,-4.30109454431526,-2.888000732617722
ves,-2.631774149246265,-1.2014593082722111,-2.24872903956021,2.6191407448923254,1.8467016181916778,0.5894088771323238,1.080016020991,0.8427981902878898,0.9229399607797568,-1.5048717223198513,-1.2532658421586678,-1.1143278644424892
yneG,-3.0446815585737714,-3.42098436245373,-6.577338242986833,-0.7926719058180121,-0.4571388972927837,-0.3696757033882818,-1.9066614017017252,-1.96999721105008,-2.2328507369551573,-2.412172740779428,-2.448635199589667,-3.692173380437352
yfjQ,-0.15116602738520246,-1.3461937994999786,-3.826315587364238,1.744363316511473,1.7765075619916457,2.4133345848270715,0.9404101461460888,0.8756522696149378,0.5625620168855325,-0.6034730025883592,-0.4303520285512941,-0.7342693524261399
mscS,1.8374930021247255,0.34580767316338523,2.06173675519978,4.851047976919107,3.8276204458408873,5.05887693156777,4.649750776182571,4.479345393169326,4.178541314319289,0.6401912994166894,2.0569594798689,1.9777945218588835
elfC,0.08170933572037242,1.0592178585542937,-5.038447468724365,1.6649402927930996,0.3171655689734427,1.3512953270222452,0.11396476583698545,-0.05151366677878644,-0.32669233077520377,-0.07570926550995216,-0.16277962998656526,-0.06138895844738956
ynbA,-0.6694404127166278,-2.4734723145941073,-2.431641664355004,2.727017489385753,1.7830975937251852,1.223599309800453,1.0882370666124204,1.0332176284927246,1.0589019317619432,-0.9810568043598521,-0.817790933839681,-1.222348887421905
ygeV,2.571234527874015,2.659453148597727,2.323293546494746,-1.3917778625985289,-0.9618825325243918,-1.5879740759564545,-1.1099537255035679,-0.4041619683496145,-0.16974786471939085,1.7622527801861465,1.512311130789271,2.0216463994842697
yidP,0.5392110960942764,-1.3480326019810134,2.331580631334802,1.2219310946468709,-4.264172723154811,1.774848018884607,-0.16004341731542687,-0.014159619721896999,0.13404900716533125,0.02666681372677776,-0.3058462946534333,0.5746990266233809
yagL,0.8557827336965911,-0.6230816327609308,-4.298588471802397,1.9743913034909633,1.3417139366039725,0.39378673892502825,1.3016571642786294,0.6318140975303121,0.5863251076224287,-0.7414148568094872,-0.8649094754432172,-1.269467429025441
ytfT,2.7049594050325156,2.1594822504446185,2.347833097594145,-1.710842979479433,-1.5878474233425797,-1.0851719999097815,-1.1228552196420145,0.1908931952444879,0.5325648421381339,2.4279198058702613,-0.4487851522869628,1.2486748790155822
lhgO,5.233723882660479,2.009624010439598,5.1653039314129945,1.8490204555569374,-0.3359544245081594,2.3524744620722036,2.8874579088029453,3.823174918858335,4.304684669733847,2.2558170198878624,0.9060864904112994,2.0969713099397644
ymcF,-5.5133199244091715,-4.524187773543252,-4.989388351706823,-1.9783721936986383,-0.3687387349524709,-0.6050584184991923,-1.8525983275934839,-1.964659045440226,-3.3769593643146267,-3.347031076973466,-3.1548470817358174,-4.282970500751935
ynaK,0.3140808155915584,0.21119074596381138,-3.119584003140191,2.102100514001748,2.266829278048959,3.211981826268569,1.863623822918044,1.6787596755421474,1.5941775678197945,-0.38269966897644503,0.36401056051428915,-0.13127278108337892
fliZ,-5.768662914916155,-5.739597525948768,-7.636277160876309,-1.7253079294143205,-3.0875843011900574,-3.155392086947801,-3.4428815282519603,-3.5445674025498883,-3.643564553742194,-5.871410997157628,-5.235983333482848,-5.374414104108893
yeeS,0.32924781032259176,-2.9691381824491154,-2.9245949398100457,2.295794830714026,0.6913360995843578,0.2903105077370949,0.404620965864121,0.28057916896128876,-0.24436910708818316,0.0009777646966341313,-2.8849776037802783,0.15612493744532185
wcaL,-2.1525389661071825,-2.057566671641655,-6.65803779601642,-0.6554590507534126,-0.3832479530456352,-0.45037525641786935,-1.4238655399147548,-1.7358270915884582,-2.065518484660135,-1.6936309724995064,-2.976208623750128,-2.4621749815691976
xapA,0.009055400110648648,1.225939347821055,-3.826315587364238,2.1320385538354523,2.251093649920616,2.505250242044522,1.5132577661559588,0.6950291719360326,0.908918056504308,0.669104226485574,0.17014055573183362,0.3406118295543423
ybfE,-3.109968713739304,-1.4500358245189942,-7.017429748720739,-1.4160908457992063,-0.28525128218870943,-1.9240347472393013,-1.4880652559961605,-2.290084986892722,-2.514084453320238,-2.9727192029334946,-3.0383764772201634,-2.899480785843477
rbsR,-3.2767225302391036,-4.116382837998516,-8.344901307025522,-2.338105707579241,-1.866921812599375,-2.1052511348342122,-3.7349605888023953,-3.877096419852248,-3.758603014622129,-3.183263588879245,-3.758675127332607,-3.7356865907873473
ompL,-0.9947742686189488,2.095627260234526,0.0,3.5601905076478326,4.816151175881651,3.655240974155457,3.635988533791539,2.742644361241269,2.2537349175804886,1.7346984664574017,1.074506074297483,1.690863295932336
ycjW,-3.7150950590603533,-2.843072125717107,-6.835078353773038,-0.6277700358631826,-0.3292042566065829,-1.8889987265131545,-1.9689617775023605,-2.3829384152388418,-3.266423317179364,-2.7903413594302027,-2.6712416617860457,-3.1593120263966084
glsA,0.34851692435695636,-2.9261378531435094,-0.764679160703607,-0.7102154688383724,-4.046945718397999,-1.2422543549596092,-2.362422900310061,-2.8877074148241006,-2.3744712909899808,2.0057738246904475,-1.3042890036928028,-2.4185988465596444
ydhW,0.4115538959828102,0.04884342153823873,-4.989388351706823,1.2443029219828352,0.6046258992094611,1.342177477701937,0.4742306058807648,-0.03798743437671326,0.0935808881519462,-0.4730389033572171,-0.571337848458225,-0.8233320431320974
ydhX,0.009343931264206518,-1.8685610925915874,-4.376972026391401,1.899083919273938,0.7875599884010311,1.5844005324312551,-0.06985801493264232,0.10328018969372221,0.05810934037586646,-0.782379080627512,-0.8342571387630878,-0.44004004335891056
yjeT,-2.8778647944016416,-1.0447767165885034,-4.885962544284568,-0.10768376892508691,0.08089605624339669,0.34108921248936674,0.09338796513117076,-0.5617692580936101,-0.7463968289327468,-1.4505181273643877,-3.22677665378822,-2.602229652419245
ybgD,1.7732861865405867,3.2478373812782215,-1.0695423456239854,1.6464706542242755,3.727234779264545,2.585698628531471,3.2822412188139096,3.677098055939689,3.3057608685465447,1.5526854461635433,-0.659947058473055,0.753146753224483
yfdX,1.6334461271634995,0.65466226152156,1.638715852393,3.4697377092468082,5.430091931466804,4.681769797118481,4.608141880739608,4.261293701082378,3.884724265185186,1.0928159415009506,1.7108842013266965,1.9505636890753324
ynjI,-2.8427184652644475,-0.637589488490355,-6.111106120585814,-0.36866694385188303,-0.18913906865478758,-0.7617369758845305,-0.8149085344564445,-1.2203312761251066,-1.6689717308977556,-2.3502219852187825,-2.474996998033453,-2.3815265380002755
yjfI,0.0,-1.7123291813046935,-1.0695423456239854,3.5349477307105333,1.792411791417615,2.3822658121399067,1.7181684699149125,1.4585314576119803,1.5207094803662595,1.4107714538341836,-1.475183914642729,0.29475686025476894
lysA,1.3591232068629564,1.3684610801972728,1.1555810174836232,4.2053181647099676,5.583113057788445,4.9432357935475055,4.438624184912908,4.197751536384117,4.11559088388955,2.439922672829405,1.5064507836048093,1.9164922589689828
gltF,-2.24669811016255,-4.206032886638285,-0.8774217740704806,-0.44107521815957096,1.6502112947187486,0.4035438373264153,0.728107298778542,0.1678877262698375,-0.6477332202022295,-1.9297817549937029,-1.5933929480593112,-2.4425599587788622
cysK,-3.9673326246603082,-1.6783062465061196,-3.868653433356652,-0.5199184894343478,1.4103928071377716,-0.9395292045334553,-0.20409909780587343,-0.5154190331479254,-0.7842166014155691,-2.56393872343935,-2.592992382322594,-2.9026813532218
fcl,-4.896770377758653,0.25255061553795777,1.2242618163034056,0.5416711647692374,-0.5673186604874605,0.6914115978460469,0.4327606868512777,0.16997846242497122,0.14917757471468157,-0.7265294967642899,-1.2858951348122027,-1.4936859362039003
gadW,-0.30270584024637515,-3.6857758334974307,0.18492601712039214,-1.9160483853364472,-4.1643604003766335,-1.4774733037538548,-3.0129978429624433,-3.0490508906466625,-3.282162881336605,1.0042587883376977,-1.6960456646381645,-1.3254392548441716
ygjG,3.6949471303411325,2.295220417317056,3.9055466279720523,-0.5639233335258069,-0.5684650004162162,0.42254060278358985,-0.07622544634915585,0.688156560227668,1.1546745904235696,3.2886037248961717,1.5513501544563653,2.579306860817189
trbG,-6.225345953719609,-3.707781858154208,-8.990474389260328,-4.685732118744109,-2.0842521836376893,-4.39365468227615,-4.519268088867737,-4.812571729238793,-5.107079870321399,-5.16431770290047,-5.080961394764621,-5.403042399699078
ecpB,-0.6282943287212688,-4.373862879862955,-1.0322554802547015,1.293948246158224,0.6285176763659894,1.3875987060935957,0.5725123320554439,0.5318528131591307,0.06942820240999009,-1.9095706991885428,-1.1688673380884078,-0.8197033705687302
ydhU,-0.075356247170979,0.3466160662112987,-5.454568499731008,1.1623184323885756,-0.22447535730631607,-0.10519935502972455,-0.7760293783785321,-0.7895913428523433,-0.674792178422974,-0.3541600264853766,-0.9841311446622549,-0.7719608898366761
yjiC,-0.9947742686189488,3.817262864368081,5.532472919610723,2.5401734620915843,4.439749274329682,3.655240974155457,3.8387678210639535,3.9190715540443772,3.7349673583317555,2.3742031745963508,2.3869756751902336,2.7361396427099116
rclB,0.007844283099529115,3.002536252500806,-2.103095562817549,1.3774186987456858,3.6250226624624067,1.8890420928368887,2.197465160846861,2.0072373358771016,2.133132541878045,1.5526568415695134,-0.6576050207492128,0.5658815674054636
pspG,7.890532628196869,7.9118890110900395,7.690347532022371,7.8787612312278945,10.987757954722262,9.64076645457682,10.198673420347438,10.565672156553026,10.068598129459067,5.53980129063124,7.823571592728123,7.803738222117361
dsdA,-0.45161929814816926,-4.803210633367131,-0.33692692158946347,0.8311899550900881,-3.576614792068102,0.3559056292946936,-1.5582539945697245,-0.9842315622650291,-0.3161937185066015,-2.040890640100812,-1.6899976627534845,-1.3917084825924353
ycjS,-1.241904671118462,-2.8035803946172866,-1.2109889428081786,2.7470656264898095,0.2151836584289013,1.2261347047096178,0.9208023836258568,0.6252892339099889,1.2806940788613226,-0.8339984459386878,-1.9512950976673584,-1.1095821717067202
yehP,1.06785748319398,0.7812101194413961,-4.6537986477474895,0.8959653125019216,1.5435703165698538,0.3678181696666565,0.5350641817503835,-0.0458569458259136,0.4309604222690405,-0.9684801727857056,0.014436644523407982,0.036498623695103594
setB,-2.844397398730455,-0.745837240705514,-6.6101617091720914,-1.1966818079533974,-0.40739860082869406,-1.0434644260097938,-2.064856887092924,-1.7777820055606433,-1.7717340216520223,-2.3276452410221995,-2.3458807558713617,-2.5600422722007967
yjjQ,1.32662782920494,-0.8147266118672749,-1.6769601388792854,3.9181424853754976,2.9862960311554536,2.4580858860715935,2.333889901573259,2.162452353055466,1.8371838899242736,0.979704155699187,0.567802598821,0.3164325819877393
yadM,0.5392110960942764,2.752285258694807,0.39643134165181815,4.241401097176018,5.163241570490285,4.380065400228006,4.49415251240536,3.8908089253778413,3.4226514985829657,1.6219635543192066,2.208728999912326,1.8343302737375087
astB,-0.34521690963702056,-2.6132980795411136,-0.7473217748326295,-3.3085057808019176,-5.36085781295094,-3.8150261453323058,-4.645514888530418,-3.6714186655203425,-3.016833178004458,-1.2052175267866265,-2.6492104921587196,-1.0020317520953612
aslB,-2.5321483016082214,-2.6143621402839647,-6.778444903353341,-0.21973491364189002,-1.3019850314873365,-0.9793277938895271,-2.4977972826934476,-2.092051550427839,-2.001126653306308,-2.258472316588591,-3.094744064859876,-2.481811216388225
purE,-9.415809568427722,-3.3498856778777713,-5.164864378110288,-4.440846128003792,-4.000875015519404,-6.513269722766193,-5.087318155593377,-4.84665577458519,-4.563486144975609,-5.412732223839552,-6.278571308270579,-6.696786883440868
ygcR,-1.142642417933677,-2.526870658285005,-4.6537986477474895,1.4766890703039248,-0.919714433759518,0.29228097951239373,0.058493614339375444,-1.0398093195157931,-0.8592714759180475,-1.100513803772088,-1.674544438830501,-2.8584106842123185
hycE,-1.8649015163832314,0.24846845605976675,-1.8938857412995893,3.6173068288551935,0.4888227776277132,1.1855612082326932,1.3224927583504758,0.975351264293454,1.6114076356752176,-0.37706347639825266,-0.7389646621824918,-1.0118515066458569
rhmD,1.1907040699639353,0.33621472007253494,-0.20401035547535162,-2.176512264189216,-3.551190801944467,-2.4507484205654073,-2.594761150677323,-2.2746161486287866,-2.1297220353927706,0.7876347960897618,-1.0828210306464037,0.4387425171175501
livK,-4.50761155946548,-2.1604504196231575,-6.100196098229055,-1.6475275463408572,0.15291987118928319,-2.0260995112709708,-1.594314436478581,-2.1912062640544905,-2.5600477589567268,-3.4308895605940943,-3.517255467089851,-2.9952517765664934
pheM,-3.601644233944825,-1.5975328626131242,-6.9291332044135165,-1.6794016590653325,-0.8508423053784941,-1.7673625697313788,-2.4887024921402636,-3.3712939475981054,-2.99515101506854,-1.4842920043452583,-2.9529250792376525,-3.1335522967568545
sucA,-2.6359314077073126,-1.0118716445002427,-3.027954156237378,-5.026683178995883,-2.931011389914543,-5.509033442174758,-3.0466295111033586,-2.002367497050408,-1.34445781312153,-3.3065868861597267,-5.822759569377104,-4.619683942717992
pheS,-3.119666140426653,-2.3058131452812365,-4.358879798672673,-0.23248921035159853,0.4360012318279889,-0.23204466281008074,0.148625988080055,-0.5574365545103667,-1.0259737621873741,-2.721758871686422,-2.5082841075916287,-3.1480644178185226
puuB,-0.42393274246384927,-4.214447990220374,-1.9973313589531951,1.2363550308589994,-2.3136412576978795,1.5908705722569287,-0.3946647621001764,-0.5073734574101652,-0.38150027420131494,-1.6627724395211398,-1.5906596755409046,-1.5851571374456714
bglH,0.746104435135448,0.8481246819189656,-3.583479955273663,2.334346837214605,2.1452531308315983,2.215637154190151,1.4963919500093403,1.3826161368213288,0.8736805999710817,0.0658720524460048,0.7022586067792969,0.18516693799005268
ygjR,2.177226183390962,1.7926046425847684,2.257254220639041,-1.171557249226515,-1.1747163131386902,-0.985011051911906,-1.3777178033556994,-0.8093336763544524,-0.4859005721763022,1.8243022117573555,1.762121815092033,1.9823284573747286
folB,-2.177997279221118,-0.658536338251619,-5.966499205446572,-0.20079944815161088,0.1264696740079767,-3.035190917156764,-1.6406090260421466,-1.9690266959686458,-2.3442667159622537,-2.2833265446235997,-2.232039512459264,-1.4432850191637998
narZ,1.232950341526955,-1.198344444795941,1.2671749724363988,-2.0211194839166984,-3.318727959329216,-1.3231594981490336,-1.3101085558098777,-0.31283481396728874,0.030859102896728885,0.9562954444950389,-3.1857918164365753,-1.5396454334055605
ymgG,-4.449438740579948,-0.361319169164668,-4.034105185598949,0.585012583842162,-0.1367879380101482,-0.20060416247295887,-0.7242530369776435,-0.9838900492805757,-2.46085343678474,-2.01546854827873,-0.701017115847613,-1.7117604248152094
hydN,-1.4339219399089869,-2.6704990660347816,-5.940923421117021,-0.2209765043556553,-0.4722478739278655,-0.534076795556671,-1.332634776174235,-1.3137017013135195,-1.2928927338762348,-3.3354419082475886,-1.9793916248960859,-2.018582856393322
uspC,0.7797357486779335,-1.9204496679031147,-4.4513154601377725,0.9568409259620863,0.8648587624010604,0.7757362966361621,0.10737508030688403,-0.4604366570410603,-1.4026181546229521,-1.0953949454311065,0.2042395091414715,-0.34775822671688417
yfcV,0.8557827336965911,0.7633893141035988,5.750405624145366,3.475114221934193,3.9830405250108476,4.38432993320763,4.091941412792675,4.0962763666331155,4.462216691542409,1.5606714613502692,2.5435882786593824,2.4573681411203765
ypdE,0.5940563369093628,1.048890440783604,-4.522014917539462,2.0251810580108938,0.6347942710335679,0.1703602931879633,0.05273255552794953,-0.37233957356362357,-0.22413094667639533,0.12558013659501543,-0.07144196962395644,0.4408672801269383
yjcS,0.8163237269639279,1.4230672078179771,-2.6990712687554153,2.7543549472553472,2.142573195529805,2.247008358504468,2.3478176621739677,1.9879952147151827,2.138412293058003,0.5881533267126745,-0.19911921661678178,-0.17900311272693592
srlB,2.1172591666768685,0.4247470105547988,1.370953856049998,-0.770059391441297,-2.536313960246,-3.476161844145628,-0.8297984132399481,-0.24041634118052957,0.09135865051175895,-0.2776703059908454,-1.7305725040471713,0.117523751395477
yidK,0.26087768749425866,-0.8168666771417259,-4.8313293977913805,1.4404686523657375,0.5561394124121319,0.7849439526020552,0.11702364784127917,-0.15445590871351267,-0.28426929350078534,-0.8244054148493489,-0.7410491067135003,-0.7186102941230545
flxA,-0.2986821621389595,-0.8841169869631917,1.7163004385464173,3.3346685632088233,3.287864156279597,3.1959672370422876,3.6377742355997933,2.887020362225372,1.770090284809548,0.7721060356248977,0.3821189401112708,0.9028913876040923
gabT,2.5841412517303315,-0.6778672642945125,2.492076293646761,-0.22368827027917426,-2.7158467974220457,0.14523782268939023,0.3145436396044896,1.202952640183235,1.7148581572398036,0.30383424263163117,-1.1576991959472818,-0.7744364476411267
yhcA,0.8557827336965911,-1.7123291813046935,3.49376844657906,2.66140562569957,3.1686065092340074,3.19552318311643,2.957044161172891,2.9808938602978774,2.705626003052889,0.6378068300132014,1.6266064468665862,0.7547800156175193
prpD,1.776144401530697,0.8711462595452595,1.2285880169347383,-3.114682851441338,-0.5256063235137116,0.6151710041609917,0.4489391344493334,1.1543833368216692,1.5044911560723395,0.6900219236691212,-2.5355368264481397,-0.4115382173476869
pptA,-1.068669480229198,-2.7664123207220586,1.2415538614256025,1.80355261160103,2.1061823450432806,2.002028362373405,1.5075090497705037,1.384503031599469,0.8233782796645623,-1.5463308498420967,0.7372516297784555,0.411924238521167
pyrB,-6.662501483637744,-4.25222029375544,-9.464359354947012,-4.695954463246309,-3.2163878746456267,-6.533051066657204,-5.745748903409684,-5.672572206817696,-5.101524020858466,-6.258430939678724,-5.517727578578588,-6.528470887546185
yicG,-0.8572207944573682,-2.1733031431702505,-4.938602065150582,-1.1122993475850533,-1.2581812620434567,-0.24622685442315717,-2.388780833955632,-2.527940599411496,-2.7365769691291195,-3.3485475814712795,0.36296232206505286,0.05305019507260189
patD,-3.9413802831330056,-4.888194246198241,-3.7579039788114397,-6.052145452788326,-7.79103175174278,-6.911379332200734,-7.000337151915406,-6.3980694799004825,-6.138884392156528,-2.590614097107909,-6.315581740165137,-4.898548183629072
ytfR,2.5549301854298356,1.9454572862951007,1.9240790433348653,-1.4810308787500892,-1.4982355453566214,-1.4707579170118965,-1.2264521381801226,-0.16246250372992588,0.3450435687493014,2.005626431375714,-0.10499906880446819,1.1176858845306947
pdeC,3.7975877581009225,2.340859131395364,4.4990045104952,0.151124479028252,-0.5780007987384979,1.1320684984992706,0.3740133123359164,1.1839629225559114,1.7025546595077752,3.286679243804446,1.8566374048106957,2.9387960357657703
HQ24_RS15045,-8.2887709182245,-2.8289026023486707,-8.048237258366154,-4.457005470087239,-4.421771448716341,-5.470261389236754,-4.879412773021989,-5.58398668625009,-5.0129385002908595,-5.752773623576434,-6.885344851461618,-5.40049265237867
ydiM,0.009055400110648648,1.6109371449600332,-4.215700321352043,0.8641873949491203,1.4706110918805662,-1.6377244522226433,-0.20646686820544446,-0.36677905889602536,-1.058879033126544,-0.04164384576569069,0.10138414177896427,-0.32624907745957876
cheZ,-4.217419613946058,-5.26788438607362,-5.990333047988251,-0.0962804252410745,-3.7243335831427213,-2.959599006807492,-3.1538030642214174,-3.017310798917854,-2.5377942975821135,-4.125523636575572,-4.338269198834901,-5.083149067067363
ygaH,-4.659438667554435,-2.9231270998950745,-7.635015354823666,-3.540830097760063,-3.960688258547567,-3.499969329872787,-3.327247322152173,-3.3065180295907672,-3.60738493084655,-4.12721475615022,-7.331703560575323,-4.519000209138561
yqjE,0.37073065552039175,-1.8782034051701348,0.7640514824830564,2.957618066183345,1.1811984211585536,3.6754187212145073,2.1148475718610684,2.169428589558312,2.1124505665391013,-0.4796126251846302,0.9513593200625725,0.20234051855329627
amiC,-3.337783246453176,-3.344004080058192,-3.294988929788639,0.6169893474268555,-0.13848152065634345,-0.10990785106403678,-0.1810794532854189,-0.5115249391869949,-0.8108278178601833,-2.267976307748875,-2.70547703879681,-3.131290723715255
yqiM,0.24649680423341547,0.32131327336662174,-4.989388351706823,-0.1632465555221172,0.8798796977744159,-0.4949049482618957,-0.16363298049761754,-0.15740552147672338,-0.3149937956758877,-1.9748465572648004,-1.2775748651866876,-0.3113963600146694
hyaF,3.8104780991408065,3.764457281042321,4.796288381416012,0.9568409259620863,0.4410825034696195,0.25002106785232714,1.1482967213151432,2.2069232522898736,3.1304969523460096,3.6188004538116316,1.0131969496524846,2.901453929468031
nrdE,0.04932517299475769,-1.8906673584870344,-0.13071349867109383,3.262039296209423,1.4616955812201287,3.252954742207695,1.9028995180352144,1.7244486491481616,1.6958669191627553,1.0097680182435589,0.23923194595185393,-0.567581115067668
ubiU,0.5392110960942764,-1.006971750616482,-3.291329475043519,2.404248418599399,1.499669865776669,2.3728727804202507,0.8086200011724387,0.8048339279408812,0.7840330402305915,0.014570402175346081,0.3654564386484005,-0.2598128749370645
cspD,1.6816400703113938,1.8684150919533913,2.0894555441144185,-2.4449104248330524,0.1371687970815021,-1.1999788004408032,-1.3328574394888275,-0.5797595505614883,-0.4835081727429291,1.5094401643583513,1.4347528748687697,1.5837224017529745
yqjK,0.15851197299375208,-1.6615937457469574,0.4721340627147761,2.9198845063750714,1.2349489602049548,3.3777209178791026,2.143213455469699,2.0686037527165753,2.2929095219612603,-0.710866786593479,0.851828325787308,-0.14408159492066508
yeaH,3.6952973766818307,1.1651784938366951,3.6534736611476966,-0.4462713101244571,-1.366682673848004,0.4149404656661968,0.09033122790139925,1.060026472935655,1.6340707906054768,1.8785477378388749,0.32696543799334177,2.1259943460852115
carB,-3.0271127375976583,0.487972751419397,-3.030579885634932,-5.144104951103944,-3.161926788848173,-5.755273702565778,-3.4497136853980956,-3.6146629861209725,-3.5253294091177647,-2.076557176265524,-3.4673920027315814,-3.4973700546971482
cheW,-4.02102428748887,-3.4586568365363304,-4.559045354082005,0.8589444767814296,-1.9729089476201498,-1.9913833115634478,-1.809420886267676,-1.5173983186349411,-1.3419248516393574,-2.966952223183928,-4.038901335949712,-3.4694766448337666
psiE,2.391541164672482,0.0744574181789881,2.041216078982523,3.723547595989963,3.147627175867374,4.056709470974654,4.690296895512808,4.057889541634253,3.6197674146776926,1.2894160971313666,0.8777070091177035,0.9000219465921604
phoH,5.308107174927131,1.8678134740808456,4.819559507609178,1.8088930392687237,-0.20237427343438696,1.9266878322305665,1.278450316582972,2.3048792109392524,2.6256743432356027,3.5184467927947756,2.249469231171523,3.5517668599579357
yihG,-2.7160837002658265,-0.6661257203551418,-5.888370091650664,-1.5029997276996898,0.27477151163008706,-0.866753274236518,-0.9513070419571353,-1.8327352100718315,-1.9899447156511822,-1.8580300631209372,-2.3139731469712417,-2.4195708248054255
ypdI,2.321402097823889,-1.332237946130927,5.2756590470245515,2.654334401886263,1.5687433881669288,2.5779758691293995,3.2216835647722615,2.3848167310638786,2.6881736635072384,1.3703255148198763,1.5048642991714232,1.896013084565427
agaC,-1.5757184373222977,-2.0128758430609763,-0.7308129769570044,0.06290793380244875,2.989504713167968,0.30873043758664087,0.9880125777687622,0.7744703083084455,1.1267052521619265,-2.3328053642892588,-0.6906746480784344,-0.8239722986546644
nei,-1.9000540715010228,-4.05074500253962,-4.105504598272374,0.5458375349922919,-0.6758247189128301,0.13643131591443503,-0.5723977161765261,-1.0364569851821748,-1.337144388111993,-1.6026682385013182,-2.3253634606713818,-3.175828751675725
hofQ,-0.3466329242096906,0.8183992556367619,-5.2614591506914845,-0.14177669004553017,0.4929874282106601,-0.7669757472465575,-1.2290741626431319,-1.0455129502649527,-0.9527271314355679,-0.46124921587683715,-0.8069929354037904,-0.7099014327215623
caiT,1.1235903786397565,-3.9467618461190215,0.2985397320136123,2.5153407205118903,-0.28628756408554823,1.156366812336735,0.7133159392014453,0.27599350230453645,0.2555020836017504,-0.021779120433142896,-0.2617511638182636,-0.10049300755890511
yohC,7.5670168964223485,6.841804782347467,8.068541117930433,3.2677304726717704,4.583847338295827,5.0305500023790914,4.299353187168816,5.1040039070386,5.231723377885433,6.2788728794272375,7.214031825759666,7.231505432767187
yncJ,0.9602256119917709,0.9131022102021449,-3.119584003140191,2.456154569846491,1.6325900118965624,3.1513599243936357,1.4808869071932431,1.3215931582477412,0.6107477227654181,1.2570757330869373,0.7520860107081369,0.5714587931889348
ygjP,-0.33139371763973013,-0.46496597812764673,-5.490271660329211,-0.17921183278799102,0.5489951244592479,-0.6239038097920009,-1.0913041362035913,-1.1498627227607432,-1.5788239000898627,-1.230272674102716,-0.36933703910934557,-1.1211514019510742
gpr,1.538609619174732,1.556366800912551,1.9519786158880201,-1.5593428871014448,-1.1087029037842537,-0.9044378823499972,-1.5597725165561298,-0.9048008922802866,-0.7057232425869857,0.5603448747779061,2.107443757495929,1.9769793818891748
wzxC,0.2892091241227268,-1.6548657819901393,-4.589410991476498,1.4529064986413607,-0.41555686457315577,0.759958153224785,-0.20468096756122267,-0.3357289873472744,-0.6020642403704726,-0.633652682365996,-1.2013040095308243,-1.1803289748751336
yibG,0.8557827336965911,-2.4734723145941073,-1.6769601388792854,2.0689949652565445,1.87759261741164,2.5881053898611306,1.5395575106583592,1.209436766065777,0.21644202065473883,0.39171549815247464,0.052716720753174906,-0.16982526353201344
setC,1.193308805558074,3.811383675351959,-2.431641664355004,1.0214166348660156,2.7354443166146054,2.6617533371264335,2.165281239888624,1.5016516298547884,1.3386693558019533,1.6228710704310705,1.0792572678986827,1.2839345412869647
yqjD,0.2803664608846983,-1.8753259592030798,0.7315228525272968,2.9319274300446327,1.276502674845478,3.5790154577119218,1.8506617663263794,1.8862623376551686,1.9194785700550825,-0.7132090226119376,1.4212356307962382,0.5595796345900177
glpA,0.7009138327339213,-0.6462707913507115,-4.376972026391401,1.6090826844580142,0.1743560660896275,-0.24192600144052268,-0.17264555334824594,-0.14327174987593005,0.3306946224865298,-1.909877126680462,-0.8414944818006193,-0.044221946682346025
nhaB,-2.819823741281132,-2.290345552748345,-3.7450326620740713,-0.4587921576145053,-0.023265702232453833,-0.3762467736839543,0.24553396002413663,-0.2945413457150199,-0.7104405679295756,-2.1794622930453045,-3.0705606096699407,-3.704035733298765
ymgE,6.989491858563484,4.852771668688136,7.1953396155606875,2.6203628195606843,3.2226263457729525,4.168780562215501,3.45599805567061,4.166410124181535,3.9897694307716427,5.220404958493794,6.001209360426306,6.215580940817559
yjbJ,5.787977985634032,4.37966634022181,6.456682618795959,2.0238078302877307,2.148492427106211,2.7333789613505868,2.43693647260559,3.1323287370294843,3.3049838482446767,5.204323822819603,4.4473636722928624,5.0040696104041125
rrrQ,1.1235903786397565,0.9624707362848461,-3.583479955273663,1.806310377192351,1.7830975937251852,1.013339751710515,1.4170112599266558,1.435129950688729,0.875948065832573,-0.6267182866718056,-0.007731178951145057,0.011689071453980682
cbrA,-5.195904385217326,-6.184450174024289,-9.701769068262545,-3.2578731649259067,-4.844020386878794,-4.835401217725335,-5.881685219661348,-6.086709923688377,-5.468558611575437,-5.54689789842201,-5.182547480884349,-5.853019262802675
essD,0.009055400110648648,2.3548249129851073,-2.6990712687554153,0.9432357814285655,3.1015154702197374,2.1672965817817946,1.8423486661153419,1.6252568078530691,1.1121147423360673,0.5191634002913812,0.32386987976909687,0.45410338140548046
pflC,-1.4599136343360404,0.9309878839722794,-4.989388351706823,-0.1847829753404202,0.531690617445606,-0.39256864472264485,-1.7216363608881706,-0.8924004971918329,-1.1230544278106374,-0.4049718249565961,-0.4904183169430647,-0.9314936768977429
nohD,0.9014478790808522,0.22224945567365229,-3.710001038200475,2.4010919614116633,0.8569292558565129,1.8053557585550557,1.0415026524440159,0.5953163028028403,0.5746491819094832,-0.13574035731379985,0.4359162359019939,-0.03457074336727106
sdhA,-2.6681610670131946,-0.13704428473596408,-2.873135648934495,-3.224193020688366,0.04357942640143975,-2.893771843092285,-0.8724478050641923,-0.4988632002037575,-0.1327541171579688,-3.1683980125364712,-3.6935662572379115,-3.3866970458625634
raiA,3.7636486507962434,2.607211082300571,4.425777087850747,1.1883989334025724,-0.19852542105248716,0.9411735263165877,0.7916871223072621,1.1373074043785407,1.1762356497553141,2.297619347577981,3.6457560447628388,3.6790782908323023
yqeH,1.7076784939270127,0.9032642781128213,-2.103095562817549,2.1945495372004165,2.243694065258316,3.186410818793434,2.960772493884502,2.337212311762207,1.7220595448421223,0.21393128891764868,0.9546346500177837,-0.05610865894981287
ybeU,1.1771862609196537,1.280900648367251,-2.431641664355004,2.479178512088279,3.7085697338320096,2.062841739089923,2.0207112619847045,1.166714391077094,1.1957879588413878,1.9258305918147185,0.14099144250111195,1.8269995837230955
bssR,10.834621972342541,10.237911666293607,11.708148827609541,6.616542278733856,7.39452074345979,7.754613909441227,8.025948533210089,8.720572508246134,9.19048631483135,9.075211919286584,9.71427511279123,9.819865009515183
ydcV,-3.021879209832866,-3.641075526634273,-2.9030018608992245,-5.934322458046939,-6.488557876842781,-6.14684041562001,-6.289394921374071,-5.441922226052706,-4.941946026750966,-2.225142048731427,-5.292372945006185,-3.9448991799607356
wcaF,1.32662782920494,1.8043870213071047,-2.6990712687554153,2.9652542003296865,2.033826752142175,1.5659942599850005,2.1868406088949204,1.79244613189348,1.7094906569835142,1.1235453383168241,0.6159715225521671,-0.4312754644274157
idnK,1.4111787371089344,1.048890440783604,-4.034105185598949,1.4529064986413607,1.3981206523085343,1.0592898158824884,0.7863418228901295,0.2354523919576863,0.10053150420179957,0.6722116475850859,0.14988907894205106,0.39185451354921863
hyaE,4.3088895247642505,4.353890326071256,2.958251692148587,0.6475203621023615,0.7303800716990159,0.7303793059078405,0.9873949095048672,2.54548863047933,3.176172024772769,3.1683809615381837,0.49136422404773195,3.3605105323504296
yidD,-5.767469763190974,-3.018178645226314,-5.619018325588439,-1.9254737110625681,-1.27766128389296,-2.162870552123425,-1.8623396824355725,-2.7561967373491045,-2.9569989018980154,-3.796822922336543,-3.5367407689867623,-4.861573268078685
ykgJ,0.5940563369093628,-3.5392217539347284,-3.119584003140191,0.4903142410731034,0.3898642358327873,1.3748994003047361,-0.05968841561624183,-0.4450112321656303,-1.195192503952177,-1.453403934220674,-0.3933455602966496,-0.26302989670356025
kdpA,3.906007301243441,3.5130845562663175,6.7369431559325506,2.2114379449857835,0.9599478073184002,5.093395001481437,2.9239262519021247,3.4817417416338365,3.2281086749816374,3.4426729474786604,4.992239578547972,4.352126572683698
glcA,-0.7401431905742903,-5.146071136828997,-1.6183384862352028,-1.0889903781069652,-5.248216906487855,-1.6638527239624494,-3.0495056572706503,-3.3529199225449844,-3.3080905506465665,-1.5709944880020448,-1.9799983343087497,-2.2441038694227657
argF,4.67716395835656,4.380325900826497,4.595559403478681,1.841785214565708,0.6446021192043423,1.7034368114883787,3.355742765851055,2.8807679795561345,2.4871320264762655,5.296492514198208,2.035101917497541,1.7876362043409648
fliI,-10.54099606966992,-9.258029601954885,-13.08204493429945,-7.71585978800335,-7.823104791122934,-8.060428116885305,-9.128571479124542,-9.10543209000473,-8.519709954939366,-9.608464680786351,-9.971063166643738,-10.147221930437125
purR,-5.458663663039466,-4.297935579993401,-6.489105051406051,-2.66724872432429,-1.3854068632470575,-2.2616362543868345,-2.5643339092422495,-3.1525145360681974,-3.3771417531132593,-4.69438520366996,-3.8960043879128032,-4.875616346390636
ybdZ,1.1963791859950907,0.2699084475105167,0.6238877073711686,-1.7662625173436952,-3.2528769580555603,-3.372700562242396,-1.6139145276153903,-1.3325298754043167,-1.2765503040331452,0.15168729679966864,-1.9890927032479042,-0.2412645832637873
fadD,2.6899486555942307,2.4810776652829762,2.9142463993757612,-0.832016830997226,-0.013431544574102006,-0.263368302802391,-0.5902737664929156,0.1981475432385138,0.5944895710422098,1.3342461979556766,2.699442241885691,2.7404042542500764
flgH,-9.137038234626871,-12.145455176643896,-12.661384939729226,-7.597424399651372,-8.344432533621168,-8.277055006521596,-9.756731851722897,-9.851394310007658,-9.198235510586619,-9.693171498642814,-9.679669897979654,-9.983587221854501
hyaC,5.181476411811877,4.82072570500876,4.977291690262302,0.9568409259620863,1.7132584423216048,1.500528637661417,1.7431144241070902,3.0134877164643576,3.962779101548877,3.518627756798386,2.796532217154559,4.11558059695478
yfcJ,-2.716854997506477,-1.756254042599493,-4.158391315820365,0.8257090044530733,0.3491819674948111,0.053675150668496485,-0.20191590462520637,-0.6135531686127704,-0.44274276639724874,-2.36954183197179,-1.8985013327322702,-1.876679228970667
yegL,-0.6579621936221978,-0.6230816327609308,-4.4513154601377725,0.693635347640746,1.6280740167274912,0.4947641671221108,0.2505226172949214,-0.7400604696328609,-0.0966394512619223,-0.8876763406234974,-0.6275941872737173,-0.8144379235334799
waaL,-2.252372232104652,-1.8616841042462102,-2.870951599751094,-5.430562153658224,-4.1812026499368375,-6.0375814248773025,-4.205674087021807,-4.000603838264277,-3.852448852378127,-1.308339987252297,-5.3468601383686,-3.9204272612892117
aldB,1.825355864213357,0.6062060592166567,2.2531277199949766,-1.328416847849283,-1.5880765685082867,-0.6222565551642685,-1.709590935515389,-0.91654929587044,-0.6038609593264654,1.6894837899099988,1.4654360212138071,1.2210210514916424
puuE,-0.9122703140048829,-4.852627836624615,-1.521204285662554,0.6909947116180915,-3.30317126743162,0.35583647718321654,-1.4355290948196924,-1.2136963899930011,-1.2726105063770934,-1.7510710494162378,-2.0363381915816996,-1.8331972827346403
eutE,-0.5381772472218391,0.4978614851794836,-4.8313293977913805,0.9614668351089719,-1.4556638884271842,-2.253353528661981,-0.7173531284756371,-0.7260889842995144,-1.1844696750562551,-1.9630162934499806,-1.3884488218496414,-1.639818838682902
fliA,-5.000921628833522,-4.555100754093783,-6.314291641780461,-1.233472819285728,-2.348677340938954,-2.5448554436776067,-2.680278448682264,-2.757085702997438,-2.8634268491433836,-4.82700784953194,-4.431533931158535,-4.437986847096498
yafN,1.2950018624993858,0.5190102560963643,1.5600937499968932,3.508690908945625,4.043945173731967,4.309092686092266,3.8873930920608064,4.039884679564912,3.577264023769615,1.6213036413790423,0.8043072612903035,1.3056819392978258
yjfK,-0.47698280452356867,0.9032642781128213,-3.291329475043519,2.293198220952986,1.7881467999617522,1.4906634610747376,1.1097355127693393,0.35087828537909116,1.0316404993199553,-0.6274035638874623,0.7078349150859226,0.1342748318683634
sdhB,-3.1356491633646257,-0.6556992984256809,-3.413745075012482,-3.194062662170367,-0.28421075494132353,-3.173074151540506,-1.329766008062917,-0.8011047803692881,-0.43419230449557333,-3.6002013191467093,-3.9855461626787827,-3.7056305307017148
rrf,0.7272893335509307,4.125784204391238,3.4944785741598405,3.2606514302615794,4.250047949098377,2.7239274977009593,3.612601028091591,1.8179343691674794,1.9229325347792536,3.686329673853346,1.4736971692167478,6.068684214054518
napG,-2.4597677044337662,-0.5734832868492523,-6.47413421617013,-1.1251491614399658,-1.40955839883752,-2.0898042829624996,-2.606461973885919,-2.6055098861058834,-1.8894842817168642,-2.027881746817249,-2.188644924290878,-2.813914237876343
tap,-2.913767604687852,-2.718192058664153,-4.576206909153115,0.9865423133811184,-1.924781836630709,-2.062751384254785,-1.5938896261258486,-1.2808465152894486,-1.1087366550074778,-2.2810566403964696,-4.161103484323445,-2.7835245588668087
livJ,-4.307474002700237,-3.3929932564628418,-4.894322127811508,-2.0861808966315376,-0.785107559540954,-1.720129816255957,-1.1696413670338575,-1.5995685296605742,-1.9478105061726558,-4.046810905235494,-3.9030956072329785,-4.519280744067476
hyfR,0.049067198486803854,-0.7796092948154811,-4.938602065150582,0.696423990070616,-0.4946336056992484,0.5235195846111242,-0.8737999694309772,-0.6015668004736038,-0.4085531429824484,-0.29371523590433835,-1.0854500482597205,-1.6807489954456827
rrrD,-1.1285140668996716,-0.3281884360043503,-3.444787292703182,1.8499439010521148,1.1698271707693433,2.0173343570585245,0.41950737075736644,0.09826639663115255,0.6377256367698223,-0.6308053521090629,-0.3517340394406179,-0.03734437933588319
hyfI,-0.10158122460550967,1.3601685233725314,-4.127758090661935,-1.0538296814170987,0.08475198205054912,-2.717957390522995,-2.1789185578049217,-1.371127998665768,-0.5139469112164223,-0.22979584563705147,-1.693684193679138,-0.5687323747811572
ytfQ,2.1034685237119675,1.4238460548479512,2.341724254466575,-1.09415741546543,-1.584528973448327,-0.5860316220200374,-1.2334669633588424,-0.5799073284943318,-0.28906425376271294,1.831472505287162,1.3588095516849465,1.516477310736481
yibI,3.60025157251982,1.5175686256010739,4.002851185434013,1.2926822717241668,0.07923008858002323,1.9083754573104192,0.6718502996870865,0.8328851079329878,0.7233013848635632,2.3987419697689685,4.175234390614202,3.598946048302711
traR,-5.5774259514540265,-4.258229813228695,-8.85325448063262,-4.130720353391878,-3.0189208958117115,-3.691483845950482,-4.32221064357698,-4.910429658701405,-4.582952786727303,-5.56553882007091,-5.322824306062543,-4.826079125330276
yjjB,1.8068287590273258,0.7116360879618666,-1.2030858613951634,-0.5505818346501146,-0.4956928962222875,-4.298588471802397,-1.212975191047288,-1.2944360731975775,-0.66004787757675,-0.5497050852991987,-0.5559173834048763,0.24359739344492182
ygcQ,-1.097426936840034,-1.4378327688248924,-4.774545651202771,1.215011797261436,0.15102583804619574,-0.3902157179951402,-0.18229043279930407,-0.597898099994703,-0.7424088870009138,-1.511972191860599,-1.8076141657622666,-1.4917996621374212
astD,-0.15239016834312302,-2.4241120626184536,-0.38743923528432767,-2.795063627580271,-4.646982902116228,-2.8525454670612955,-3.9856658945867602,-3.262927093134711,-2.6416175504660666,-1.2021481674038847,-1.6730906786746962,-0.4930840787375823
mdtI,-2.4181102811160313,0.35162382790844315,-0.9026549663816672,1.0848722891975449,3.3642990987360886,1.159124511187824,1.2940126743407139,1.0326448385951825,0.7931465151224724,-0.9179104471292687,0.6537590197066856,-0.21649812110358324
yhbQ,-0.488085828921073,-0.9897881158930995,-4.589410991476498,0.13402455321043139,0.7415646038901667,1.4098262755002944,-0.5007375442043193,-0.17150179333161508,-0.9675910147388519,-0.6110212656878836,-0.5449712628862166,-0.9860466228408947
ynjD,-0.9903709148884099,-0.6503243313292071,-5.940923421117021,-0.6586324447461145,-0.8682626706849179,-0.919306603702875,-1.1470765788658737,-1.4990089691889166,-1.9972798546988155,-1.3148975456167946,-1.8142410390717343,-2.2553163990264125
bdm,-2.526470755261362,-2.742728579746616,-3.826315587364238,1.3318380593765209,-1.2447129729729225,0.8660596233631872,-0.5876852862830275,-1.5451031142107001,-1.4645124901584485,-1.9518280768362963,-0.9154347670764729,-1.6777664780404864
sdhD,-1.909669711913482,0.4945488096920805,-2.059022886659692,-2.8862326423244937,0.6168254933338542,-2.6801950386240403,-0.4468824353632054,-0.05119945994080577,0.23482287110620004,-2.693048408369571,-2.7633261909548166,-2.704112352973576
ompG,1.231069528717549,1.72361386957426,0.1709076705971877,3.6493937321649335,4.676679809711645,3.074642327166747,3.8991339389998574,3.4458550385170854,3.1969276486304175,1.4199125680644888,2.1167744564030366,0.4477032873174368
ymiD,0.32924781032259176,-2.0128758430609763,-1.6769601388792854,1.9678741814473382,2.510420502638308,2.7073697943283452,1.2278378381518502,0.7636817251502421,0.29761750951461874,0.1623460206671239,0.5785346433541947,0.7950585699582899
trpE,-3.761383433577757,-6.775537446002614,-5.541282738773965,-6.232240076958639,-8.409238868414059,-6.009811084598019,-5.427563300355978,-6.167756877037368,-4.908721772006022,-5.094415885334881,-8.971869582513785,-6.159166231077023
yqcC,-0.543663939548817,0.10786145321737362,-0.2926705491041153,-2.3384686955780376,-3.393290065722883,-3.5778055472727734,-2.2525723419957018,-3.265019724944273,-3.05316831436989,-0.7131159445553028,-0.026707053169802097,-0.7274539649742835
fecD,-1.188357182125892,-2.089150123362641,-6.178314013406219,-0.18361806009039494,-0.9585876493332872,-2.04326798845534,-2.2177047415515587,-2.0376507527784775,-1.9335884302320623,-2.453185002737781,-2.010740513474176,-1.988425575999719
sfmF,0.007844283099529115,-0.8147266118672749,-2.103095562817549,1.2213899159861734,3.1143593779002408,1.8890420928368887,1.8309878296152533,1.449145144517467,0.45714888217751126,-0.470940499673845,-0.5008039255526348,0.5492760640542548
nuoC,-3.720126173825662,-2.9227141905387395,-4.56076530212469,-1.618695162725075,-0.19233747325155548,-1.4716961217800186,-1.4301982044306547,-1.2188260159696862,-1.0120101593421895,-2.9299217641423088,-4.294147372107689,-3.601230908253216
yiiR,3.8134469753188647,4.116228567707918,3.7426378254955264,0.1130983685225253,0.8983062937829773,0.41560293741220633,1.067191291771155,1.3719703955172227,1.561307339059935,2.8043878136109868,2.889580954329336,3.4048831739513883
fixC,-0.8208456260907151,-0.15648701749716842,-4.034105185598949,1.4482553680162242,0.35674791699544883,0.3502247476086815,0.6924708932147822,0.15855741696300807,0.19576488156579674,-1.1708007860499094,-1.6783746018145664,-1.0538276004455915
ybeF,-3.4499161647235606,-1.1291250446806163,-2.431641664355004,0.7367876599781531,0.9306967336756391,0.49966662393480465,0.20780545448453097,0.1892400060318296,-0.06905804771981389,-1.3582201028692098,-2.3005661281099243,-1.5127330379879984
ydiF,0.8671599726262915,-1.0398561517407465,-3.583479955273663,2.1082328074668,0.1264696740079767,1.6435718015002716,0.41595870032795823,0.19527264848958226,0.2290617832165901,-0.5029660564165582,-0.27407807587161226,0.05884914884096848
aceK,0.5167499349058549,-2.7716442273438204,0.08438111512355029,-0.5963363786380356,-4.625092987788242,-1.534827815865321,-2.2416704419404594,-2.019796119077716,-1.7325323815422617,0.1351441273141365,-1.695214062923455,-1.372701481436259
proX,-2.4541771644306216,-5.1443505486598164,-2.751589781459203,-0.18215358829397488,-1.7694302650330265,-0.13340642360778965,-0.7352470918624181,-1.4317760724174613,-1.47862694134945,-2.677581459292939,-3.2234102664237865,-2.8884659401383814
ssrS,3.622304289936759,2.6713753446595945,3.0173076623688058,-1.2082974277980902,2.178810347526067,1.1464374175423355,0.24348969972208634,1.1489986334026283,1.2489039473268462,2.8563486409861834,3.3463502615589618,2.583846451238766
vsr,-1.632701116334391,-0.006367300501533002,-2.378771907713894,-0.21404807327843933,-0.5055522413970905,-0.26856474999101376,0.5295721112604264,0.5362656538491517,0.28498030461676627,0.1333829424141031,-3.5660118786190944,-2.9241945227377135
zapG,2.590212681262342,2.45192886393348,3.127209493503008,-0.7228781069839041,-0.588559329296217,-0.549159154176607,-0.194238417332907,0.36996212386788874,0.23843819575618078,1.8217258776828686,1.9457174425143144,2.1271492257537576
flgL,-3.030105869283908,-2.6776314791255675,-3.523859949038698,0.4325369725274104,-0.4805608986095482,-0.6970518242476675,-0.5465635759916532,-0.3869278760721018,-0.4060732715773303,-3.2957603518074943,-2.720337517070982,-2.6210104552584155
hofN,-3.1606216853340334,-2.4734723145941073,-3.444787292703182,0.3743260453764998,0.6579873647502317,0.5473503629512559,-0.7318467070242258,-0.1952354715312601,-1.296783262831359,-1.2457922400623174,-2.3356885969927768,-1.693871241111396
murR,-0.3383406218474425,-1.4378327688248924,-0.026545272431616418,2.268289308497251,2.638375496830765,2.6609847226206096,2.046733796318463,1.9509314568885414,1.6389025413491516,-0.8654378077850882,0.4289305237447336,0.5648703543288724
fixB,0.008718863086917494,-3.1025990108510078,0.1709076705971877,1.3107111142555428,-0.20161767655315188,2.0214846874498376,0.9898118611001308,0.9745897231800602,0.20157165031646423,0.14695004201717593,0.07207862485824773,-2.1773962534867546
dadA,0.842001720400928,0.4762161141723098,0.8548450448363418,-1.80143536668764,-2.0274872950852245,-1.6656691217125612,-2.146919103398361,-1.8859708085529658,-1.7549381289562516,0.18764177953174643,1.4614585338514394,0.8171988234485474
ynfU,-3.690777381317661,-2.6582694401082017,-4.298588471802397,-1.0364429794313983,0.8464715326141068,-1.3672801835125883,-0.6528534172736674,-1.3930469939550578,-2.029203838154124,-3.260409580702528,-2.442964863889267,-2.4264082295834983
yqjC,0.30258608693522504,-1.4136004559192763,0.26804133925682194,2.9003946629993287,1.4642612090308553,3.225850617545502,2.0737437025162047,2.2357634582989467,2.0651798694890067,-0.4880213122922854,0.48963671363790406,0.3712310281986777
fliT,-7.7687993515306495,-5.051648519257025,-7.352029794671232,-2.4783520056518107,-4.9358739304741075,-5.581164554541256,-5.296027834914988,-4.420754814318084,-4.84213176504881,-5.774353043562268,-5.915438670098448,-6.919162028183486
leuL,-0.9200291103582146,0.7828131073655271,-4.522014917539462,-2.997990081382896,0.3581868185471597,-1.9440390484100623,-1.5953547849521823,-2.2585903510344245,-1.7472402634981337,-1.880385342790732,-0.8915857259373472,-0.8699167635651244
fimC,-3.838198388038187,-1.9558280770895822,-3.0383557956956815,0.5260524375060589,0.4318852363850114,-0.46965615063914523,-0.2912673034512874,-0.41229797055080186,-0.7139212396333157,-2.307395510642377,-2.425085749769204,-2.19413296352454
flgJ,-7.420013689288685,-8.517397732604469,-12.11742133943498,-6.41799425397186,-6.9102415080789825,-7.425046128707555,-8.362859546111098,-7.839389675329892,-8.352351426799505,-7.9435892132553105,-7.744160155253973,-8.565764635336759
rhlE,-1.1065853377532875,-0.3188998603938149,-1.4965016799571558,1.7097452003700866,1.2049367408314806,1.2148757599089013,1.9882949030700916,1.5706384568362275,1.2089663913298019,-0.442492990187328,-1.2755190751973593,-1.842316862845222
rraB,2.2552177667194773,2.5428596836477624,2.7049420441485807,-1.4541968677296548,0.12446775378680641,-0.7221120564611496,-0.338985809474857,0.3486191846986122,-0.00918130754607649,1.5853332578744608,1.625442106839949,2.2399508917197357
frlA,1.2884590989174889,-0.510818795240068,-3.119584003140191,0.1313016380845533,0.309808062200271,0.3322241546237015,0.5607020607111111,0.6929958779051522,1.5070991399371299,-2.4725127644910554,-0.8483447438809899,-1.008549414735595
bsmA,3.9699263141720866,4.680803843840105,4.75903801271779,1.1418977967272692,2.6453488960006437,1.73019998656331,1.3964471043172733,2.026116107838412,2.765147758312404,3.1599692589981547,5.097624224083189,4.481910396471779
yahI,1.5106015984763932,-1.1660737210558674,-3.444787292703182,2.0577707599576733,0.1743560660896275,0.6902587322476967,0.6481366208710712,0.38615776656959266,-0.11030799353994636,0.17005295326605474,-0.9941762817602896,-0.2777369223941427
agaI,-0.8208456260907151,0.21119074596381138,-4.298588471802397,0.2977629437036571,0.9306967336756391,0.2982312351817811,-0.37880429918067815,0.24954470512657156,0.13426305172082653,-0.17358011835796416,-1.616198014541054,-1.5967777641359282
yigE,-0.14316755842532292,-4.0160769281376405,-3.291329475043519,0.6475203621023615,0.240492980181652,0.16047868272037347,-1.6009949452121983,-1.2872435536566775,-0.8595536106652184,-0.8505731077132119,-0.32922557081494164,-1.4744911485398537
yfcC,-0.6579621936221978,-1.2293111791986338,-1.5165717812452408,2.4897672774632866,1.8922258707207584,1.1944992364850826,1.5910858355621675,0.8049289309682832,1.541410813344891,0.25541834483922354,-1.3529506431705522,-0.6672460509409599
ygcP,-1.142642417933677,-3.8739476591764115,-4.589410991476498,-0.23416950471067377,-0.07292501615368296,-0.45436496652561953,-1.1133665324181452,-1.122518958987178,-1.237800612392923,-2.305644644793013,-2.4896392963896563,-2.0984905109956524
agp,2.5093822816453635,1.0298601107413035,2.2739927728597866,-1.0047916605787623,-1.6385903233859782,-0.8030970672582054,-0.9953374676681275,-0.38421689169839013,-0.06277499317225299,0.6720730216785178,1.2493156347189274,1.8876968101648348
elfD,-0.9911060090223849,-2.6582694401082017,-1.0695423456239854,0.6475203621023615,-0.031719486305720856,2.3822658121399067,1.3441723227117006,0.7418434693857991,0.05141181622546992,-1.1919946284848282,-1.3414203604809678,-1.3248637261751992
nrdH,2.2006089794501458,0.5459815679524063,0.6218603992770619,4.767179872468967,3.4218000778616515,4.524354731560448,3.5425990674868277,3.604985671924652,3.30335529882365,1.9430405931515609,2.268808786180979,1.4189962110030117
wcaM,-1.6862843016779614,-1.8963050112861133,-5.9916294743626946,-0.8055632201275387,-1.5334447014952808,-0.9700126569485485,-1.9578041854378438,-2.2024429395306484,-2.580446422416143,-1.1146360224545686,-1.6778120047456822,-3.350097791313253
fbpC,-0.3777776170317142,-1.0999368069638429,-0.2071595511379556,2.967494797874439,2.280969827093619,2.8456478016028486,2.223584949717568,1.6292563142513345,2.0127773337678074,0.22151098350456178,0.08042535696838116,0.24168351322773962
ppx,0.9311940428671974,0.7180813713412846,0.8436927227537865,-2.5693536066665468,-2.547256171578442,-2.5508297438582535,-1.7216530608748153,-1.0292159919988126,-0.974760160359036,0.8098119994191945,-1.677105351470214,-0.581548819857291
flgG,-8.841757164690115,-8.690479233458591,-13.718488006268766,-8.08690999925124,-9.015891060884693,-9.334158073061136,-9.558118428312854,-9.672128954285723,-9.647530017694647,-9.882992084727713,-9.048177835974927,-9.878736216618687
djlB,0.17849803788043417,-0.3778450543595815,-3.710001038200475,1.9841209298834133,1.0312686581282011,0.9823741725269501,0.33680429785467025,0.7426886963485352,0.3596487810484007,-0.7220650834906918,-0.5587992129705207,-0.06986177293145467
holD,-2.389639916991075,-2.3357766957274944,-4.431928809581109,0.6715666508823546,0.15642135063576124,-0.32956209128810876,-0.43803794942520347,-1.2497811314169904,-1.157770337745461,-1.888244602168866,-1.3418906050160506,-2.5831948862971
prpC,2.4061222419555532,1.165800237226076,2.290428565133425,-2.360445404115711,1.2963690544593298,2.767832328848881,1.7997340305302627,2.056637441826534,2.106221625603866,0.7915652741489172,-0.06589502477176978,0.8778436761697481
yghS,-1.5757184373222977,0.592510559452939,-2.431641664355004,0.5742122644433896,1.3775165717125346,2.165178042629174,1.3977205747900558,0.8683165035017166,0.687403261540563,-0.4888914487447533,-0.15758551220268013,-1.604906042324168
yqgB,-5.684976302589201,-7.039379103011522,-3.8850504234123875,-2.6126677510446816,-1.7241006318697476,-3.2865905809332956,-3.0708522179197093,-3.9096000971501628,-4.434548373199634,-4.5987498963001645,-3.6849235987858098,-4.534090609505361
hokE,1.32662782920494,3.3038488815429683,4.870154498393723,2.5401734620915843,2.9862960311554536,-1.0695423456239854,1.6978739557849682,2.7225621661152033,2.7875158127718223,2.6086092234714817,2.0604405473656824,2.0805566512555282
ysaA,-0.6738917326718123,-5.609246194049204,-2.4296099410520946,-0.5181713914144508,-1.0069773174215273,-0.5790329241994447,-0.8590938198937136,-2.044455475905702,-1.5286845072677675,-1.9784697964773703,-1.9799662291264157,-2.4262596721375678
ybcK,0.009055400110648648,0.09857767691010633,-3.583479955273663,0.780555418271915,2.3113015660653558,1.282887895263547,0.9232343586153561,0.16128405563033443,0.17936447121999344,0.07951167069712606,-0.5099845792922343,0.06548802447733293
