,CASP biorep1 400min,CASP biorep1 511min,CASP biorep1 621min,EXP biorep2
ERCC-00069,50,63,58,16
ERCC-00083,1,3,5,2
ERCC-00164,11,4,19,4
ERCC-00048,2,0,0,0
ERCC-00163,158,137,140,41
ERCC-00108,18005,15656,16623,3934
ERCC-00028,98,59,83,30
ERCC-00002,353051,287444,326915,78704
ERCC-00134,1,2,2,0
ERCC-00003,28170,22239,32886,6360
ERCC-00071,659,518,647,150
ERCC-00043,7726,5771,7957,1610
ERCC-00113,82196,67124,80266,19553
ERCC-00054,1,0,1,1
ERCC-00044,2788,2241,2690,601
ERCC-00034,402,340,378,92
ERCC-00033,35,33,61,8
ERCC-00137,7,7,4,0
ERCC-00053,583,459,647,101
ERCC-00095,1909,1767,2073,429
ERCC-00165,1188,990,1126,271
ERCC-00035,2387,1812,2346,555
ERCC-00073,14,17,7,5
ERCC-00156,2,0,1,0
ERCC-00017,3,0,3,0
ERCC-00039,51,35,50,18
ERCC-00098,2,5,5,2
ERCC-00130,605791,403626,599368,136154
ERCC-00104,5,3,6,1
ERCC-00145,11031,8619,10330,2427
ERCC-00160,265,231,263,64
ERCC-00076,1260,1094,1266,304
ERCC-00138,1,2,1,0
ERCC-00074,160974,132522,186259,38845
ERCC-00154,41,16,70,15
ERCC-00142,1,0,1,1
ERCC-00024,1,0,5,0
ERCC-00131,2642,2185,2672,609
ERCC-00051,76,51,105,18
ERCC-00147,5,0,2,2
ERCC-00143,69,57,79,14
ERCC-00123,9,10,5,7
ERCC-00016,1,2,4,0
ERCC-00099,402,278,388,86
ERCC-00120,7,1,7,2
ERCC-00162,578,458,712,134
ERCC-00075,1,1,1,0
ERCC-00019,423,388,400,111
ERCC-00112,3531,3234,3601,752
ERCC-00014,150,115,161,28
ERCC-00077,10,9,8,2
ERCC-00067,34,24,37,6
ERCC-00059,141,123,161,48
ERCC-00109,6,9,3,0
ERCC-00025,3060,2624,3128,681
ERCC-00097,6,10,7,2
ERCC-00096,514832,439481,522906,117856
ERCC-00009,14451,12936,13115,3092
ERCC-00013,16,14,13,2
ERCC-00040,16,12,11,2
ERCC-00081,3,1,3,1
ERCC-00171,33963,23999,33699,7994
ERCC-00031,37,30,24,10
ERCC-00136,28417,23838,26583,6300
ERCC-00057,0,0,0,0
ERCC-00157,250,244,238,62
ERCC-00022,2494,2137,2669,641
ERCC-00004,87808,68211,96211,20038
ERCC-00170,371,218,374,79
ERCC-00168,14,14,27,3
ERCC-00126,165,137,176,45
ERCC-00111,7698,5766,8161,1845
ERCC-00085,125,84,132,17
ERCC-00144,178,174,216,56
ERCC-00148,51,28,52,13
ERCC-00062,1413,982,1620,261
ERCC-00042,11378,9524,13386,2656
ERCC-00012,3,1,2,1
ERCC-00084,682,532,631,160
ERCC-00060,3164,1789,3676,661
ERCC-00116,26590,22309,24379,5643
ERCC-00117,3,3,1,0
ERCC-00058,52,39,63,13
ERCC-00158,16,7,11,2
ERCC-00078,825,637,884,220
ERCC-00079,774,515,746,152
ERCC-00041,6,5,11,2
ERCC-00092,7585,5861,7329,1703
ERCC-00061,2,1,5,0
ERCC-00150,48,35,43,6
ERCC-00086,0,1,3,0
ERCC-00046,51656,36409,47766,11249
mscL,6975,7848,8584,731
zupT,1370,2030,2182,526
HQ24_RS13890,52,28,21,1030
carB,281,82,79,11202
mepS,162,128,85,8370
rsxE,20,55,21,398
cbpM,443,211,302,139
cybB,125,204,168,363
rcbA,13,5,1,5
xanQ,123,64,50,45
citT,28,16,21,16
corC,4225,654,1651,2922
cutC,1944,1118,1552,614
xdhC,43,29,24,66
ydgJ,933,613,683,1753
mutS,94,164,82,1573
hpt,290,592,353,595
ydbL,344,201,274,174
ftsW,403,125,123,1078
yciV,328,279,353,329
mutY,316,179,129,811
prfB,401,839,517,4778
ppdC,37,65,46,101
hyaC,367,171,421,17
viaA,450,163,161,468
nagD,567,835,593,811
glcE,257,169,165,173
rayT,110,65,99,75
HQ24_RS19970,49,45,33,238
tolC,3265,2401,2186,6730
tpx,1092,1928,1730,2881
elfC,98,71,75,72
yebE,408,334,484,341
yheT,281,208,165,425
lsrK,1116,155,233,2466
hypA,22,10,19,46
ytgA,95,97,90,76
yrdB,339,202,211,269
ynfQ,17,17,11,55
ubiJ,605,427,258,1083
HQ24_RS18580,2,1,0,2
rplW,432,1024,263,18674
glmU,2835,3211,2692,2390
glpQ,1395,1166,1182,527
grxA,10,11,25,7
djlC,91,48,43,73
yiaG,8796,7925,7844,881
ampD,187,309,181,141
HQ24_RS07985,5,3,2,25
napG,19,13,8,100
arfB,165,120,120,133
fadM,178,76,107,97
garD,1379,3326,2486,271
ppa,1976,1548,1712,4598
rrf,10,1,43,60
HQ24_RS26025,27,14,23,5
ybdF,190,72,106,118
ygfM,15,4,9,32
epd,1785,1429,1549,1839
hscB,298,147,131,1161
ilvD,332,263,249,677
mpl,350,637,434,1473
rfaC,630,78,110,849
slp,1509,197,127,272
HQ24_RS22605,450,303,308,357
hyfR,57,25,16,51
yafV,1304,2043,1415,257
sgcX,1023,1676,1314,138
waaA,395,568,535,1060
wcaJ,13,13,12,23
yqgB,5,8,4,310
kdpA,29,67,42,9
sbcB,218,125,196,651
tyrP,353,203,203,260
add,935,1949,1683,221
gspD,95,22,37,72
HQ24_RS26845,0,3,3,12
melA,445,262,329,117
yafQ,348,252,362,205
mpaA,4096,4753,4513,669
hypB,32,40,35,150
rpmF,991,1309,809,5943
elbB,571,161,259,448
HQ24_RS26430,15,10,7,8
yaeR,408,158,195,173
dsdC,128,154,144,97
rna-HQ24_RS17410,2804,419,8982,2830
yncJ,41,22,19,28
yiaK,50,72,61,76
dinF,551,310,359,822
ybaT,852,86,65,251
yccF,22,32,12,125
lipB,83,67,45,261
ompC,5337,4453,4639,48938
cmoA,179,154,102,498
pabC,206,308,200,334
HQ24_RS26540,13,10,15,23
gltB,455,127,106,5214
hupB,463,927,399,11353
tamA,526,225,207,644
yahK,8205,2552,2343,1204
dgcI,32,25,23,33
yebF,2034,2671,1906,2519
gspG,8,4,1,6
rpsI,858,1244,634,18033
yfbK,37,25,30,30
yfjI,48,14,25,34
hyfA,2,0,1,10
gspA,41,15,18,24
trpA,209,110,114,3853
lhr,877,58,176,1004
narJ,41,55,64,32
dpiB,95,73,61,148
ydcV,672,61,154,2299
prpD,1491,122,526,325
HQ24_RS14315,1,0,0,2
rsxG,30,30,18,346
ydeJ,1757,2565,2036,72
ydfU,7,2,2,29
ycaQ,118,70,47,386
relE,2412,2573,4322,396
yahG,41,25,20,20
HQ24_RS15315,252,218,237,113
HQ24_RS26890,2,1,0,1
ypeC,89,46,57,66
HQ24_RS06795,7,1,1,10
tusA,63,34,26,87
ysaE,5,3,2,30
bcsZ,41,23,13,87
nuoK,237,46,85,1367
HQ24_RS14950,511,219,242,185
ycjS,21,7,13,63
yhbS,680,1567,863,593
groS,431,531,389,2115
ppnN,2374,578,1392,3259
wzxC,14,7,7,48
yjeJ,17,15,12,79
cdaR,104,122,95,426
era,4189,5504,4741,2925
nuoH,918,178,236,6681
fliF,20,12,13,10225
HQ24_RS05035,18,20,14,2
phnP,412,275,176,155
thiE,57,21,36,181
yfcA,158,58,63,635
rhtB,39,55,49,64
ykgV,7,0,0,22
thrB,1106,1508,1047,1178
phoU,161,336,159,452
HQ24_RS14810,337,73,146,5184
exuR,1664,2982,2218,1040
tdcB,24,29,18,51
trpS,620,987,602,2091
tynA,63,42,38,70
yheV,227,73,101,118
hsdM,85,55,35,1152
rlmN,1841,1875,1690,3010
pdxJ,630,313,261,917
ycjY,181,122,85,65
HQ24_RS10175,1,0,2,9
ydeP,188,311,322,133
yjdF,33,45,31,60
eutB,55,82,128,212
ygiD,165,194,177,86
idi,1496,1127,1083,201
mnmH,91,75,67,149
astC,7822,28042,22736,5709
kdsB,628,633,311,1142
pepA,4759,10990,6824,3255
paaY,1187,284,892,783
traD,131,51,60,4419
yihG,20,11,10,132
pqqL,108,96,82,181
yhcF,194,93,129,78
ydiQ,20,21,40,15
HQ24_RS14355,802,758,564,529
ssrS,37956,41052,23808,3376
perR,17,15,16,52
yqaA,473,273,249,696
yjbE,27,12,13,21
cbtA,4,2,0,1
hycG,24,30,23,15
clpS,442,301,427,174
feaB,925,1281,1280,630
HQ24_RS26015,0,0,0,0
mnmC,425,98,123,898
pxpB,793,1178,795,640
HQ24_RS03560,12,6,3,6
fadK,60,40,47,34
dnaQ,1446,2079,1443,384
ubiX,72,68,43,662
yegQ,749,784,879,1195
wcaI,11,4,6,27
ycfL,834,887,702,455
minD,693,1309,817,2711
HQ24_RS13615,0,0,0,1
nei,65,30,16,185
yceK,36,6,5,42
HQ24_RS06950,17,33,25,0
rutR,236,185,240,76
mtlR,1326,437,647,603
yeaD,360,285,399,1219
fldA,984,1102,748,1265
betB,1019,1142,1024,750
rhaA,9,11,13,13
cheY,71,18,20,1444
ecnA,120,290,164,290
exuT,1232,1112,966,682
prfC,262,422,197,2837
sufC,1648,820,1513,398
yjjX,112,222,111,135
fixB,11,8,1,16
mdtH,73,36,34,225
rplC,962,2348,609,38394
fabB,5050,6631,5188,29665
fhuC,330,104,122,550
rlmH,64,79,48,815
ygfT,89,96,85,139
frvB,93,58,31,21
iraM,1,3,0,15
HQ24_RS20415,14,14,1,140
pntA,1548,2012,1848,5462
menE,563,125,81,1072
trmL,28,8,4,114
eutH,222,186,165,39
tonB,511,506,432,951
yfcR,7,5,3,7
crl,1411,686,905,1541
yohC,31867,46925,46730,301
HQ24_RS03630,83,70,62,18
hflX,6878,5699,5075,4346
yncD,666,169,204,740
mgrB,142,67,112,855
oppD,1281,195,432,14440
yfgM,732,443,369,2310
ykgG,107,62,66,189
rpmD,401,1080,386,5145
fieF,1245,908,1055,669
uhpC,26,12,14,147
ubiV,26,11,12,24
HQ24_RS11580,16,11,5,136
yfcV,8,13,12,4
rna-HQ24_RS20405,1591,197,4355,1613
pfkA,8591,12223,8968,2501
aslA,182,147,128,61
rdgB,83,81,69,752
ydiV,537,339,427,273
rhaM,5,2,7,4
gltP,101,220,115,194
yaaA,173,320,253,277
ydiH,330,24,61,218
yqhH,26,10,15,14
btuF,56,16,18,343
rpoZ,1215,635,597,1012
gloA,757,567,677,520
ttdT,9,3,7,11
chaB,706,930,759,72
HQ24_RS26885,1,0,1,1
cynT,20,22,25,13
araC,826,1422,1331,204
murI,201,177,176,616
yfiB,65,9,11,170
ompT,456,156,259,4832
HQ24_RS23800,9,14,8,5
cyoE,903,397,435,10262
cdgI,192,68,78,32
tcyL,988,859,841,704
yihA,664,747,609,598
yjcO,186,266,212,279
HQ24_RS16865,25,11,8,384
sgbU,8,2,9,38
rcdB,82,76,51,66
kefB,867,257,429,390
malF,39,19,34,2869
mobA,231,259,189,95
HQ24_RS26950,7,7,2,4
yadV,1,1,0,1
pflC,29,21,15,21
fdoH,3685,3117,4769,6833
lysA,249,100,131,134
glnS,797,1236,934,3858
ortT,38,16,18,138
tsaB,41,26,20,702
yceH,461,1155,860,449
wcaD,43,15,20,25
ydhF,4057,2540,3030,1000
yecN,530,301,273,374
yfcF,949,1206,746,464
yeiQ,187,248,281,845
ykgM,5,13,19,2
mazG,1043,513,720,420
recQ,78,50,34,1199
yqeF,1985,3861,2100,6935
nadD,390,152,168,524
radC,100,99,99,195
paoA,271,370,236,57
gpt,86,130,133,624
tatD,140,60,52,423
cspF,2,3,5,206
usg,327,298,205,1201
HQ24_RS26770,18,9,15,4
ygaP,176,108,136,118
sdhE,217,106,142,405
ssnA,29,16,25,28
traL,507,339,185,7345
ypfM,321,605,773,139
HQ24_RS26585,1,0,0,0
ybeD,399,783,726,300
flgM,93,174,142,1361
yedE,50,34,16,263
HQ24_RS26185,5,1,1,9
sltY,627,645,489,1022
yhgN,25,41,29,157
phnF,3,1,2,0
HQ24_RS26525,0,2,0,3
ynfA,43,23,36,50
ghxQ,205,91,92,146
fucA,36,40,34,69
ybgE,619,166,287,530
yjiM,481,227,237,85
HQ24_RS06350,17,6,8,79
hyaA,979,761,1519,24
xanP,14,14,10,2793
HQ24_RS01245,13,14,7,18
decR,389,304,337,101
ybiW,83,35,72,53
HQ24_RS10215,49,19,27,26
gppA,1413,507,450,3035
nanQ,701,217,297,240
HQ24_RS01420,113,101,86,68
yjeT,16,3,5,34
yjbJ,19619,8940,12938,390
yjjW,14,12,9,15
gadA,2563,513,431,657
essD,18,12,13,8
trbC,45,41,36,2034
yadL,45,48,49,13
sthA,1456,317,549,6905
ddpA,1560,94,228,2801
traC,123,84,91,9358
tsf,1323,796,443,12470
yceB,269,389,275,267
basR,755,931,858,211
yraQ,404,503,397,432
wzb,2,1,1,4
gspJ,4,4,1,8
hsdS,30,4,2,647
fruB,2074,3805,3178,583
mnmE,448,338,286,984
glnQ,376,528,290,2749
pal,2954,6717,5072,7074
pdeD,1272,834,774,182
rffC,101,36,45,447
HQ24_RS26780,138,116,96,103
roxA,3450,5695,3807,1826
yedI,1572,1391,1420,406
ftsX,1170,916,979,1040
hpf,1640,288,541,953
torI,56,33,65,120
qseC,141,136,107,91
manY,7073,17280,10026,6889
mCherry,889,800,767,269
dnaT,380,191,186,294
kdpC,40,48,32,24
yqiI,19,11,18,13
zwf,1445,2501,2115,1974
araF,621,1179,850,42700
mdtC,620,65,136,319
emtA,539,493,473,443
nikR,44,41,37,84
ydiJ,152,97,97,5925
yehL,9,4,8,16
HQ24_RS14990,59,14,22,50
mdtE,58,24,22,64
yggI,29,16,9,89
hemC,2119,4108,2239,1335
kdpD,983,910,1086,426
yhhL,61,31,33,111
HQ24_RS14905,0,0,1,0
yiaN,9,3,1,16
gltA,4948,6749,13178,11854
punC,277,252,168,101
ibaG,73,43,45,422
yahN,198,219,307,41
HQ24_RS08900,9,10,5,5
gspC,100,55,53,37
yjdJ,824,388,635,133
yqiM,18,23,45,34
yejE,105,9,14,268
HQ24_RS13625,24,24,29,30
nhaR,776,291,291,414
yefM,246,503,722,136
abpB,423,110,144,716
fbp,630,1345,994,2104
ybiY,7,4,4,3
paaD,11,6,9,32
cyoD,101,65,97,2469
uspG,2699,6137,7110,557
phoB,853,946,735,473
rraA,1395,3019,1563,603
rna-HQ24_RS21035,2925,446,9306,3039
sucC,818,347,348,19526
treA,3058,789,1686,1339
argP,388,841,464,676
fiu,181,75,89,2706
dinQ,899,827,737,446
ynjD,39,21,15,65
pcnB,509,399,318,3308
rplU,444,282,311,5691
galP,2334,3035,3404,904
rnpA,157,163,91,2266
secE,3954,3670,3563,4064
csgF,38,12,18,347
cynS,27,11,15,10
wzyE,256,99,119,397
alaA,214,66,86,3650
ybjI,96,110,87,293
mglA,407,173,144,2215
clsB,1155,459,614,188
fabG,5036,6125,3216,9207
HQ24_RS05990,2,0,1,0
inaA,267,162,202,447
cysJ,66,34,27,453
fepB,446,556,334,507
paaZ,23,24,25,39
yrbL,13607,24279,15646,2809
pspG,549,2062,2001,18
nrdR,208,330,221,440
pxpA,331,229,182,427
racR,232,119,122,618
hslR,551,521,465,472
ybaB,426,346,730,750
focA,4016,4057,4111,714
rcnA,23,16,9,55
thiH,138,21,50,316
ygbM,101,39,44,42
gspF,19,4,6,18
yhgE,299,164,176,232
ygfF,87,82,57,998
rplJ,3504,7752,3752,27740
leuO,111,112,107,44
xni,32,75,55,288
hyfE,13,3,8,5
yajD,246,368,372,380
frwB,2,8,4,18
glnD,464,392,358,940
glnG,1368,855,1220,370
tdcA,41,43,25,23
cpxR,1563,2232,1870,963
yafC,379,246,326,146
blc,3551,5415,5617,353
HQ24_RS26850,576,211,324,371
cpxP,1081,1064,1531,1311
rsmD,65,77,56,159
ybbP,340,156,179,702
pat,6248,4335,5200,4122
rsmC,300,399,260,592
HQ24_RS14835,19,21,18,74
ybiO,415,163,154,149
bioA,75,438,195,531
HQ24_RS13620,5,3,6,7
HQ24_RS14925,29,20,17,4
rbsB,780,593,592,6297
aldB,30043,19808,16451,3232
rpsB,3584,2337,1585,27385
yebC,700,734,567,2153
HQ24_RS26925,15939,5159,10998,10595
HQ24_RS07200,294,215,222,132
HQ24_RS13555,68,17,20,120
betI,643,915,843,292
HQ24_RS24785,22,2,10,89
phnI,2,3,0,3
yggC,333,155,136,322
yfiR,202,110,151,200
ygcE,46,30,31,78
puuA,804,1132,1110,652
hyaF,298,37,137,25
yebV,5920,733,1410,1278
cheA,422,262,327,6101
prs,664,1052,410,13017
argS,670,757,562,2635
yagF,938,527,652,846
HQ24_RS16230,812,704,536,532
tamB,350,208,203,1131
hdhA,2709,6153,4534,810
rna-HQ24_RS19945,1579,190,4404,1544
hcxB,375,373,424,778
aqpZ,3431,2509,2337,246
yqeB,296,118,131,246
adeQ,311,159,166,38
fdrA,114,53,86,38
livJ,81,69,44,4466
yeiH,209,155,170,224
dkgA,6057,3223,7975,489
proW,45,49,35,348
HQ24_RS01445,135,111,93,236
pykF,13317,17505,17662,4710
hlyD,469,639,597,190
yeeZ,2704,4181,4851,1147
hofM,26,26,26,61
ispA,263,309,181,1881
yoeB,366,526,941,182
HQ24_RS07510,30,20,33,11
fliE,29,17,21,1608
ccmE,24,20,12,99
yhhJ,89,41,66,327
yjfF,993,130,311,164
yccM,45,59,37,18
tyrR,2824,5430,4371,1519
ydeM,11,8,9,93
yfjY,0,4,3,0
bssR,27777,33313,35264,67
cadB,17,17,36,7
cspI,53,87,65,297
arfA,215,181,171,76
ybaP,53,57,45,191
nikA,12,4,8,33
HQ24_RS12170,15,6,5,13
torY,37,39,39,28
yhdU,11,8,5,60
ttdB,2,4,5,3
ygeA,89,71,62,370
ecnB,276,176,214,61
yoaC,2049,1287,2015,290
cynX,54,23,29,61
yccU,3849,3144,4588,354
rep,118,75,65,572
purL,193,104,100,15057
srkA,344,327,247,1251
yjiK,27,12,15,18
yfdX,25,30,35,16
ycjX,308,336,216,419
yecT,19,5,9,53
fdnI,37,37,31,42
ybhJ,92,40,60,82
ybiU,315,306,311,334
yjfI,7,0,2,2
gsiB,911,189,302,634
rna-HQ24_RS23550,12,0,2,125
HQ24_RS26070,65,162,302,91
HQ24_RS08035,9,9,3,31
HQ24_RS15445,2,1,1,0
xthA,501,527,349,775
aroC,416,417,347,1993
msrC,1033,707,517,1603
HQ24_RS26730,5,5,7,7
idlP,1,0,1,2
ygjG,38421,8874,17804,2129
artJ,4793,1162,1700,1359
HQ24_RS26820,8,3,0,6
entF,1430,232,556,1640
HQ24_RS26815,4,1,1,4
chbC,487,405,489,242
HQ24_RS12395,157,110,87,2709
HQ24_RS17095,38,19,23,25
scpC,24,14,3,50
uraA,44,30,31,1603
symE,24,9,15,34
yhjG,5899,4486,4869,1348
ylbF,25,13,14,22
pstA,141,153,91,366
sodB,508,339,400,2511
yhjY,3205,2585,2205,310
kbaY,26,62,43,27
glmS,6212,14470,10177,5243
pdeF,53,45,50,98
oppB,865,307,468,12563
aroB,1762,1581,1106,4697
phnK,8,10,6,8
narX,458,642,592,376
aat,658,1039,774,492
deoD,4287,3978,6083,3754
HQ24_RS12090,40,8,20,35
leuA,227,148,146,737
crcB,339,293,365,37
HQ24_RS12135,57,2,6,1266
intD,370,220,234,497
sbp,79,75,68,168
ulaC,17,27,13,40
yfaE,32,13,14,175
HQ24_RS15190,143,73,72,265
dapE,600,490,535,950
moaA,974,800,789,1005
nac,114,49,98,84
HQ24_RS07295,59,108,73,89
glcD,491,574,446,313
pliG,260,215,262,27
yhdY,107,30,42,100
mhpA,33,29,31,19
ynjC,53,37,22,172
yehE,1061,426,506,166
rhlB,1641,1497,1170,4163
dmsB,73,47,54,59
ybiB,903,1563,1469,419
ydeI,4185,2536,3075,67
pyrE,14,15,12,257
tsaE,605,425,512,243
yraI,2,1,1,1
yfjR,4,2,3,10
HQ24_RS12630,98,135,90,34
melR,428,627,810,155
thrL,164,64,166,110
fliI,12,7,6,7426
yaeP,434,489,414,77
yhhT,2009,1389,1572,230
fabD,2005,3951,2395,4316
ttcA,570,917,725,845
yneG,24,18,7,144
rnr,3377,3619,3770,2146
idnR,111,44,41,125
ycbX,171,151,114,609
lptC,1871,2340,2353,742
folK,29,21,4,315
fliK,9,10,9,5111
HQ24_RS15255,2,1,1,8
ybeT,4,4,1,3
fmt,5544,2149,4486,2275
ldrD,199,192,127,96
mutM,45,21,40,182
pbpC,95,43,39,337
preT,112,170,144,98
gpsA,3841,1087,1929,3954
hycF,4,6,4,11
aspC,450,668,371,8515
kup,1240,240,338,871
nfeR,161,218,200,109
secG,576,1096,599,4731
ugd,1575,578,821,558
ybjJ,95,96,63,227
ychH,17726,84656,65365,293
yddM,676,629,662,282
yfdE,813,698,763,33
yjfM,52,64,47,6
yjjQ,9,5,4,5
rbfA,290,547,469,655
msrA,2352,1976,1793,437
dmlA,50,73,72,85
dnaG,1408,911,1249,4998
stfR,259,154,171,79
ychJ,40,27,30,356
yfbM,16,25,24,12
rsgA,558,821,612,1437
HQ24_RS02345,180,95,119,73
HQ24_RS26130,117,111,92,157
galU,3386,4573,4317,1708
yihV,120,119,113,50
yhhQ,154,62,95,162
HQ24_RS10240,11,6,9,37
clpA,11865,26099,23388,5158
sucD,690,216,294,15352
mdoH,2503,510,1225,3771
recA,15545,21881,18911,10132
dpiA,42,37,26,77
puuB,100,81,80,144
thiG,110,36,38,231
traK,83,58,47,3012
yhfG,191,162,245,195
pagP,84,58,51,27
cvrA,273,131,138,527
yidK,22,18,18,24
HQ24_RS06310,26,3,7,37
gatD,2358,147,241,29490
arnD,189,36,23,204
HQ24_RS08085,57,64,85,8
cysC,63,41,26,34
suhB,48,47,23,1505
dld,516,267,329,4130
nfsB,221,162,155,909
yciC,773,826,940,591
tus,228,205,324,261
fimD,72,43,60,175
HQ24_RS03635,123,62,74,18
pabA,1081,543,770,202
rfbD,509,520,432,3205
manX,9773,15896,12193,8865
caiB,55,30,44,76
aroH,112,163,99,1115
phnD,4,1,2,4
purR,63,85,42,3862
ygfK,125,37,72,83
dinJ,518,534,837,148
recC,458,322,316,1540
yhdE,576,371,358,886
ydhS,2628,1380,2031,464
yggR,24,33,17,46
yiiX,247,126,133,178
eutP,6,12,20,29
gyrB,1122,251,394,4457
acpP,9729,7791,7369,17159
yjbB,1614,1818,1835,459
lldP,1269,1969,1744,1103
yncP,77,261,145,56
flgI,19,6,14,5727
pgpB,963,522,508,303
yjfN,2857,7659,7291,227
proY,326,245,236,745
trbA,20,10,15,491
yegD,38,31,19,172
psuT,184,130,83,163
agp,4622,5311,8134,1972
frwD,32,23,15,26
chbB,570,570,645,241
rzpQ,4,4,7,7
kdpE,536,645,635,102
yacL,1410,934,3579,201
ybjN,158,50,61,601
yecD,146,146,100,348
bglX,507,773,564,1778
ibsE,0,0,0,0
dgoR,156,502,315,143
ypjD,106,176,112,553
HQ24_RS25510,3,3,3,5
HQ24_RS14910,9,16,10,2
msbA,334,231,228,1808
ligA,1241,1246,1366,1526
soxR,334,378,349,46
mlaB,882,1071,861,735
yphD,93,26,41,34
malM,149,103,163,3058
chaC,1845,2025,1578,368
nrdA,635,383,349,3325
solA,242,437,346,545
yccE,11,12,7,15
yheO,944,151,175,1072
gpmA,14334,13428,16314,4183
hyaE,172,20,149,16
phnM,15,5,4,8
yjjG,2002,2169,1452,591
HQ24_RS12640,252,62,158,38
HQ24_RS01415,30,19,21,91
HQ24_RS24455,23,24,22,24
asr,232,38,94,216
hybG,30,12,9,52
srmB,283,334,228,1452
nikB,10,6,6,15
ybeQ,37,22,36,14
serA,436,501,475,3877
ldtC,81,58,93,894
rrrQ,3,4,4,5
ybgQ,18,10,7,14
dhaK,133,197,188,512
ybcK,24,12,18,16
yhjD,3696,6452,5441,244
HQ24_RS24465,6,1,8,4
ykgF,184,87,88,369
moaC,347,75,151,329
rluD,1868,1101,1092,1697
yhfT,34,26,22,53
yidA,295,254,253,363
zraR,210,241,206,202
marB,11,4,9,27
aer,355,165,173,1441
ada,1272,1565,1382,263
osmB,3696,2796,4299,167
dicA,695,140,256,467
HQ24_RS26705,0,0,0,0
nfsA,180,290,219,379
glpE,124,98,70,268
pbp4b,152,45,82,277
hyfB,21,17,15,40
rsmB,1249,164,473,1619
yadN,2,3,0,3
cysP,91,165,108,695
deoB,9967,15766,14660,3406
lplT,838,293,317,645
thiK,295,197,203,306
yccA,3029,2763,3038,3875
bioH,120,179,138,171
cbpA,1849,1284,1792,489
ravA,834,646,575,478
ebgA,561,635,677,385
ftsZ,4727,4288,3511,7409
ecpC,124,66,74,70
mngA,19,29,27,23
HQ24_RS16675,48,107,64,66
HQ24_RS10745,2,4,2,17
ucpA,1433,5009,2745,2581
gntK,117,147,117,53
tadA,383,175,131,386
paaF,606,618,485,1857
alsE,25,18,18,39
sfsB,34,13,16,94
arnC,405,15,36,240
rlhA,142,96,51,1448
wecH,191,177,215,79
dps,8646,14532,25055,2172
cdd,4511,19768,10293,838
dut,103,131,82,717
ybiT,308,296,221,1948
fucU,142,170,148,188
phnL,64,19,35,8
fadJ,2704,2067,2855,3871
ompG,14,18,5,12
lacZ,1183,898,1228,285
eptB,308,105,117,1014
ibsA,2,4,0,0
metK,4517,2358,1911,2969
flgK,364,412,416,6745
ftsK,4608,3703,3959,5145
ndk,196,449,219,9297
iscA,1866,1833,1775,2202
rhtC,140,224,130,462
sanA,110,129,94,177
actP,2284,1841,2121,13308
cueO,219,318,203,594
paaX,1054,1473,1430,1090
ddpF,166,22,16,642
sbcC,163,73,77,657
ulaE,36,31,36,81
icd,1945,4675,3315,29505
yqcA,139,309,223,371
yncL,134,104,77,48
cusR,171,298,151,245
ddlA,437,322,290,1191
fecB,81,35,28,84
yciG,1595,158,342,29
yfgI,338,230,377,25
acpH,333,630,317,151
arcC,206,162,199,81
ybiV,73,184,137,124
hinT,1012,1638,1079,523
HQ24_RS18590,0,1,0,0
smrA,407,348,391,174
hslJ,550,527,494,98
panB,346,394,329,1058
efp,1877,2915,2054,3410
yfeY,232,347,202,805
yedK,656,677,691,51
HQ24_RS15245,3,0,1,6
carA,116,13,10,4810
putP,303,410,413,26329
dedD,926,1392,1024,1038
rplP,1096,1708,842,16731
ycjN,13,5,10,39
cydX,244,196,228,160
yaiO,388,315,480,26
HQ24_RS01100,8,4,2,40
eamA,653,309,325,696
barA,415,126,150,1296
pdeA,117,72,60,633
fliJ,5,1,1,1859
fucP,49,39,36,96
malZ,245,259,221,236
ogrK,50,23,53,28
cobU,58,73,63,110
radD,294,139,143,368
sdhD,270,198,203,3840
ulaF,54,35,53,93
asnA,599,963,1056,1054
wzx,369,268,239,2111
HQ24_RS20410,24,18,9,128
yhaI,108,80,98,19
yehR,41,39,36,15
sixA,5743,7244,6501,2088
HQ24_RS02905,168,112,89,63
btuB,248,118,143,2190
citF,1,2,1,4
chbG,171,212,155,211
yhiN,585,1009,755,443
HQ24_RS07505,42,27,57,55
rcsB,2066,4335,3606,3125
hyfF,42,27,32,54
rluE,100,57,55,239
coaD,432,921,644,251
nuoA,1469,758,992,4562
ydgH,226,276,214,2466
ydhK,182,68,65,345
zipA,4920,7709,5385,3564
hemG,337,197,171,384
ycjP,4,21,14,15
uidB,39,38,42,97
ybiA,53,37,31,64
mhpC,22,11,8,18
nrfB,671,568,546,178
mepA,103,49,33,978
yeeT,1,1,0,0
yejF,158,30,56,656
uof,93,128,72,133
HQ24_RS25990,0,0,0,1
yeeE,244,287,203,399
bioD,450,522,595,480
malP,1674,431,517,2822
guaB,208,686,497,5014
yafX,0,0,0,0
espX5,10,9,21,18
frlD,57,87,57,66
npr,221,85,87,254
yfjQ,16,14,11,26
trhO,156,150,110,1140
cmoM,206,210,166,785
amiB,1225,875,837,761
yeiL,55,35,49,31
HQ24_RS06840,21,25,17,15
mdtN,8,5,3,2
ydhP,262,192,180,234
yhfX,21,18,12,17
ompX,21449,38840,45274,3483
speB,1707,1675,1601,1673
HQ24_RS01690,23,16,24,16
tsuB,147,83,96,78
HQ24_RS02755,8,1,2,9
sufE,551,65,219,155
fecC,18,7,5,52
ahr,4038,4560,4666,378
glnK,2,0,4,1
gatB,1358,101,152,11509
ybfE,15,11,12,232
ulaD,50,53,39,92
ilvI,75,62,62,882
uspA,2062,2024,2387,2801
entB,247,45,122,953
yfiM,98,16,30,93
digH,75,29,33,418
cspE,35090,52465,58990,30169
adhE,32466,14896,25582,13329
trbI,16,13,10,964
fumE,230,163,130,276
norR,265,237,238,338
waaU,133,102,156,322
yfcJ,10,11,11,155
citC,1,0,0,0
wzz(fepE),3,2,2,9
HQ24_RS15180,40,42,31,479
cspG,58,59,39,1368
yoaF,120,118,106,77
ygiN,2274,2252,2095,649
dcuC,86,45,38,60
cydA,5568,4522,5577,4798
eutQ,18,40,36,41
ycbU,30,13,13,23
trmH,108,20,23,491
HQ24_RS26495,30,13,18,40
bcp,852,776,558,1827
HQ24_RS26560,0,1,0,1
yehB,81,60,57,23
ydbJ,708,1158,630,803
pheP,122,67,47,561
yfdH,70,22,24,2029
prpC,1549,658,1246,168
ulaB,6,17,21,22
HQ24_RS00290,517,315,618,220
eco,275,282,293,212
rpsS,232,385,172,10859
qseB,33,42,29,33
HQ24_RS05960,74,31,33,6
rnt,83,29,37,439
arnE,334,138,123,59
nuoE,530,104,180,4382
fldB,250,279,267,431
phoQ,656,238,261,1502
yniA,5262,8160,6686,1367
araB,315,512,464,1298
potD,230,135,133,2494
mdoC,35,33,49,306
HQ24_RS23365,7,5,6,9
vapC,982,882,954,291
rbn,204,213,179,403
purA,735,1054,591,6794
HQ24_RS22080,61,52,22,119
KanR,73514,185640,100833,110008
yfcG,2348,3368,2795,223
ycjD,75,36,41,63
tmcA,1141,515,589,1118
ycgN,1282,387,960,260
pnuC,1988,3134,2814,779
yegH,1269,277,677,296
gcvH,117,237,384,4937
gatZ,56131,24705,34739,92921
yncH,18,8,15,6
ariR,722,611,869,52
hexR,481,474,459,1043
thrS,11193,10691,10110,16667
cysB,367,288,407,1546
surE,671,833,499,1577
ygfB,370,489,415,891
dppF,35,41,25,2201
rna-HQ24_RS23570,2,1,2,21
yobF,1983,5276,2194,3629
tig,544,857,504,17413
yqhA,120,136,99,593
mzrA,331,205,177,383
cspH,0,2,0,14
metC,398,288,323,729
nudE,374,177,145,788
trbB,41,24,22,915
HQ24_RS08570,0,1,2,59
zinT,72,36,55,37
HQ24_RS25805,2,0,0,1
fucR,118,269,152,733
bor,2,6,6,89
rcdA,99,118,125,95
HQ24_RS25910,17,43,29,5
yceI,27,8,17,319
HQ24_RS26470,7,6,3,0
yejO,1561,865,889,693
gspO,37,20,27,40
waaB,229,259,264,538
HQ24_RS26030,1,2,1,0
lsrF,522,33,46,1651
rpmI,1706,1945,1280,6284
yiiR,481,393,553,117
fes,511,221,338,418
mcbR,1584,972,813,309
pnp,7253,5631,4269,28398
nhoA,694,880,594,211
srlA,215,268,326,90
glpF,706,980,910,517
ssuD,8,6,4,12
ybdJ,682,137,317,98
fliR,6,3,0,1479
mdtI,15,36,19,109
rpoC,7731,4200,4735,45711
yiiE,3,0,2,0
patD,2795,162,427,12407
yjfY,555,168,831,7
pgeF,1097,267,262,1081
lldR,292,69,108,280
rplS,348,190,264,6654
thiL,104,67,38,467
glcF,651,444,479,430
HQ24_RS06305,2,1,0,69
pdeC,2913,832,1734,201
uxaA,220,290,224,531
yciK,132,207,154,482
iscX,100,83,66,656
queF,222,112,115,517
rfaS,134,105,172,211
yafJ,278,253,210,604
osmC,10870,12431,12191,1421
rbsK,197,142,136,1805
yjhU,879,1345,1078,706
hycE,17,10,8,43
nanK,937,445,398,375
uidC,193,123,173,79
arnB,966,238,241,319
tapT,65,140,96,236
HQ24_RS01355,0,2,5,7
yedL,177,140,178,45
agn43,199,63,80,184
hcaE,151,94,77,322
ispD,165,101,85,986
hisP,210,19,23,813
rplA,1501,3537,1608,27052
yfcP,20,10,11,8
yjgA,2065,2273,2324,684
HQ24_RS14530,4,1,1,98
gdhA,199,71,61,2937
rna-HQ24_RS23535,10,7,1,17
birA,190,101,104,501
HQ24_RS22075,194,199,159,386
yhdT,3,1,2,46
ugpE,264,10,30,312
cysA,175,108,79,100
glgA,2996,2062,2038,2927
yaiL,254,206,175,281
hscA,553,417,287,4003
yegP,5560,6318,7627,361
ykfA,373,239,199,284
lacY,45,49,27,16
glcG,216,211,183,201
amiC,229,130,95,1753
csqR,323,611,363,417
mreB,1129,1143,721,7291
nagZ,630,819,633,586
rffM,270,212,181,400
wcaA,6,8,7,12
ribA,248,297,255,463
yicJ,40,21,23,17
flhC,206,91,93,2486
ygaV,40,40,46,34
arcA,16347,36011,21721,6028
ispF,77,36,30,515
HQ24_RS16615,3,2,1,1
cysH,97,108,101,48
ycaR,99,132,103,105
rcnR,51,26,40,44
yggS,121,170,134,376
purH,79,103,98,2106
rhoL,371,294,242,1067
rnb,140,162,83,4438
ybiE,14,9,8,33
dsrB,911,249,734,110
zapB,520,336,430,663
dcp,822,705,677,2065
yeeY,2437,2262,3590,267
nirC,19,30,18,22
hycH,55,44,46,13
yeiG,219,124,176,888
nirD,9,13,8,2
yghT,11,4,2,8
hydN,11,23,22,81
hyfI,27,7,16,22
dtpB,2892,3004,4714,201
katE,3717,171,325,4791
yhhX,1394,2376,2022,585
yrdD,2289,1335,1893,1149
cedA,45,75,38,34
gndA,7184,4171,4849,12585
tauA,8,6,4,4
yqjF,82,58,98,83
HQ24_RS06550,236,135,144,294
cyoC,113,124,123,4193
metR,103,61,45,112
norV,99,89,72,101
ybfQ,8,5,4,3
yfiF,871,1448,1052,1492
hokA,0,1,0,0
maeB,1557,2576,2208,16116
cheW,165,60,88,2268
fadI,2053,3010,2951,2286
nlpE,853,810,938,388
yodC,951,474,770,190
alpA,4,1,1,8
hdeA,3547,376,227,1049
manZ,7091,15541,9354,6389
robA,7125,5203,6289,2338
rnhA,117,62,78,228
rplE,2629,6501,2538,30811
HQ24_RS05365,10,14,13,4
ycjW,31,26,18,178
ygcN,36,26,24,175
ygfX,139,99,66,426
ygiW,1644,4063,4887,591
yjiX,5,12,2,15
ychF,509,894,567,1683
csgG,153,81,82,818
dacA,199,229,159,2145
plaP,51,35,30,3869
vapB,275,234,398,135
ybgS,5173,1512,2793,271
fryC,1,10,7,12
ygjQ,9,9,4,22
mlaF,878,897,1066,1455
yidQ,596,542,547,758
hemE,771,789,640,1022
yidG,60,24,22,43
dtd,601,378,400,493
trbJ,12,3,10,381
ung,132,193,179,317
rna-HQ24_RS13395,2748,391,9061,2747
yjbR,1101,1144,1091,222
gloB,586,252,263,323
lon,2088,1888,1550,5480
ycfZ,1,2,3,22
HQ24_RS26010,2,5,1,1
bax,951,820,609,3548
rhaS,57,79,62,42
tesA,63,95,71,221
thiC,583,423,467,1672
dtpA,484,172,239,8715
yeaC,1013,787,744,1775
torC,36,34,15,12
yihN,64,37,47,84
purF,311,180,182,6139
ompL,15,7,11,3
ubiI,394,129,138,1269
parE,756,827,570,3271
tyrA,673,515,543,580
rutC,4,8,1,1
rzoD,43,42,41,10
allS,38,35,33,9
ybhS,193,39,69,128
aaeB,143,97,66,103
sdhC,795,1380,1091,6997
yecF,10,9,11,49
fsa,141,147,140,56
fabH,2002,4262,2883,3687
ybeY,1735,1105,1255,568
bamE,2422,1234,1954,1798
pflB,41959,19378,26984,15575
ycaM,253,211,218,716
pyrD,34,23,28,875
yhfU,15,12,8,7
tam,3761,1824,2746,1070
ysgD,9,14,9,23
thiP,17,10,2,237
fkpB,157,48,74,803
yneK,18,6,10,18
aegA,124,120,76,99
hycB,8,1,4,7
ribE,850,1060,773,1714
yahO,36304,12421,21064,1872
argC,514,34,24,65
mtlA,13122,8033,11298,5586
pepB,647,815,626,2791
yebQ,35,10,18,168
apbC,1076,424,531,1998
treB,116,401,137,1036
cysQ,4422,12038,10911,378
flhB,18,16,7,2450
HQ24_RS26915,6,3,4,1
caiE,14,7,10,18
uvrA,3678,2005,2139,3270
rna-HQ24_RS17425,1549,175,4423,1583
HQ24_RS19570,14,15,4,15
menI,40,32,39,339
cysE,1345,368,407,2285
traN,100,59,82,4807
recO,936,475,461,935
ycgZ,241,198,290,21
yicC,1266,1484,1211,1461
oppA,9089,6148,7969,65331
dmsD,114,45,29,327
lgoT,403,151,270,143
bssS,19252,24751,26534,437
cgtA,6504,5969,8240,2542
amiA,381,384,292,789
fcl,12,6,5,29
hspQ,11122,17795,18260,1119
mltD,512,358,255,5347
creA,101,176,108,245
prpB,4622,4608,7461,240
lsrD,294,47,41,669
endA,45,21,33,47
yraH,7,9,9,10
traV,56,22,26,2186
modA,235,461,315,934
djlA,164,120,89,345
citE,0,0,0,0
lyxK,20,5,10,83
aaeX,46,26,25,6
slyX,326,289,230,115
yfjP,232,301,284,40
HQ24_RS25610,7,7,5,3
pdeL,94,64,57,152
HQ24_RS10225,9,12,7,21
rbsR,76,39,39,531
alkA,577,352,270,163
phoH,12447,3977,9651,422
matP,502,926,779,303
nadE,1766,1503,1454,911
degS,226,84,103,652
pyrG,13267,9098,10786,8123
HQ24_RS01025,20,17,12,136
ybhH,5,12,7,5
sgcB,365,240,404,29
pepP,1184,1626,1495,2521
rihA,142,199,149,1000
bcr,423,299,161,1399
cca,2633,1816,1270,2280
dcyD,1724,2418,2568,1166
ynfF,148,32,76,124
yeiP,55,78,40,918
malK,9,2,6,3850
yaeQ,90,74,63,187
eutL,62,75,75,134
rfaY,102,113,86,229
uhpB,44,34,20,402
gapA,17201,12576,13054,28942
yjhH,134,197,190,115
yajO,7252,11698,12629,1053
yodD,8510,11420,10912,210
quuD,29,11,26,10
tnpA,3,3,6,4
wbbI,264,257,192,1758
ydaF,91,121,142,14
tatC,194,64,63,1374
evgA,52,40,29,89
pgrR,156,155,126,132
tnaB,73,15,48,1300
pdxK,258,524,347,433
sppA,330,358,336,1702
idnD,93,34,53,63
ydgC,131,103,107,277
ytjB,51,89,67,191
yfjZ,1,3,1,6
HQ24_RS01335,280,361,308,920
etk,371,311,337,194
rarD,77,107,80,263
glsA,1156,89,40,302
lldD,747,234,325,427
gldA,112,172,156,132
yvcK,224,217,164,309
fic,4355,2729,3587,324
HQ24_RS19415,2,3,4,9
wbbK,214,146,137,1745
HQ24_RS25985,0,0,0,0
queC,226,131,156,436
entS,123,141,81,814
ssuC,12,9,11,9
ycgB,14728,10649,23071,1212
yehD,3,1,1,2
yghS,7,7,2,17
norW,53,22,15,57
yheS,532,355,412,1181
purN,77,170,108,3471
ftsE,706,1128,809,632
narQ,246,158,140,310
HQ24_RS14525,12,5,8,350
HQ24_RS15925,4,3,4,7
raiA,15946,31264,31478,2505
rpsJ,473,1093,386,21154
dcuA,1322,868,1336,2098
yddH,1497,1230,1283,114
HQ24_RS02765,0,0,0,0
ihfB,3329,2625,5228,1605
rpoB,8041,4753,4782,46030
mdtF,85,55,43,152
cas7e,189,89,82,126
HQ24_RS25885,39,33,17,80
yqjK,1289,2934,1447,1295
gspE,51,31,25,95
ybhD,18,24,13,30
hiuH,36,11,11,21
yhiY,125,146,99,240
aldA,16916,21649,18136,53644
metA,176,88,78,160
yeeJ,655,368,423,441
alx,93,82,63,423
trmN,21,12,9,439
yihY,958,951,1029,702
ytcA,0,2,0,1
rlmKL,414,530,474,1997
glrR,250,170,106,624
hyaD,406,105,405,25
pheS,160,143,90,2629
HQ24_RS04580,4,2,5,19
mepH,152,54,71,562
clcA,1171,402,632,606
nagA,1216,1321,1465,857
yjaB,268,282,311,38
frdB,584,1592,1030,1172
pstC,103,181,122,286
hisIE,211,102,86,984
fliL,13,16,18,5263
yacC,127,152,100,654
queA,33,13,19,609
tyrS,569,953,562,4234
pspF,125,98,101,130
plsC,192,195,151,653
lrhA,326,922,621,467
HQ24_RS18250,4,0,0,3
ybhA,64,107,71,208
HQ24_RS14870,592,327,267,734
ygiS,164,129,146,558
cysZ,190,103,144,326
chaA,99,90,82,534
pckA,2342,4950,3729,16414
puuC,148,149,146,170
flhD,147,93,77,1301
yciI,100,337,164,272
HQ24_RS14900,20,17,16,12
pmrD,54,38,53,268
acrS,2,4,2,2
rng,1078,390,470,2039
btuE,1390,548,589,753
HQ24_RS02850,271,170,169,2515
ccmH,89,66,51,196
HQ24_RS26695,0,1,0,0
aceA,6174,2529,3316,2122
galK,494,307,377,793
tusB,241,117,124,268
ygbN,130,71,80,63
yidZ,31,16,12,157
surA,2636,1768,1610,4213
malT,3427,2243,1911,12151
HQ24_RS19445,156,293,256,36
bioC,20,23,7,364
rpmA,498,262,276,6248
rmuC,878,756,694,1239
ugpQ,747,484,463,644
tdcD,39,18,8,73
HQ24_RS14735,2,1,0,1
dbpA,1639,451,435,783
rph,44,81,69,411
ilvM,6,13,9,15
tusD,360,19,38,395
ydeO,30,32,40,11
yehW,433,62,82,326
HQ24_RS23720,28,19,19,9
yebS,1089,935,678,377
yigL,173,76,68,472
hypF,341,238,226,228
citX,0,2,1,2
fadD,16125,31991,32381,3613
tfaQ,42,38,32,16
ulaG,79,77,70,42
plsX,1051,1133,894,3762
HQ24_RS10305,32,36,23,58
cvpA,124,142,87,2566
nanA,2538,1589,2765,796
pdxH,166,69,74,687
speG,150,161,135,664
btuC,212,61,55,312
yecC,1140,701,720,923
yciH,6,5,3,220
flgD,13,6,4,11434
slyB,12033,20253,19086,6216
uspC,31,60,40,26
bepA,983,1017,934,1490
yjgR,4846,3157,4496,897
HQ24_RS26605,0,0,0,1
yecR,3,5,2,1028
iclR,316,413,451,668
fecR,1024,94,141,366
araE,183,181,169,488
ydeS,8,11,14,3
yieE,179,115,83,334
HQ24_RS18630,2,0,1,1
marC,1098,2369,1597,207
yfbS,270,121,135,496
nagE,3339,7421,7034,3735
murP,160,128,153,250
pgm,1424,4035,2320,3959
ecpR,9,16,12,11
msrQ,895,374,397,163
wzy,335,218,188,1672
yibH,1693,2910,1832,122
glcC,1373,3185,1839,2228
hscC,66,55,64,126
ygeG,7,1,2,2
HQ24_RS17105,291,334,300,1015
yhcG,79,57,65,140
yihQ,104,96,116,21
HQ24_RS03245,2139,2513,1949,226
acrE,3,1,4,16
phoE,15,7,13,16
yehX,462,136,126,339
ynbB,12,21,31,5
mhpF,41,70,52,26
cyuA,63,51,90,170
ybhQ,4029,6437,3137,865
gatA,10425,1017,1906,31277
lamB,106,71,94,16822
ygbK,164,130,150,79
agaV,78,134,112,120
HQ24_RS16005,9029,12987,9411,660
yjgN,25,12,27,10
sbmC,7416,3916,6829,862
yhjX,82,49,75,97
ynjB,131,111,67,236
yjhQ,16,16,14,107
hcp,19,24,30,31
hcxA,284,181,162,134
ilvL,62,101,73,41
umuD,507,574,449,65
ydcU,751,156,385,1690
ydiB,23,12,13,30
gadC,2783,327,454,883
HQ24_RS21230,19,24,15,241
alaS,1292,1491,1024,12773
oppF,1459,261,537,14462
hyaB,1101,490,1547,43
rpiA,608,905,541,1551
emrE,118,130,118,103
holD,37,42,17,171
tnaA,117,96,83,3937
ybhC,154,42,65,219
hofQ,30,18,19,45
ydcL,14216,2883,6814,1879
yghG,0,1,2,9
hemL,1291,1229,1225,1878
yicI,100,68,75,107
HQ24_RS06030,280,387,477,201
ynfC,908,792,762,353
yfgJ,177,134,115,236
acnA,11800,1932,4438,3883
cbl,109,82,94,79
nanM,2248,2250,3262,158
thiI,175,171,96,1025
leuB,279,153,164,740
motB,287,414,372,2651
HQ24_RS03850,153,63,73,370
csgC,19,18,25,92
secB,3279,2301,2736,3019
ypdE,21,14,20,15
rsmI,221,93,112,402
yfdG,29,15,11,712
mdoG,2331,768,1382,2899
mhpD,36,8,20,27
pepD,3490,639,980,4475
tyrB,292,307,244,1327
HQ24_RS26310,37,40,34,4
cspA,6234,3324,2666,27574
xylR,110,56,91,205
entA,203,42,90,742
rof,1146,1531,976,191
spy,373,183,306,157
priB,296,348,211,9685
ybbA,241,268,259,324
fadE,36692,32262,45059,4227
clcB,32,23,15,91
traS,62,71,91,761
HQ24_RS13880,37,25,14,1026
yqhC,244,657,518,78
HQ24_RS12430,224,106,145,54
hokD,1790,2602,3067,261
wcaE,11,17,11,11
ydjI,45,26,35,78
exbB,1587,1338,1017,2909
yfbP,102,76,80,80
yoaE,138,71,67,1305
yeaW,25,11,16,72
hcr,25,64,44,15
tal,7322,6857,9531,10915
infB,6172,8727,6932,16601
ybeF,6,2,4,21
HQ24_RS26955,59,5,17,5
hisF,188,51,67,1010
orn,267,296,268,294
yfbL,24,18,16,7
yhhM,36,67,38,69
HQ24_RS17420,23,15,13,137
HQ24_RS14815,311,358,281,266
HQ24_RS25795,3,1,0,0
ratA,118,130,101,431
guaA,416,829,551,8967
ispG,3939,6885,5447,3251
ybjT,453,115,135,686
ydeR,15,23,14,8
hyfD,4,15,5,14
glgC,2629,2612,2701,2767
yidC,278,161,107,8476
purT,21,25,17,2043
ybbC,16,16,12,15
ytfE,49,48,35,44
sufB,4473,2699,4728,811
wbbJ,176,128,117,1105
HQ24_RS26360,3,1,7,2
pstS,237,272,204,579
HQ24_RS09845,43,33,27,734
gltS,653,1189,719,234
aaeA,70,41,43,30
yhhW,681,1458,943,207
yigE,25,28,12,5
HQ24_RS26445,60,48,57,37
rutB,1,2,6,2
der,2471,3062,2632,3498
ssrA,1713377,2027500,1789968,255815
yphG,129,117,147,70
flgN,164,208,182,1617
gabT,2423,677,869,1565
pspD,357,1454,1145,41
alsA,22,11,14,80
rna-HQ24_RS23515,0,0,0,1
HQ24_RS13895,18,20,21,36
atoE,16,15,17,12
dicB,4,1,4,0
fusA,27242,50957,34346,107445
glpT,120,146,116,275
yadS,38,35,18,253
mnmA,242,125,94,2269
gss,546,419,374,1068
tdcR,0,1,1,0
ylcI,1,0,0,1
otsA,8205,6091,6976,1014
ydeT,14,58,26,22
rseA,19043,34966,17839,5416
lolB,669,486,403,810
caiC,72,25,30,61
gudX,49,39,44,86
acs,14412,20608,16086,25153
xseA,930,213,287,2135
yciQ,606,301,441,239
ykgE,33,54,35,111
allR,6497,5859,7639,1062
HQ24_RS11280,32,13,15,73
ycjF,256,274,173,331
HQ24_RS26390,159,117,184,84
atoS,276,231,309,175
folP,161,87,114,363
meaB,26,28,24,34
HQ24_RS01315,199,165,125,121
panM,130,124,101,124
HQ24_RS26465,9,5,9,0
yjeO,28,16,22,20
dnaX,328,193,129,2185
citG,1,1,1,0
ssuB,49,38,60,36
eutM,21,18,14,77
HQ24_RS26150,0,0,0,0
ais,35,22,24,28
aroD,106,267,184,363
recB,299,109,129,2293
yjgM,213,172,165,95
yeaL,12,10,4,74
alsK,89,75,74,63
ynaK,22,29,20,24
torD,39,28,25,27
HQ24_RS13635,25,24,16,157
sugE,347,115,101,222
yabI,2585,1474,1361,540
yceJ,9,9,9,57
yidR,108,98,93,158
galR,883,889,895,441
rpoN,3221,2249,2364,3262
pyrI,15,18,19,695
rspB,78,55,53,112
cynR,64,47,37,86
cmtA,41,29,31,35
pncA,66,64,46,683
HQ24_RS16680,242,299,242,143
yddL,0,0,0,0
HQ24_RS07215,240,129,134,103
yijD,1047,1735,867,1218
rsxC,80,64,38,1808
traG,325,189,235,5185
dcrB,727,2070,1416,880
flgJ,27,24,13,3935
hisA,217,52,48,933
ldtD,4215,4186,6108,863
exbD,712,1276,649,1470
nemR,120,193,174,92
garK,761,427,622,145
nhaB,78,32,20,978
prpE,1250,90,255,370
yqeG,513,242,302,251
fadA,3607,3515,3651,3447
bioB,127,511,444,979
yeaO,269,666,459,89
ypdK,9,7,11,62
ydeA,61,24,45,53
evgS,135,65,57,276
glnA,265,88,125,4037
hrpB,359,238,179,643
oxyR,407,591,445,1138
pitA,2779,5050,3140,4576
yhhN,1053,681,712,438
yjiG,40,29,33,14
ccmA,94,92,83,146
mipA,293,528,327,2504
sdhB,365,215,257,9051
yjfL,34,34,27,6
yidP,15,9,17,14
fliS,30,8,7,1400
yihP,42,7,14,26
ybcL,172,66,123,17
nagK,919,850,816,1183
pyrF,57,27,22,682
ycgX,4,4,3,23
rna-HQ24_RS23540,4,1,3,7
pphA,549,403,451,85
yjaH,81,94,43,729
pstB,170,184,158,449
ykfH,1,1,1,0
elaD,67,6,21,47
HQ24_RS12620,15,8,10,9
msrB,2057,1493,1542,2558
ycgM,595,897,755,395
yqiJ,43,54,66,83
yjjP,90,89,73,72
yehS,215,266,189,751
ybaL,2420,1884,1597,1428
ydiO,16,16,16,26
ypjJ,1,3,1,4
kdgA,245,524,260,926
HQ24_RS15035,174,80,74,5566
gmm,3,2,3,14
nlpA,253,338,266,157
yiaA,40,24,41,11
yfhL,49,45,46,100
rna-HQ24_RS23510,1,0,0,13
HQ24_RS24280,23,11,8,7
nuoN,1234,152,177,8174
HQ24_RS02745,2,1,1,6
ftsH,21472,34041,25761,16449
mglC,235,39,58,1569
xapR,247,371,315,138
gsk,105,65,51,649
yafS,293,266,212,177
ybdO,40,22,27,32
wzxE,610,386,337,604
ybhB,781,2442,1961,90
HQ24_RS10340,54,28,48,13
sohB,715,449,539,945
lgoD,29,24,25,9
casB,32,16,28,22
leuD,413,441,393,434
mscK,161,80,70,1326
HQ24_RS15235,839,512,541,555
yceM,650,1226,825,661
HQ24_RS24640,1,2,2,0
yfcH,4037,10475,7235,1370
yfjF,45,62,44,188
tar,1132,795,1035,6234
ybhF,560,275,380,344
ybjQ,1198,1902,1586,152
frdA,2621,4721,3453,4031
frvR,32,10,24,29
nohA,27,24,9,9
eutA,158,89,70,45
mdtK,904,3100,1907,1149
rpmJ,1716,1609,1086,7965
selO,1144,603,711,1431
fecA,228,33,50,239
dsbD,167,45,79,578
dam,193,97,98,1124
adiA,64,45,42,96
acnB,5037,8292,5464,41501
hemF,121,72,62,540
traR,13,12,17,1054
yidE,711,1223,1218,518
zapE,77,47,44,599
epmA,197,90,86,185
ilvG,626,1666,831,464
infA,212,202,143,2948
yphB,214,99,104,109
wzzB,1987,1254,1293,6267
kgtP,14278,10116,16328,20072
zitB,896,208,591,134
HQ24_RS15250,1,1,3,3
lepB,1418,353,560,2936
motA,582,1061,783,2966
purU,937,194,269,1282
iap,133,61,76,248
psuK,21,21,14,41
gudD,276,204,154,122
yfeO,1116,651,699,220
yijE,48,16,24,153
ytfR,2331,415,954,419
aaeR,330,171,221,277
pcm,506,624,420,932
yshB,253,139,191,219
yihX,541,548,403,780
ydhT,57,26,22,53
rutF,15,15,11,2
bdm,14,23,13,16
nfo,214,373,229,493
ydhV,71,40,68,88
HQ24_RS09205,17,9,7,8
creD,108,50,76,3992
rlmM,913,1045,769,1032
csdE,551,612,621,207
rseD,146,138,218,52
hipB,50,88,126,27
ubiG,147,89,81,969
yqgH,3,1,0,4
feoC,155,82,104,219
HQ24_RS17415,24,20,4,139
narK,150,86,183,17
lolD,59,31,16,516
ydfT,62,27,22,36
ynbC,119,76,64,75
epmC,50,13,13,557
glgB,2187,640,788,3046
lolE,787,551,665,988
minC,376,203,222,1396
napD,1,2,4,11
ccmF,45,51,40,312
ymjA,42,25,19,193
cobS,150,163,144,265
bcsG,1267,45,168,1187
rfaP,176,162,151,335
shoB,69,17,48,33
spoT,1620,765,588,4300
yeeW,9,4,1,1
caiD,12,11,7,11
HQ24_RS01360,35,14,21,75
yiaU,514,152,279,94
rplB,922,1942,577,40782
yhiI,310,398,349,778
speA,7546,13647,12197,10778
ykgO,4,2,4,4
arnF,154,56,51,35
yigB,58,53,53,180
astB,4729,1338,4125,3687
mdtM,167,199,142,68
yjcE,634,838,591,588
hxpB,112,54,63,533
tag,351,326,328,245
yicG,9,101,80,27
HQ24_RS03445,20,15,16,239
yoaG,11,10,14,5
yibI,448,1184,781,29
HQ24_RS23555,36,22,25,4
alaE,648,1713,1501,37
acrA,1131,1092,791,3036
glmM,1070,997,885,3461
pgl,4803,5956,4869,1368
dnaN,756,1307,709,1711
mioC,111,137,68,814
HQ24_RS26665,0,1,0,0
ydfH,288,237,171,1039
yifB,33,23,21,23
ygcW,9,3,6,18
rcsF,91,186,135,439
ybeU,34,7,24,7
cbrA,28,28,17,1225
radA,315,575,474,1149
HQ24_RS26720,10,11,4,15
allC,83,89,91,97
uvrC,2046,1286,987,2589
rsuA,389,490,269,1189
HQ24_RS15320,6,3,4,20
sopA,2276,1804,2041,2470
lafU,55,35,35,13
yhiJ,192,63,145,18
yraN,122,15,25,343
yccT,867,900,828,102
ynfD,1051,854,1867,85
agaC,3,9,8,26
HQ24_RS23050,1061,620,730,371
kdpF,0,0,0,0
lpxK,485,260,211,968
nimT,66,47,56,53
mqsA,1674,3791,3439,211
rpsU,821,1024,728,8470
phnE,1,2,4,3
rlmG,28,40,32,352
agaB,9,5,7,10
apaH,1731,553,658,688
hemW,108,59,44,1026
yadX,20,27,11,3
yegI,60,56,52,103
HQ24_RS22285,5,1,3,6
HQ24_RS07765,884,535,642,488
glpC,35,24,23,29
pspE,790,3681,3384,612
insG,76,67,57,170
yoaK,13,4,8,65
recT,73,66,74,48
nudC,1048,1040,1154,492
entC,329,186,300,1425
fpr,1015,976,800,510
nudL,294,247,206,228
rpe,204,236,208,1118
rplF,2427,6615,2215,30050
HQ24_RS09975,2,4,8,242
ascB,974,517,849,213
HQ24_RS26380,20,21,34,3
yedQ,3161,1844,2055,933
yidF,118,72,64,91
gspM,44,20,25,15
tatB,434,606,410,1442
ugpA,577,27,70,494
aroP,443,886,717,565
apbE,29,17,19,326
efeO,45,62,24,921
wzzE,581,358,344,1171
ytfH,163,125,353,31
HQ24_RS26145,112,86,105,1152
proP,1110,1074,837,2197
rutD,8,9,8,3
yejA,442,249,263,605
yfiL,591,389,446,43
nuoJ,638,113,157,3234
HQ24_RS03400,263,331,272,977
oppC,943,295,457,11339
HQ24_RS12390,8,7,8,62
drpB,139,79,133,10
potH,155,19,38,499
sseB,116,88,71,1075
frc,22,27,12,30
yjhF,41,27,24,74
traF,42,34,34,1254
pgsA,257,393,197,587
HQ24_RS05950,400,205,294,12
lsrC,472,48,63,871
atpA,1108,544,397,37757
hcaR,580,843,431,1696
mdtP,6,8,3,18
lsrR,378,94,108,1560
racC,34,34,56,0
tusC,217,16,29,323
proA,1811,4096,2604,1463
asnB,443,373,464,950
dinI,344,251,276,510
wrbA,13279,17568,24721,801
HQ24_RS03565,4,0,3,0
csrA,20290,17080,28344,2589
ftsQ,2081,1243,1298,1370
cpsG,30,31,17,35
yhjE,123,214,170,207
gadW,1829,216,275,350
queE,1800,2372,2264,613
trbG,22,18,14,1132
yjiJ,396,156,184,96
yqjA,799,887,1125,357
yhjB,71,49,38,45
elaA,280,174,229,317
yjiS,1,0,3,0
HQ24_RS17365,21,22,19,15
deoA,4806,9621,8327,979
repA,978,1463,1062,881
yhbX,80,31,41,43
cybC,752,346,639,457
sstT,3038,3215,2938,6021
degQ,1200,716,817,872
argA,1040,125,127,167
nnr,4597,4106,4374,757
efeB,44,40,23,648
HQ24_RS14885,2140,511,997,2991
HQ24_RS23190,14,11,8,28
ackA,6997,1180,2893,4704
ybhM,105,86,97,16
damX,1943,1900,1497,4265
trpL,10,7,2,9
ansB,89,102,88,178
ycdY,248,166,143,700
sgcE,379,300,376,50
mtfA,1174,1516,1141,4885
ybfF,139,241,153,358
gltI,478,919,940,3338
dedA,440,495,351,1546
torS,94,85,71,123
bioF,69,62,55,736
glpD,4061,7589,7149,402
clpB,5751,3599,4063,2922
sad,100,92,85,169
xisR,8,4,5,3
bfr,6858,4199,4574,1572
HQ24_RS25825,0,4,2,12
cpxA,1378,787,669,1511
HQ24_RS15110,4,4,3,7
alsC,18,11,13,37
mgsA,1022,1629,1356,1001
odhB,1016,436,401,18997
rpsQ,774,1335,686,10922
sapF,420,240,384,254
sbcD,23,37,25,170
yggU,38,22,30,242
ralR,1,2,3,4
yahC,47,33,34,12
argE,1062,1430,1334,419
sapA,970,1256,1255,711
ompR,3367,8049,6235,1172
hdeB,2571,186,144,579
hemY,1158,568,546,1901
artM,1635,105,188,1015
rhsB,237,148,209,149
artQ,1870,151,232,902
bglA,939,1198,1034,1430
HQ24_RS22600,0,0,0,2
rnd,218,239,192,1177
dmsA,84,109,102,90
ybhN,524,120,176,92
phnG,2,0,0,1
pyrL,75,29,42,37
yfhH,185,568,375,300
yhgF,93,28,23,1845
fadR,388,638,517,1628
HQ24_RS25520,18,8,8,10
ybaK,85,151,88,121
hycD,10,8,2,9
ilvX,9,48,15,6
hyuA,30,12,11,24
ydiT,3,5,2,9
yhaH,1144,1007,1478,324
ispH,202,146,128,1371
HQ24_RS02570,27,16,17,30
rpmB,840,831,630,10859
paaA,28,24,31,52
ydcI,853,817,675,4614
HQ24_RS03465,40,42,21,11
cusS,100,55,40,222
ecpB,5,7,9,26
HQ24_RS25840,176,107,111,524
aes,132,151,125,49
ptsI,20123,32379,26163,15142
queG,382,87,116,236
ynfE,127,99,119,53
HQ24_RS09855,34,63,35,222
yacH,103,33,67,19
HQ24_RS02780,47,21,47,57
yoaJ,1,0,2,6
fimG,13,10,11,23
yihD,80,78,73,55
potI,227,95,95,442
uacT,15,3,3,5
zntB,3143,2060,2370,500
HQ24_RS15150,211,364,310,5729
HQ24_RS08040,30,24,36,30
yfdV,64,67,66,25
ysdE,9,5,12,2
hslO,1377,1694,1222,1162
phoP,1173,1028,1141,839
ygcO,0,4,3,9
yieF,323,319,186,383
narI,860,113,170,194
yggN,810,574,479,909
HQ24_RS14820,619,327,328,846
rlpA,901,1493,1077,1984
rplM,751,970,508,16454
ycbF,38,23,26,36
ynfU,1,2,2,42
fdoI,2047,1425,2618,4265
ydjL,29,22,10,141
rssB,6550,8447,7445,1070
yjgH,404,222,213,103
HQ24_RS25950,166,118,107,164
yccX,447,320,585,42
ygfS,40,60,43,35
potA,150,52,59,1070
hyfG,201,88,102,80
yaiP,150,73,55,11
fepC,30,4,7,462
frsA,567,1010,632,454
yiaD,22,19,19,102
hybD,125,115,85,273
yiaW,69,19,23,7
uspF,2081,3267,3804,1244
ssuA,5,5,11,10
rpmG,292,214,158,3645
waaH,59,38,29,55
HQ24_RS20610,26,52,39,22
gnsB,33,17,11,193
yfdC,1584,915,1231,155
fghA,102,56,49,156
aidB,2080,2083,1729,317
nikE,18,12,11,31
HQ24_RS18920,7,4,1,2
HQ24_RS03460,61,48,33,362
mgtA,192,148,123,3085
glyS,1159,1305,971,7526
HQ24_RS20140,1162,780,1288,141
bhsA,71,50,139,6
cadC,449,137,225,72
holE,155,103,144,141
HQ24_RS26590,0,0,0,0
mrdB,259,345,261,734
yodB,7,12,8,27
trpD,70,65,60,2260
glk,1597,1825,1805,1802
ypjF,5,12,3,8
fklB,168,268,136,1848
HQ24_RS26190,60,48,22,80
yrbG,584,525,433,328
yegJ,37,29,41,15
ygiZ,5,4,5,2
lptE,1132,1333,1062,1218
yiaV,124,96,78,19
pepQ,2100,606,934,2404
HQ24_RS05290,344,316,174,858
glsB,37,47,35,420
yhaJ,247,506,397,630
yciA,47,21,34,136
coaBC,139,226,165,799
metQ,290,396,239,2014
selA,221,91,99,672
YFP,70673,23754,47417,94464
ansA,124,59,43,1224
mntR,336,159,271,160
ecpE,94,33,54,37
yhfW,8,8,9,11
yeaR,17,20,13,15
selB,206,68,68,961
fdhE,863,1124,1209,3394
frdC,228,728,384,555
HQ24_RS23725,28,21,16,16
intA,401,309,357,320
HQ24_RS12150,10,7,9,2
ybjG,98,117,98,537
sirB1,429,375,287,986
HQ24_RS22675,201,116,141,109
yeiI,77,85,49,405
melB,415,196,190,118
ccmC,26,40,18,127
glcA,1659,962,788,1261
lsrA,712,88,83,1617
htpX,2569,4831,3759,3373
treR,101,128,88,108
seqA,375,958,639,980
uxuB,294,609,506,1324
HQ24_RS21455,13,5,17,7
rihB,18,26,32,12
yhbE,1521,1753,2370,1573
rpsC,1033,1775,635,29527
hisH,150,48,53,742
yifK,413,330,628,674
emrY,73,68,60,20
ybjL,1030,929,837,760
ybeL,4757,4466,5433,624
gutM,54,30,34,33
cobC,105,25,33,250
pmrB,657,461,515,253
rpsF,454,347,286,14689
prlF,662,239,349,94
metI,102,84,73,416
HQ24_RS22070,260,231,242,349
nlpD,7093,14975,12194,16710
ytfF,381,361,308,231
bglH,23,28,19,13
ymfA,6,1,2,56
hisC,336,76,78,1233
nudF,306,279,225,406
fdnH,15,66,25,35
cyoB,586,642,700,20150
HQ24_RS26580,1,0,2,2
kdgR,1085,370,901,915
ypeB,63,28,37,87
fucO,199,324,181,490
mscS,1295,2664,2481,679
HQ24_RS22515,77,33,52,94
iscR,2852,3486,2852,2508
rstA,222,158,119,1427
torZ,128,96,95,166
yjjV,343,182,138,286
nanY,330,68,175,462
yhiM,90,48,94,35
tmk,166,124,76,337
yncG,903,845,690,133
araG,522,401,604,921
rlmB,691,437,402,536
ybjD,1327,1091,1684,329
gcl,476,381,342,51
lapB,726,562,417,1030
yphE,191,144,144,47
cyoA,594,924,780,12685
fliN,10,6,3,2986
ybcF,22,6,16,17
ydiN,40,20,19,11
ynaI,76,99,99,234
ispC,861,452,454,1124
ansP,35,31,32,120
lpdA,1824,1269,1314,19096
hmsP,1352,465,580,831
HQ24_RS26365,0,1,1,1
nrfG,14,8,9,15
mcbA,8494,2170,5142,21
yjeM,301,330,286,89
tdk,152,143,139,309
yafN,360,157,219,101
phoR,367,147,180,228
yjiN,1457,1274,1125,236
HQ24_RS16365,0,0,0,0
HQ24_RS26005,15,36,24,19
glpB,19,14,22,34
accB,272,232,198,4800
yggP,103,138,131,41
murE,602,67,139,1733
gutQ,223,174,136,546
tehB,138,79,73,526
insQ,407,323,248,685
thiS,17,7,4,44
ybgD,10,1,4,7
kbl,2744,4294,3276,2639
ynbE,117,92,113,60
lptG,2382,1939,2369,1264
hns,25865,27143,29667,14379
HQ24_RS18175,13,7,7,56
cusC,9,6,10,8
mepM,570,392,401,2993
ninE,0,2,0,1
proQ,1502,1893,1062,5903
ybiJ,128,160,205,20
HQ24_RS26245,50,26,23,120
chpS,20,21,45,11
rsxB,37,120,58,772
gmhB,230,194,180,472
bcsB,85,46,34,260
ygcU,41,13,17,54
ygeH,10,7,10,4
nanT,2378,1361,2472,747
fixA,14,11,10,16
mog,432,500,430,458
ydhQ,4825,2288,3470,1903
ygiF,576,827,518,930
lolC,99,37,30,822
yggE,4306,6964,5213,1270
psiF,3406,4456,4277,223
proC,881,2028,1678,672
rna-HQ24_RS20420,2833,423,9356,3074
ldcC,2375,1215,1776,668
narU,2821,629,700,308
ygbJ,212,267,245,37
rplK,373,945,419,8575
yhdJ,42,14,21,77
chbA,87,26,58,67
proS,2134,5439,3695,5550
yohF,3252,2578,3361,125
yhbQ,26,21,15,28
pldA,92,107,67,562
tsgA,38,44,35,176
speF,35,18,26,23
sufD,3019,1117,2534,817
greA,231,383,194,1131
dcuB,38,30,23,50
zapA,2665,2313,3313,873
yjbH,150,87,72,135
yibL,571,519,821,315
mug,1008,1064,855,290
typA,2823,4543,2698,6267
glyQ,572,1163,630,3475
arsC,348,235,240,551
creC,177,94,81,299
nagC,959,517,733,1087
HQ24_RS13640,194,33,82,292
ycgJ,81,28,49,103
abpA,642,374,292,744
grxC,867,606,600,1409
rplO,3312,7059,2645,29150
higA,91,152,100,48
HQ24_RS15000,39,18,84,132
puuR,660,1307,1411,367
guaD,138,42,74,105
glnL,691,768,893,343
yddG,29,50,25,89
dsbC,357,272,269,732
HQ24_RS26275,10,4,7,8
HQ24_RS26615,43,76,86,1
iraP,107,108,102,272
yjiL,70,6,7,26
ydhW,39,28,23,45
ykgJ,15,25,27,14
nadA,1062,1228,1116,1061
soxS,419,695,530,128
HQ24_RS23185,52,35,21,126
dnaC,419,202,196,349
nrdG,349,95,108,25
paaC,52,32,45,175
ybhI,21,25,14,21
rlmC,69,73,40,217
ybdM,46,37,65,41
bamA,2703,2059,1591,13766
dinD,213,103,202,308
lspA,259,160,128,1034
ylbG,25,32,19,36
HQ24_RS15300,746,760,569,552
elyC,55,39,43,110
ibsC,9,6,7,72
ydfZ,8,8,7,36
kbp,22537,4606,8126,910
yjjI,16,10,13,19
pta,4373,410,891,6037
HQ24_RS24515,39,17,32,16
hisM,229,19,49,782
ebgR,104,42,71,418
HQ24_RS01925,318,252,241,89
tdcG,88,72,76,84
tilS,330,198,151,555
HQ24_RS14850,385,250,269,1115
HQ24_RS14920,88,51,48,27
wza,5,5,9,18
HQ24_RS02880,10,5,7,4
HQ24_RS14700,7,1,3,9
rhmD,397,83,236,127
ruvC,313,259,163,1311
yebT,1415,303,294,1485
HQ24_RS01095,61,31,57,19
HQ24_RS05355,38,37,31,8
yneJ,229,323,234,170
hemB,304,550,406,682
ltaE,1283,464,502,796
pspC,780,4447,2888,102
purD,139,131,133,1658
ilvB,1948,1926,1292,1213
rstB,234,62,57,1614
metH,539,497,433,2105
ydjZ,147,150,128,41
prkB,727,540,487,547
yiiG,28,13,12,27
yjfZ,22,10,11,14
yphF,212,165,216,30
ppiD,752,1458,876,5062
rpnC,34,11,22,49
tldD,4566,10260,8109,1684
hlyE,118,23,39,37
paaK,46,15,24,75
hemA,777,793,560,1226
gabD,1921,1048,1193,1280
ruvB,833,1131,782,1410
rprA,13,6,8,5
gshA,4635,2070,2391,3649
ppdA,12,21,6,33
ydhI,91,35,35,68
ynfM,248,119,158,168
fhuD,131,19,20,440
rna-HQ24_RS23520,0,0,0,0
adeD,358,283,404,200
menD,648,208,283,1081
mlc,523,606,533,1132
chpB,229,365,275,87
qorA,4563,7450,7848,558
eutK,72,94,80,111
rpoH,3450,11901,4312,2612
emrR,54,30,34,1040
yidB,638,963,731,72
yjbG,1,3,0,6
macB,556,229,310,487
yadH,785,569,642,477
thiB,23,25,27,239
yiiS,1070,1218,1040,65
yceD,1090,1771,1202,10147
ccp,281,158,211,103
ydjJ,26,15,22,80
HQ24_RS14780,41,28,45,27
dsbE,28,27,16,115
csgB,27,14,25,16
repE,184,174,149,562
ydcF,343,306,359,458
yiaO,9,7,9,56
yfdY,1019,1179,1046,89
bluF,247,120,82,1311
mak,1103,1464,1355,379
ydaU,150,179,219,46
zur,126,159,140,278
HQ24_RS26900,4,4,5,7
ddpD,230,36,29,774
hisG,260,85,102,1130
nupX,50,29,21,39
HQ24_RS24660,4,3,3,2
ampC,73,57,49,238
ibpB,73,56,68,78
ilvC,231,335,297,1317
hemN,2331,633,843,1265
rhlE,61,26,17,296
traE,85,27,27,2371
ydfK,155,122,124,1036
ssb1,1923,3531,3289,1345
dcd,513,907,511,1195
entE,303,101,222,1841
psiB,66,15,49,27
ubiE,1077,612,593,1871
yfcO,1046,935,1020,488
yhfA,421,364,399,502
ydhR,688,600,620,454
ydcK,2621,2097,2452,205
HQ24_RS00405,1,2,0,13
HQ24_RS26905,1,0,0,8
cusA,171,91,82,95
tomB,2775,2241,2597,577
hxpA,1119,1441,1203,670
HQ24_RS26655,4,8,9,94
rnk,163,198,143,904
ubiC,509,531,657,301
potF,2050,1400,1256,1890
miaB,1001,1550,1399,1693
nadR,1643,694,1127,736
HQ24_RS24650,1,0,0,3
gfcD,24,15,16,37
traI,1505,878,903,9886
dsbA,582,579,555,1426
yciW,28,35,24,160
map,776,1657,1117,1982
ydbH,583,315,313,792
HQ24_RS01045,3,3,0,19
cysW,74,95,43,54
fumD,330,71,150,92
cysD,94,170,90,237
sgrT,71,25,45,19
yfhM,3402,1129,1938,2731
yeeN,80,69,54,628
kbaZ,107,348,240,170
HQ24_RS26625,31,10,14,11
mazE,211,193,218,179
gntP,181,860,708,285
yfeK,55,48,49,83
argD,1090,141,141,334
ycaN,42,32,36,21
nsrR,626,282,541,930
xerC,72,100,35,471
ydcO,164,202,156,211
ydeQ,21,22,26,9
fimF,12,26,15,34
HQ24_RS10270,255,306,261,777
marR,21,33,32,60
ytfB,2117,2442,2392,532
tmaR,1344,1068,1067,1198
dgcZ,499,262,364,235
manA,255,163,209,1261
ysgA,1690,802,821,793
ypeA,594,529,358,318
yohK,753,1643,1069,72
cas5e,58,23,30,64
ygiM,430,330,169,1653
tsaC,535,472,471,719
lsrB,606,23,42,1770
lacI,4270,4398,3600,13271
ydiP,95,46,68,74
dgkA,445,845,505,274
dgcM,2822,267,752,1302
yeeA,2188,1310,1281,958
stpA,34,26,27,59
gmd,20,6,9,42
yhdZ,177,77,97,203
dxs,296,268,176,2823
eutT,9,27,31,40
yqjG,3107,3880,4603,292
htpG,934,525,792,2479
fabZ,513,320,308,1586
purC,27,32,30,3776
slyA,1509,906,1384,694
moeA,367,736,584,566
bamD,504,227,246,4373
garL,122,88,129,37
mntH,27527,38560,41079,1367
fliM,12,6,9,11649
nudG,19,23,19,78
HQ24_RS12190,8,4,4,1
ybdD,1008,395,471,772
yfeZ,289,317,197,311
rnhB,86,21,15,775
mntS,3503,9356,7157,940
bsmA,5880,17349,11139,394
HQ24_RS14730,2,2,2,1
ycdZ,577,1184,921,678
rclC,26,16,14,19
serC,1429,1823,1354,2177
ydjY,13,17,23,20
lexA,6439,10134,9376,2801
sdaB,101,106,94,2104
ybeZ,4636,4814,4865,1456
yihO,331,254,317,23
rutE,5,2,4,2
mddA,192,199,172,182
rimM,829,1141,594,17096
HQ24_RS16235,100,79,69,45
sbmA,404,274,281,363
tsr,252,330,277,2942
rimO,32,40,27,767
lptF,2311,4048,3317,1165
csgD,270,113,143,926
HQ24_RS26510,2,0,2,4
dadA,15534,28927,18209,9673
ggt,1312,328,385,2093
rclR,48,88,43,35
ypfG,35,34,29,101
aceF,2211,776,1342,7800
agaR,530,376,361,765
HQ24_RS26940,0,0,0,0
nrdI,1232,1334,516,112
ynfL,163,252,179,89
ysaA,13,10,7,80
cysI,93,68,49,112
bamC,872,808,551,6586
yddA,10,10,7,32
intF,230,140,129,167
hcaD,133,71,84,176
paaG,13,4,5,45
ptrA,394,313,242,2040
ybcM,815,716,794,104
ycgR,92,162,137,594
yfgO,191,355,206,574
ybeR,1,4,2,1
gyrA,870,793,737,10671
argR,1537,753,655,620
btsS,239,176,139,1138
yagL,10,7,5,22
hyfC,3,1,3,3
HQ24_RS14725,23,10,26,4
aroA,244,102,89,869
betA,438,173,184,433
intR,344,262,431,97
yadE,399,199,197,204
yjdP,53,52,57,86
yecV,39,38,49,48
zapC,631,548,392,663
fdhD,1312,1006,1035,269
ypfN,1858,1094,1465,259
rna-HQ24_RS13405,1626,207,4603,1593
HQ24_RS08855,7,3,4,14
yafE,547,223,286,160
ompN,31,37,27,22
atpH,343,164,84,8997
ppiC,54,85,59,281
fliO,11,4,6,2621
hisJ,1897,866,894,3854
yjfK,5,11,7,10
ygjK,62,24,31,76
degP,1266,1364,890,1957
traW,43,22,17,1818
dsdA,125,123,149,183
nusA,3157,3955,3021,7371
ubiA,598,1467,1023,304
yqaE,408,235,334,55
frvX,51,16,18,20
rbsD,1495,938,1322,1826
yfaP,96,39,67,32
helD,1346,1440,1371,751
ynbD,118,76,73,142
gspI,1,3,0,3
nrfF,6,3,8,10
ymiA,39,34,11,10
rpsA,17531,18171,20075,68559
HQ24_RS26170,5,2,0,0
HQ24_RS01540,2,3,2,1
hyfJ,20,4,1,11
mngR,79,177,235,103
paaB,10,7,4,19
csiR,336,140,146,354
metG,334,300,244,4499
yciO,1204,1996,1820,338
ydgK,75,183,124,501
yqgA,225,291,216,70
rplR,795,2451,875,12686
grpE,1200,843,939,2171
yjbD,226,254,221,207
secF,1088,1140,915,2698
fbpC,13,9,10,23
cra,951,1152,826,2296
yciT,146,86,79,929
emrA,173,127,80,640
ygiL,4,3,3,24
yibA,318,108,204,56
ybaN,181,199,150,323
ybdR,480,296,305,146
yaeH,2089,2391,2049,913
ymgA,298,222,296,32
amiD,2166,2090,2324,404
mqsR,1293,1899,3208,195
purB,52,26,17,3252
asnS,1494,3355,2238,6309
kdgT,53,90,85,105
idnK,90,48,56,24
dppC,18,26,19,1894
nohD,11,13,9,13
tqsA,251,299,310,101
yahE,24,16,20,19
ldtA,3241,3702,5401,489
shiA,382,94,130,891
ynfB,178,109,132,388
allA,35,50,40,30
fumB,2164,2105,2546,10831
yfcL,37,39,17,324
yedJ,410,224,270,230
idnT,132,97,61,123
HQ24_RS22820,27,24,18,82
HQ24_RS14845,786,311,466,602
hcaC,18,20,13,35
nupG,3225,5072,5922,1730
HQ24_RS10185,35,33,46,178
HQ24_RS24710,22,8,9,10
HQ24_RS13820,26,39,20,88
ispB,1758,1474,1090,2565
HQ24_RS10770,8326,1002,1485,78465
yjjB,30,23,40,25
rplD,594,1581,395,25945
anmK,256,234,227,486
gntU,121,63,51,92
dusB,239,277,147,4096
glpG,187,152,116,679
cobB,376,280,319,858
rpsN,2204,5580,2247,23300
xdhB,34,21,28,94
yqiH,5,2,2,9
HQ24_RS01850,59,46,47,4
rssA,2440,1114,1581,1375
mqo,187,135,280,649
napC,41,49,30,100
HQ24_RS12370,4,2,2,11
ykfF,4,2,4,4
yohD,1376,885,806,357
purK,22,12,3,1830
yfcZ,2018,1508,1749,221
dtpC,40,14,14,45
epmB,315,267,201,731
yfdM,0,0,0,1
yhhH,2,3,8,6
HQ24_RS26725,3,5,4,46
nanR,227,161,154,487
yffB,74,259,201,125
HQ24_RS15915,278,365,306,939
cof,296,348,335,190
serB,172,224,164,914
yiaM,3,1,1,6
ylaC,149,192,127,485
rpnE,18,9,13,12
lgt,154,80,91,1491
ilvE,201,295,267,556
rnc,3366,3301,3752,1513
yddE,279,271,154,523
mfd,841,596,556,2149
yibG,20,12,10,4
yigF,4,11,15,8
ykfC,197,229,140,130
ymiD,26,27,31,11
ygjR,3952,2915,3341,985
fimA,210,241,183,1400
rplI,795,710,462,14461
paoC,924,466,676,194
ydjE,99,99,91,121
metJ,1652,774,930,419
galM,910,1425,814,1616
rffG,149,107,85,1070
yhjJ,454,262,195,2516
appY,230,104,107,22
ycfP,1992,2881,2170,704
caiF,153,245,191,121
argT,5482,5828,4827,5416
ccmB,18,12,8,69
narZ,3549,154,476,1382
uxaC,232,362,254,614
yebW,979,493,569,127
HQ24_RS07025,9,6,6,13
HQ24_RS15040,36,12,7,1339
dsdX,26,30,23,36
HQ24_RS15135,80,107,71,3432
mdtQ,8,9,6,22
mlaD,433,513,483,833
mscM,254,103,90,1154
artP,3629,1803,1651,801
celF,88,111,73,104
cobT,269,186,160,579
ynhF,74,81,134,74
elaB,15219,20257,14266,2584
yejG,5332,4985,5702,1055
mdh,4247,5539,4189,20117
ydgD,4264,5076,5429,596
napH,14,12,10,103
dpaL,19,4,11,27
rplQ,1065,937,574,16610
yidH,138,74,67,67
fabF,3533,2588,2101,10401
glgX,2309,1430,1743,2253
lpxD,2829,3123,2379,5317
mrdA,155,96,91,1402
yjhI,110,146,212,43
metF,91,44,15,209
ppiB,1780,2215,1458,1930
sucA,1684,226,513,30630
tsx,1022,1016,1091,4632
secM,178,236,187,918
ygdD,213,230,146,173
ubiT,781,1419,892,600
yhaK,76,76,86,37
ydfJ,490,430,492,48
dacD,148,87,125,120
ybgO,29,34,44,7
cas6e,74,41,52,85
pdeH,185,335,248,1329
topB,384,71,94,2621
upp,18,61,37,1477
yhcA,6,10,5,2
ybiI,425,441,556,62
yhaV,1500,565,739,274
HQ24_RS26650,1,0,0,0
lysO,44,17,30,296
ycjQ,23,19,18,51
fixX,1,1,3,4
yohJ,410,847,681,28
uidR,622,359,439,564
gstA,3624,5470,4664,684
abrB,24,7,16,31
cmk,2252,6859,4620,2180
fimB,33,25,18,129
priA,94,96,57,698
HQ24_RS26215,0,0,1,0
lplA,68,73,46,307
yeiS,25,7,15,50
ygcS,29,19,7,37
HQ24_RS19950,29,23,11,253
malG,75,25,50,1283
kdsC,1711,1586,1532,841
cpdB,215,245,179,1195
pmbA,3015,2187,2779,1198
ygaM,13320,5605,8533,903
dinB,1604,1099,1105,311
emrK,184,198,200,7
dicC,1,2,0,1
folD,155,296,191,1499
HQ24_RS12415,2,0,0,4
ygfZ,1778,3677,2371,1685
yegU,53,42,38,214
dauA,87,117,76,419
ypdB,690,1367,1147,226
flgE,22,18,9,22618
argL,0,1,2,0
recE,223,139,225,69
ybgI,730,699,609,703
tolQ,313,545,327,1050
cysN,375,365,301,212
yahJ,113,202,160,173
yjcS,12,5,5,5
dctA,3164,8854,6891,20167
priC,177,220,133,140
rlmD,686,680,616,857
HQ24_RS01030,18,19,3,154
hdeD,1220,241,188,180
kptA,66,64,56,56
betT,991,458,795,515
sdaA,7281,28250,20618,5350
tas,1201,1981,1583,1799
tpiA,5223,7061,4323,2816
feoA,109,268,165,104
ygcG,12,7,20,15
yieL,16,18,13,19
yjiT,167,93,85,411
atoB,58,37,37,39
fadB,6181,8368,7665,8135
fucK,95,41,70,230
cusF,13,15,19,2
rna-HQ24_RS23545,2,1,1,23
eutJ,19,14,22,8
yadM,42,49,37,10
gspK,7,0,3,10
envZ,1905,1210,1135,1248
thyA,155,133,89,1872
HQ24_RS14840,425,219,259,168
qseE,489,313,292,520
aceB,4847,3857,3759,1372
bdcA,20,25,28,26
intZ,148,123,123,658
rfaJ,209,176,204,402
yejK,193,287,207,1133
yjfJ,11,12,13,18
yhbP,32,53,23,120
yqjE,1552,3224,1887,1258
ppsA,2537,562,730,21431
srlR,198,251,180,352
ybcV,2,4,2,2
yihI,3082,2187,2473,643
yraJ,74,36,58,76
tcyJ,5827,10084,10824,4590
trmD,1430,2148,1215,26626
yghW,101,86,57,26
djlB,8,7,10,19
msrP,2911,1562,1640,298
HQ24_RS22335,81,72,118,20
sdhA,1075,575,700,23003
dadX,6091,8329,5595,5182
pssA,5524,3019,3213,4011
nadK,1075,660,580,660
rsmJ,437,236,278,269
tkt,14462,2922,7967,18580
yeaV,31,22,18,65
yicH,2829,5946,5845,567
nudI,9,9,9,33
yhfS,127,74,98,43
yjjU,570,330,422,331
pifC,167,258,161,580
trpR,57,23,12,234
espL1,43,15,14,21
pyrH,379,379,254,2034
arnT,412,164,159,146
osmF,3250,4877,3570,780
rpsL,5137,11482,6812,13720
thrC,910,1758,999,1453
yafW,0,0,0,1
HQ24_RS10905,20,11,9,4
sulA,5119,3833,3805,1405
HQ24_RS06220,41,22,29,11
hcaT,100,85,58,671
mglB,1220,4166,2123,44261
aslB,31,13,20,126
adk,324,412,247,3747
hybB,43,35,33,148
ldcA,65,70,54,172
glnB,232,123,119,602
yfiE,206,151,140,239
yeaK,102,39,46,259
tcdA,166,184,146,471
mtlD,6066,3313,4560,2003
glxR,25,17,15,14
ybaQ,367,232,322,168
potC,68,34,39,470
HQ24_RS01275,1168,998,1564,260
HQ24_RS02775,153,69,86,273
HQ24_RS20250,0,0,0,4
wecB,236,115,81,1137
trxC,768,944,1400,285
ygeV,6146,3980,5574,1324
argH,905,686,463,370
dsbG,419,290,317,290
HQ24_RS10280,831,717,594,558
mltC,84,31,27,787
dgcE,7017,1121,2039,2715
trxA,2611,2569,2185,1685
ydfR,8,7,5,7
yqiB,252,280,189,416
zntR,691,649,534,251
prfH,13,15,11,4
pdeB,1114,381,564,293
mdtG,219,56,83,83
tatA,440,758,502,999
pfkB,1409,3273,2826,155
HQ24_RS22680,4,2,2,2
livK,69,50,71,1862
ompF,982,1865,1651,130931
HQ24_RS26930,2,3,1,1
yciB,991,1810,1824,517
moaD,66,15,15,72
ffs,12,12,12,7
ccdA,333,388,417,121
rclA,657,375,495,177
rsxA,47,155,73,575
cheB,70,14,15,1932
ftnA,168,155,238,787
thiQ,17,12,9,86
proX,46,24,30,281
ccmD,4,4,0,22
sxy,278,171,139,226
ycfT,4,3,5,8
HQ24_RS26080,1126,1334,1630,254
ecpD,72,30,39,74
nuoL,1816,290,516,13039
pheA,170,42,59,916
HQ24_RS26425,17,9,6,6
HQ24_RS02760,2,1,0,7
ribF,540,515,467,1378
pgaC,30,13,24,13
rpsR,215,208,146,7509
waaL,401,18,49,813
ydcS,8034,15562,12757,5979
hisS,1863,1108,1142,5335
lsrG,372,20,30,970
hsdR,506,228,287,2732
ycbJ,1245,2445,2041,208
ymgG,3,7,3,19
yohO,83,49,23,38
bisC,593,117,151,825
folC,334,246,304,1249
yhhS,163,137,128,231
mdaB,102,138,89,206
yihR,20,13,14,8
HQ24_RS13885,67,61,27,1559
dinG,292,425,318,766
dhaL,76,107,91,330
fliP,2,4,1,2462
yciU,353,461,352,212
prmB,132,260,145,1389
yihS,49,31,30,54
moaE,219,17,66,222
accD,1060,2612,1170,6639
yjjZ,797,620,692,37
clpP,3224,3248,3993,2152
mraZ,1450,1436,1433,789
parC,567,1026,773,2532
serS,2396,3118,2910,7453
yhhA,4766,4687,8604,61
cycA,5769,6239,5561,7133
erpA,1804,2602,2569,769
yagH,310,64,155,140
rpoD,8842,6872,8593,8015
rne,3409,4308,3615,10611
ridA,147,354,206,2562
frlB,96,63,77,46
ynjF,275,188,166,174
opgE,117,75,98,517
nuoG,3281,716,1181,21718
rbsC,390,88,133,1655
ompA,26721,50852,47417,61755
tabA,200,139,149,125
eutS,5,14,4,28
ygeY,53,16,22,42
rpiB,34,38,30,62
rpsK,2891,3133,1755,26549
leuS,4813,4127,3937,6088
dnaB,174,216,164,1373
astE,3066,577,2178,2234
mdtD,504,261,211,271
yihF,51,39,46,41
yjdM,1394,887,1295,207
alsR,261,243,234,488
proV,65,65,40,405
yceF,1420,1120,1137,434
alr,102,63,46,632
dacC,2948,1401,2095,1256
yaiW,479,120,164,427
HQ24_RS26180,149,115,118,705
yfaX,90,96,98,16
HQ24_RS15130,7,16,10,634
tdcE,103,112,99,124
pxpC,816,1487,923,781
rlmJ,506,428,390,515
HQ24_RS14940,200,75,63,68
HQ24_RS26710,20,13,12,16
gltX,960,1396,1037,4487
atoC,242,64,171,374
trpCF,313,319,266,2707
hcaF,36,21,23,101
ypdF,12,15,7,9
HQ24_RS12365,7,3,3,71
luxS,3278,3126,2248,1472
wcaF,6,3,1,8
HQ24_RS14710,2,3,2,1
rhsD,488,269,387,197
nrfD,12,12,11,28
fau,268,286,173,776
ygjP,66,93,54,55
HQ24_RS17400,1,1,3,18
HQ24_RS10460,283,352,312,969
rsxD,62,41,41,626
ycaC,2332,890,783,1358
hchA,11696,4475,11178,593
cecR,193,469,347,103
HQ24_RS11735,14,9,4,7
glpK,1059,719,914,1296
phrB,2257,613,633,631
pmrR,21,11,13,90
ydcJ,9085,9632,8565,3214
gfcA,7,7,13,32
HQ24_RS19090,190,130,169,69
hflK,5756,3752,3305,5377
lipA,575,1697,943,2223
livH,30,32,29,1412
rluF,143,98,85,485
thiF,70,21,41,202
yoeI,1,1,1,53
HQ24_RS03555,16,6,6,104
setB,25,19,16,91
crfC,182,163,179,972
ubiH,825,557,493,1556
xylH,243,101,168,124
greB,184,135,122,144
uxaB,311,240,212,305
xerD,591,513,454,755
ybdZ,61,10,35,60
HQ24_RS09850,28,36,21,336
rodZ,5155,10182,9485,3614
yjeI,473,537,474,916
HQ24_RS26800,43,34,28,41
adeP,80,64,45,3401
atoD,11,3,4,1
acrF,246,133,116,124
rna,1041,2036,1802,359
ycbZ,2239,2104,2625,2086
gntX,125,266,142,530
arsB,111,112,101,66
allB,123,79,93,41
HQ24_RS12405,3,4,6,78
ydaS,67,100,102,17
HQ24_RS15205,16571,14103,10007,7112
yeaY,1723,1671,1564,753
yhjV,37,29,20,135
csgA,116,102,94,51
ydcY,392,300,302,244
ynfO,3,0,1,1
amn,1520,188,470,1469
rna-HQ24_RS21025,1543,183,4429,1630
yadG,935,693,913,654
HQ24_RS14520,16,13,12,87
mgtL,25,26,19,139
ssuE,1,3,3,2
secD,470,723,384,4871
bglB,8,5,8,7
kdpB,55,75,60,39
yihM,167,97,115,170
yijO,71,66,46,127
rraB,2810,2225,3352,1031
wecA,780,1025,849,1388
ydiS,33,32,19,36
HQ24_RS26000,3,0,5,2
stfQ,10,16,9,22
hycC,14,9,9,31
yjdC,3522,3306,2976,713
ycjR,12,11,4,53
ynjA,89,148,86,85
treF,1882,1582,2328,239
ycaD,229,157,145,334
HQ24_RS15275,158,91,84,208
dosC,11682,4777,9619,979
flhA,1291,238,442,6334
yieP,578,418,486,335
ppdD,3,3,0,17
yfaQ,76,48,43,61
yigI,432,384,381,224
pptA,25,97,76,53
ymdF,11170,2341,2362,131
yjtD,123,106,85,166
rrrD,18,17,21,19
ysaB,347,426,351,51
ppnP,549,483,494,538
uvrD,994,1054,731,2118
kdsD,909,355,402,990
ydhJ,194,47,34,256
chbR,197,82,133,144
HQ24_RS15265,1,0,1,0
fbaA,15201,6812,9566,12113
speC,131,135,113,1318
yebY,140,144,138,316
rluA,588,286,252,249
udp,3512,1650,1494,2644
HQ24_RS26830,13,5,9,63
dnaA,1220,839,694,2805
HQ24_RS26125,0,1,0,0
HQ24_RS01435,8,1,5,13
yjfC,25,27,24,14
HQ24_RS03455,64,39,48,782
cdsA,1293,1785,1087,2426
entH,75,11,30,337
ftsP,783,429,486,2244
hicB,243,302,339,147
ydcT,1437,1229,1249,2889
paaI,17,8,7,28
ydjF,167,159,186,205
rpoE,11913,9864,6663,2707
murQ,190,195,201,196
ynaA,56,34,31,35
yegT,69,75,76,192
murF,474,45,92,1783
pgaB,20,18,18,17
trkA,2479,3615,3465,1069
HQ24_RS26595,3,1,1,1
fhuE,212,132,112,513
rfbC,180,160,135,1245
trg,507,384,405,2771
ymgE,2403,3180,3630,51
tusE,75,25,44,175
wcaB,2,3,1,2
aspS,970,1529,997,5633
yehY,797,244,178,588
dmpG,83,112,97,46
trkH,1425,1129,1021,887
yphA,2363,2582,2427,348
HQ24_RS10295,423,281,261,68
yebG,2500,1542,3090,1242
agaS,50,105,86,52
cydD,131,78,63,832
phnH,1,1,0,2
chiA,673,484,425,372
btsT,96,147,100,115
flxA,65,38,54,149
hofO,6,0,1,14
waaO,222,189,176,439
rluC,148,95,82,1000
ibpA,390,158,208,281
yehA,16,22,18,6
eutN,0,0,1,7
yfcC,26,6,10,44
rna-HQ24_RS19955,2933,461,9606,3000
glgS,1591,331,1000,120
pth,172,198,129,297
sufA,1340,1501,1693,146
ypfH,1391,1596,1344,340
livM,63,30,34,2068
cas3,401,183,319,154
rho,2363,819,958,9819
yecJ,15,20,10,289
otsB,5411,2919,3588,445
HQ24_RS24295,21,20,30,11
ydfO,0,1,0,3
btsR,102,34,30,560
gfcB,1,9,5,9
nrfE,64,32,27,36
ubiB,513,246,228,1473
HQ24_RS25375,1,1,1,3
rseB,4932,2408,1854,4071
yfaL,425,227,261,445
galT,286,194,277,612
btuD,1037,240,231,1000
yahI,13,4,7,10
hslU,2582,2444,2490,1963
mppA,3500,1866,2095,2797
puuE,130,82,93,134
uxuR,951,1537,1540,410
gadB,2947,469,402,843
ppc,1140,349,570,4003
yadK,51,62,54,7
ydiY,40,28,32,853
xynR,92,77,47,175
pgaD,29,33,28,11
ftnB,285,395,386,788
yebO,591,236,259,2425
ytfQ,4990,2769,3039,1446
lpcA,674,929,621,1055
dcm,219,71,79,801
nfrA,612,287,423,309
trpB,258,196,208,4005
yfgH,14,14,9,11
bcsA,110,48,33,221
yohP,832,628,790,16
ymcF,1,1,0,119
rfaG,483,484,482,890
mgtT,15,2,2,42
ydiF,22,20,25,25
yfaV,85,37,52,99
puuD,728,1507,1684,346
gltL,57,62,43,982
ddlB,880,468,475,1408
yeaH,15940,4187,14337,1640
gpr,2541,5720,5141,1308
prpR,416,348,299,217
envC,161,116,103,1039
ycjM,10,9,10,79
HQ24_RS14945,78,44,33,23
ydjA,431,518,415,1062
yfjJ,21,11,25,5
yccJ,6763,11866,14134,408
yagB,46,39,36,37
HQ24_RS25980,2,4,5,1
HQ24_RS26045,32,17,14,9
HQ24_RS17955,130,258,186,172
HQ24_RS26630,2,1,1,0
allD,12,15,9,15
HQ24_RS12185,3,6,5,4
frlC,34,30,21,38
ilvA,249,99,107,362
fimC,17,12,14,108
ampE,356,824,343,244
codB,16,11,7,1596
rpsP,290,398,215,5550
uidA,143,188,205,266
yeiE,892,1171,1221,591
cmoB,182,59,75,618
yhdH,1477,2049,2001,734
hofN,4,1,2,14
yecE,107,17,25,303
HQ24_RS26735,0,1,0,0
yghD,16,29,15,30
dnaK,11030,3738,5587,8998
murJ,123,62,57,553
nanX,296,198,268,278
nanE,768,186,356,322
eno,36070,15087,22242,15868
ghoS,809,602,784,399
pgi,9510,5680,8538,3242
ybaE,247,387,385,161
ftsI,640,326,329,1144
sfmD,82,71,55,47
fur,2498,3416,3207,2105
bcsC,2288,1406,1281,621
coaA,138,95,100,1094
caiA,103,52,49,57
glnP,303,299,232,1998
HQ24_RS13875,14,10,4,457
ydjX,5,5,1,21
glpX,371,265,284,541
nuoC,2071,619,985,16860
ypfJ,4326,3667,4496,1146
yacG,305,193,209,133
yobA,122,126,122,190
rihC,67,145,73,758
glyA,480,1248,559,16948
ybdL,97,98,57,83
ndh,366,888,787,249
qseG,216,225,168,443
yafL,367,178,298,22
tfaR,54,36,43,25
yiiQ,31,23,25,110
ybcJ,44,31,35,202
folA,987,1722,1538,674
hisQ,827,123,144,1605
yaeF,29,20,13,66
murC,497,224,177,1948
HQ24_RS07745,15,7,5,11
HQ24_RS05350,2,2,0,3
ydjH,50,11,24,79
rusA,2,2,0,1
HQ24_RS09770,287,378,319,871
yfeC,169,190,209,298
zapG,2625,2203,2458,1130
adhP,5151,6673,4502,2975
bluR,824,598,688,1101
deoC,3385,4383,4473,394
envY,32,29,29,18
ffh,1588,2355,1857,2877
HQ24_RS18460,3,2,3,7
yhfY,54,56,52,43
acrB,1457,1080,902,7185
nudK,45,53,32,215
rna-HQ24_RS21225,1549,185,4392,1609
flgL,370,425,448,4202
yihL,58,56,78,91
nrdH,437,422,230,37
fliA,288,292,286,8108
satP,343,299,259,217
gadX,1921,604,570,39
ydfG,1237,1813,1262,2424
ymcE,0,0,0,15
dctR,97,11,10,30
nadB,181,42,66,862
ymgD,225,236,263,60
gltF,8,8,4,48
ygdQ,110,268,119,405
cysM,71,60,46,462
garP,155,119,235,31
flgB,5,2,1,4232
creB,177,204,132,399
yqjD,1283,4341,2350,898
thrA,759,929,640,1669
dhaR,205,169,220,277
panC,500,872,572,1730
glpA,5,9,16,17
yqfB,140,118,116,107
phnO,376,476,231,102
HQ24_RS12140,818,570,956,61
HQ24_RS26550,1,1,1,0
bcsR,1151,782,805,277
bglG,13,13,9,21
ettA,2544,6933,3579,6287
HQ24_RS03870,30,8,11,196
cyaY,149,85,85,211
yejM,1135,852,821,2966
yljB,121,88,99,48
rpoS,11973,44328,24473,26439
yjjA,186,134,110,290
flk,81,35,29,493
holC,329,335,308,462
ymdB,1109,766,874,862
HQ24_RS26715,2,1,0,1
yfeX,331,356,206,1002
cas1e,145,60,76,167
yagU,737,442,541,118
HQ24_RS01670,6,1,1,3
HQ24_RS13695,1,2,1,2
ybgC,182,117,142,547
traQ,9,18,16,388
mhpR,1364,2703,2141,652
yfdN,0,1,2,5
fadL,10217,7597,9349,16766
yghQ,10,7,6,20
allE,91,176,202,147
pepT,3976,7042,4828,645
HQ24_RS16880,23,32,17,189
gcvP,564,849,1364,29028
gmk,2098,1518,1314,941
HQ24_RS01555,148,81,81,282
infC,10017,5919,7400,15117
rarA,546,48,112,1055
murD,549,122,130,1706
rapZ,1456,422,599,1861
rdgC,341,373,280,588
sdaC,258,280,256,3404
slyD,8550,7435,6347,6619
lptB,2304,2772,1837,1564
treC,50,38,23,690
yidJ,36,37,34,42
aphA,91,171,81,803
traJ,667,277,340,1119
yjbF,3,3,4,8
frmR,281,310,202,108
mltF,81,74,55,214
ycdX,432,455,413,808
HQ24_RS12635,7,4,7,6
xdhD,217,120,166,186
HQ24_RS25955,89,85,88,100
yaiZ,104,105,92,159
flhe,3,3,4,785
yehQ,114,70,65,62
corA,630,1469,1047,946
csiE,9794,10661,18237,439
HQ24_RS26660,64,36,27,6
yecA,473,1086,773,1082
dgt,209,257,171,382
chiQ,24,22,16,25
lpxT,25,18,12,387
ycjT,24,22,19,90
ispU,476,476,277,3054
qorB,74,89,103,87
ycjG,1897,1291,1243,626
fecE,30,18,8,67
fliQ,0,1,2,890
hrpA,1839,1281,1665,1739
mlaE,558,656,600,1040
dnaE,970,656,646,3713
HQ24_RS08065,24,12,25,3
polB,2138,1585,1305,721
yihU,10,20,10,21
narL,183,247,218,300
tetR,70843,22601,60092,39454
hicA,57,82,58,31
fis,104,141,95,1988
gadE,234,93,37,94
hha,1447,726,1201,557
dusA,120,194,122,701
yrhB,90,68,100,13
HQ24_RS01910,122,79,56,99
nusB,203,278,143,1418
torA,75,72,62,60
macA,438,193,287,298
yedP,4883,4580,5787,296
HQ24_RS21245,3,2,1,21
yfaA,63,62,37,75
yfaZ,54,33,38,196
HQ24_RS20155,12,2,6,43
HQ24_RS01305,76,40,83,15
HQ24_RS11490,157,86,77,115
rsmA,1950,1521,1454,1610
nifJ,8006,3600,9073,2315
rfaH,292,610,367,157
nagB,1566,2370,2337,749
HQ24_RS26350,4,1,1,3
HQ24_RS03435,24,16,13,207
gorA,1289,1347,1078,1015
lysC,115,55,43,264
nrdE,3740,1688,949,536
HQ24_RS14995,9,16,9,18
astD,5434,3019,6731,4448
pgk,15541,13510,13492,8731
pqiA,1041,1077,869,474
ydhU,85,42,48,45
HQ24_RS05995,104,25,85,8
hyfH,15,6,10,14
kilR,12,11,13,0
yeaX,52,49,61,56
ftsB,750,417,472,465
HQ24_RS12610,105,52,110,36
gntT,373,849,460,444
atpB,679,399,366,10976
ygbL,63,33,30,32
yqcC,48,60,36,145
atpE,338,137,107,6816
emrB,290,282,298,563
ghrB,135,70,75,823
yraR,959,995,1255,116
ydiL,32,29,22,6
yhfL,51,35,40,8
mepK,1295,1053,703,2645
HQ24_RS03645,17,6,11,5
gspH,10,4,3,9
dgcP,223,56,103,1038
punR,270,140,188,103
malE,41,32,41,13878
tolB,3404,11113,7109,4239
yqgE,281,266,208,1250
ahpF,540,513,446,1350
ilvN,224,69,124,376
narW,600,20,40,176
rfbA,608,507,402,3538
dpaA,365,244,205,2147
rcsD,968,763,838,3202
elfG,131,71,67,82
mgtS,17,8,16,37
wecC,140,46,45,1323
xylF,319,102,105,310
adrA,267,183,229,38
sapD,645,447,759,437
fre,1377,1384,1115,1965
pdxY,66,17,30,925
yecM,151,181,180,219
ymdA,52,44,42,1327
lptA,2048,3173,2511,1125
nrfA,48,34,41,85
rclB,22,3,8,10
yjjJ,479,596,619,308
yibN,625,398,281,1572
ppx,1359,186,392,1455
HQ24_RS16560,23,16,26,160
HQ24_RS05340,141,78,62,255
araJ,460,267,306,129
glcB,1634,1907,1408,1742
HQ24_RS26875,76,23,40,231
fabR,360,472,344,1014
sgcA,235,107,189,38
yeeS,7,0,6,16
ygiQ,90,59,68,2505
HQ24_RS25940,7,2,8,13
rna-HQ24_RS21235,2743,408,9138,2527
HQ24_RS15230,74,29,72,60
fixC,6,3,5,25
argB,486,139,94,106
leuC,333,190,222,944
clpX,20683,14932,17459,5150
actS,244,116,159,521
malQ,1381,290,354,2287
ppdB,47,36,20,83
mutH,134,109,83,153
ybcO,0,1,0,1
astA,4705,8123,10217,4677
yehP,8,13,13,11
ubiK,458,334,349,594
csrD,773,383,315,1109
yhcC,36,17,9,25
acrZ,297,268,365,186
fimI,24,9,28,210
ddpX,786,551,419,850
rffA,533,839,649,650
ydfD,9,8,12,1
mdtB,788,99,232,405
mutL,783,218,246,1155
tdcC,98,45,49,122
nikC,15,12,9,9
cpsB,37,23,25,58
yjhG,475,138,217,268
hmpA,118,255,176,471
HQ24_RS08210,11,6,2,7
appA,327,335,252,128
mazF,145,133,124,118
ptsN,1756,442,732,1692
eutG,23,68,45,12
rtcB,575,1316,1092,102
yeiB,123,28,24,686
HQ24_RS06230,28,27,25,27
nlpI,6564,4058,4192,9157
HQ24_RS15045,7,2,7,608
smpB,201,165,162,1285
holB,146,161,90,515
rhaR,41,94,43,57
tauC,22,22,18,7
hemD,953,571,558,755
lacA,28,28,35,36
ynfH,98,63,54,143
grxB,3122,3056,3617,424
ybdK,6869,4202,6307,435
HQ24_RS26340,2,1,1,0
metE,309,219,188,2934
nuoF,1524,369,498,11577
hda,131,210,122,895
cydB,3894,3179,4140,3305
hisL,30,13,15,21
cheZ,101,67,39,2165
miaA,8187,8075,5881,3095
HQ24_RS00080,250,108,112,1128
HQ24_RS21075,25,22,6,338
ghxP,48,40,37,3034
lhgO,1951,589,1324,483
ycaO,139,72,67,1630
rhaD,10,0,2,7
dgoT,48,37,33,42
lolA,590,207,431,962
ligB,73,53,56,103
iadA,109,81,105,403
yeiW,3,1,4,94
ykiE,10,7,7,2
mokC,274,229,228,147
gcvR,1312,1144,900,642
aspA,13982,11677,13838,17926
pqiC,418,225,327,221
rlmE,7526,6368,7064,4182
bcsF,123,5,13,93
yojI,154,122,91,1457
uspB,7035,8735,11464,228
flgH,18,14,11,6003
ykfG,1,3,3,0
paoB,347,363,295,107
sutR,55,36,36,90
sapC,322,485,572,171
yajI,166,314,235,25
cobO,111,61,59,356
csgE,82,15,17,469
glgP,3235,1016,1484,4012
hofP,2,2,1,9
psuG,30,16,19,108
relB,556,729,984,136
yicL,397,77,116,186
modE,130,115,95,233
hycI,591,536,617,144
nhaA,6600,4821,3944,829
HQ24_RS26200,98,46,72,30
secY,14521,15666,11044,61922
HQ24_RS06610,59,48,32,144
wcaK,20,7,9,49
HQ24_RS03880,21,11,7,160
HQ24_RS12105,53,23,27,3
lysS,1320,1282,1281,8429
yegV,75,30,42,220
HQ24_RS18820,79,62,60,49
HQ24_RS26840,291,219,203,81
yfdR,4,0,3,2
ybdN,71,23,40,22
ypjA,5684,3399,4334,431
tdh,2868,5313,4215,3134
nepI,49,30,30,64
rtcR,80,56,75,60
copA,1403,836,893,546
yfjM,5,0,4,7
ygiC,2401,467,876,4630
ddpB,278,6,17,941
mlaC,1891,2645,2297,1440
HQ24_RS01370,58,70,65,49
HQ24_RS15240,4,3,5,8
cstA,13333,15198,14907,18630
diaA,281,210,120,856
sseA,3048,3811,4212,2033
valS,3509,2448,2498,6531
xylE,72,66,70,71
ygcR,16,8,3,36
tdcF,25,28,23,31
HQ24_RS19540,31,23,28,73
vsr,30,1,2,125
fliT,13,9,4,1258
fucI,146,53,78,411
mltB,401,489,283,622
HQ24_RS11545,6,7,8,3
cmtB,2,1,6,4
HQ24_RS26240,2,5,1,1
arsR,18,22,11,27
rpsT,440,390,313,4629
tcyP,387,930,749,692
yhfK,148,32,28,1885
secA,618,469,504,5985
HQ24_RS26345,1,1,3,3
lpoA,587,212,270,1942
yaaI,2,1,0,5
eutC,56,78,91,162
fhuB,196,27,28,749
iaaA,1483,1132,1115,488
tsaD,819,1591,959,967
setA,248,131,196,221
ydcZ,115,56,41,146
HQ24_RS26410,8,5,9,2
ytfT,913,95,305,179
HQ24_RS22660,18,25,24,32
HQ24_RS15835,10,4,6,6
gshB,593,812,734,1465
ydiM,34,29,21,17
yijF,5,4,1,3
ytjA,8888,6098,9225,313
kduD,132,126,156,288
dcuS,107,47,95,442
gltK,28,23,13,635
ribB,4454,6927,6716,2070
yfcE,565,736,497,645
mdfA,1969,3010,2570,349
ychN,198,213,191,185
yrbN,75,76,117,241
grxD,937,1321,853,1182
leuL,6,10,10,2
HQ24_RS21080,20,31,18,484
hprR,190,142,206,171
rplY,203,92,106,6168
speD,149,67,98,1650
rpsM,3441,3298,2235,25048
pheM,81,22,19,203
znuB,390,230,182,338
hypD,252,178,108,262
ecpA,42,50,52,87
HQ24_RS03450,43,43,20,506
umuC,1095,709,681,219
cysK,1374,1037,823,3815
yfdQ,67,11,11,40
zraP,27,16,47,0
uvrY,972,1169,731,1283
truA,422,269,233,1027
cadA,20,17,12,24
xylG,147,20,25,157
yhdN,488,457,385,202
hprS,232,112,153,323
trpE,15,0,5,1928
potE,175,225,242,54
uhpT,249,235,312,96
tap,696,145,372,5442
rutG,158,96,82,45
baeS,168,69,61,108
cdh,4,6,6,60
HQ24_RS19560,22,20,13,31
yagE,389,454,505,342
tisB,22330,22544,27130,2926
HQ24_RS07205,785,758,625,567
exoX,116,204,113,394
cueR,298,247,254,180
metB,82,93,49,435
rdcB,212,219,195,813
mrcB,590,748,483,1474
HQ24_RS01110,1,1,3,1
HQ24_RS01460,76,11,13,26
pspB,487,3136,1785,46
azuC,16,10,21,30
cydC,146,66,80,702
yfgG,1038,502,585,641
dcuR,92,102,105,416
frr,6201,10609,6824,5375
mntP,3,1,4,14
dapA,1227,1850,1085,5726
HQ24_RS05275,1,0,0,7
HQ24_RS23475,635,356,356,327
HQ24_RS01560,200,97,131,60
yhdP,1011,466,618,1943
yfcU,448,307,316,163
murG,420,130,155,1329
rpsH,1201,2820,1294,17578
wzc,16,16,10,31
ygdI,782,1648,1885,265
yejB,67,14,20,269
HQ24_RS25595,2,2,3,4
cheR,107,24,36,1910
ybgA,1294,732,855,181
napF,25,19,20,61
fliZ,125,150,134,5372
elfD,3,2,2,16
aroG,1121,1854,1240,1353
argO,39,23,12,49
cspB,306,344,227,2934
cutA,66,28,34,166
rbsA,784,306,358,1832
gstB,453,822,440,988
torT,149,91,83,40
queD,12,3,4,204
gfcE,22,24,25,22
yjbQ,1856,2321,2199,447
wcaL,30,9,13,99
nirB,151,97,103,40
frwC,11,23,10,36
yaiA,971,535,887,292
purE,8,3,2,957
HQ24_RS03860,48,16,16,289
pppA,35,20,13,44
ygbE,87,50,41,162
gfcC,3,1,1,10
recJ,787,958,487,1649
rsmE,190,258,210,401
ygcQ,13,8,10,39
HQ24_RS01605,15,24,28,14
HQ24_RS21405,3,2,6,7
codA,135,80,86,2400
nusG,3123,2110,2101,4038
ppsR,993,1278,1229,779
yqcE,5,8,5,28
ycgV,184,123,98,129
adiC,81,42,48,17
nanS,684,189,333,84
yggX,92,110,90,374
fliD,172,56,61,7140
aas,1319,611,537,1245
amyA,5158,1743,2654,4685
modF,271,96,125,612
rutA,7,17,17,2
uup,752,353,428,1856
dmlR,1219,2387,1911,520
ftsA,1936,1193,1277,2103
glxK,256,91,80,161
hdfR,401,272,314,180
focB,26,22,14,41
yiaJ,100,72,98,283
pldB,414,425,334,751
kch,458,233,335,188
HQ24_RS25810,10,3,4,0
HQ24_RS26460,247,177,450,135
nupC,852,949,724,3405
hipA,493,432,451,278
HQ24_RS12625,32,28,27,10
rpmE,3215,4937,4606,4147
dgoD,207,71,77,77
yedF,22,12,15,75
yjcB,39,33,54,38
trkG,194,140,145,177
HQ24_RS14760,795,744,597,537
ygfI,52,33,33,81
blr,23,16,6,138
scpA,25,15,14,30
HQ24_RS26135,60,33,64,43
nuoI,469,72,128,3651
HQ24_RS01170,138,105,100,35
yghB,1660,1619,1542,714
relA,750,613,482,2137
bamB,3860,2906,2184,5164
rna-HQ24_RS01035,2805,384,9149,2771
rimJ,429,759,679,312
yraK,80,50,53,44
aceE,2781,1719,2315,9639
yliI,916,356,485,360
HQ24_RS06870,308,375,316,1000
malY,209,140,161,1052
ygjJ,22,5,9,31
rpsG,6572,14478,9282,25962
HQ24_RS12400,15,11,5,283
etp,27,49,31,16
pdeG,806,311,552,55
yeaG,46852,41346,80754,5870
rffT,394,268,223,429
HQ24_RS01310,251,121,154,125
cls,1536,2199,1744,766
ydhY,13,13,18,17
HQ24_RS26105,0,1,0,1
rsd,1293,2446,1436,807
HQ24_RS21915,235,298,135,48
ydcR,344,298,243,661
brnQ,4035,8976,8132,1544
rnlB,1042,592,556,430
yafZ,2,2,0,2
yjhR,45,20,22,35
yjdI,384,273,267,66
dkgB,42,27,44,105
yobD,123,118,108,234
emrD,152,129,94,142
galS,109,261,111,270
HQ24_RS15080,79,76,59,3179
frdD,484,1240,631,812
safA,1,1,0,0
HQ24_RS26620,7,1,0,2
clsC,1947,652,917,619
mukE,117,27,35,1022
waaZ,118,92,105,194
yibF,818,1093,635,880
yaiI,77,102,61,169
iscS,4353,6984,4853,7255
rsmG,56,72,58,334
yrdA,1068,952,941,887
pdxA,247,99,84,1943
HQ24_RS18490,25,20,26,6
ygdB,28,23,12,62
preA,101,49,61,122
yciN,598,431,500,322
cnoX,619,379,536,823
holA,540,191,227,887
murA,359,390,199,3421
rlmF,66,48,62,236
yajL,283,253,322,141
yfeS,133,89,66,333
ygaC,364,542,626,57
yggL,783,667,582,718
gntR,1358,1152,947,649
hybE,46,68,45,126
lepA,1785,957,1012,7447
rtcA,466,370,372,117
fadH,4045,2236,2496,2238
gph,189,196,139,1159
deoR,179,189,172,549
yfaU,67,38,34,67
mobB,170,151,173,98
HQ24_RS26645,1,0,0,2
yjiR,193,658,447,218
gspL,26,17,16,30
dapD,1036,1833,1271,2082
ftsL,273,113,146,278
tolA,952,1037,911,1356
mdtO,12,9,4,17
cysS,203,536,257,1073
dacB,106,54,34,601
paaJ,354,353,288,930
plsB,2490,1124,968,3992
HQ24_RS10735,33,28,29,7
pqiB,876,748,726,695
yajR,91,85,68,421
yobI,49,50,73,4
gsiA,1024,610,612,670
modB,146,193,127,616
panD,847,2886,1434,914
fkpA,2027,1224,1047,4542
mhpT,215,96,124,54
ygjV,20,10,18,36
HQ24_RS15575,5,5,2,12
yobB,251,169,168,272
cspD,34399,25154,27440,7932
yegW,105,147,145,245
accC,420,222,210,11103
crp,2060,5595,2680,4983
HQ24_RS14800,2604,716,997,1662
HQ24_RS22615,747,734,553,498
fimH,220,133,176,83
malI,242,372,339,218
rpmC,440,699,272,5513
HQ24_RS10195,24,20,16,11
rpmH,525,663,462,2164
srlD,439,180,299,245
hemH,1106,1381,1100,290
hcaB,46,50,27,120
nuoB,1888,556,827,8114
tauD,69,56,82,24
ybhR,163,35,70,130
sfmF,4,3,7,9
arcB,1986,725,1259,1677
ybgP,8,2,3,2
yqfA,5691,7658,5551,5642
ydeE,330,100,109,596
fliG,29,10,13,8164
fecI,943,203,267,329
mhpB,15,17,9,16
uvrB,3466,2843,3340,1656
ynjH,182,222,172,100
asnC,180,188,198,54
agaD,27,14,29,31
ynjI,27,19,20,124
tgt,100,107,72,2796
yieK,38,25,22,28
gpmB,356,844,421,1021
yiaC,76,60,71,153
lptD,7089,5594,7318,6834
srlE,375,268,421,203
acrD,216,130,122,371
ulaA,37,74,79,62
rpnA,7,13,10,25
ybcN,0,0,2,2
iscU,1670,2458,2222,2671
panE,543,750,921,165
prc,1322,635,524,9318
ydjG,91,75,58,126
yhhI,17,8,20,11
kduI,65,57,47,331
hslV,1217,1551,1395,601
dgcJ,338,177,266,310
HQ24_RS26335,21,11,8,5
kdgK,152,163,130,257
loiP,1903,2934,2652,808
HQ24_RS17375,3344,2764,1929,2558
ydaT,119,136,133,16
ydiR,80,97,84,39
rsmH,1184,1519,1194,1102
menH,145,44,34,368
dmsC,112,94,100,82
udk,138,72,61,596
HQ24_RS26860,1618,1771,1342,1163
yoaB,102,146,92,637
ribD,330,409,329,1248
trxB,268,523,264,1502
HQ24_RS26505,3,2,1,2
lpxC,7810,22925,16428,8853
argG,1484,1271,850,1009
osmY,24708,30407,38586,885
ugpC,1094,433,335,881
deaD,2851,5331,3282,5800
ugpB,7751,3138,3763,1846
ydhX,31,23,30,37
puuP,609,188,342,326
yggM,20,8,14,24
hemX,983,547,515,1378
dgcF,82,60,37,241
tnaC,1,4,3,14
nlpC,1043,1422,1235,626
ydjM,429,693,713,201
ygjH,175,193,248,39
ytfJ,1300,4647,2852,1228
proB,833,1510,924,1478
yphH,198,182,193,219
yaeI,40,12,12,120
idnO,49,18,25,52
aroF,1094,810,1151,630
polA,1670,1322,1663,2997
pheT,7371,5490,5041,8461
yggT,137,275,167,662
ybdG,123,107,118,311
ybcH,119,59,104,57
yhcN,121,154,216,11
yeaE,215,158,144,501
hfq,8142,5568,7243,3322
HQ24_RS07300,1301,926,636,946
cbrC,62,39,49,2350
tolR,165,128,81,414
leuE,225,288,252,301
cbdX,19,7,11,9
pyrC,30,16,22,2713
rimP,532,546,474,1966
lpp,50105,108418,54970,29793
recN,11484,9735,11638,3005
ybbO,99,69,87,341
hldE,1413,1905,1580,1899
fhuF,5783,2938,2811,5379
iprA,6,4,5,3
HQ24_RS17110,1,0,0,3
yadI,326,199,225,212
yfbR,84,157,100,237
HQ24_RS10900,51,37,35,118
nuoM,664,135,165,9647
dapF,511,715,307,1299
abgR,192,173,167,437
rfaD,2514,1341,1835,1367
galE,438,508,505,649
HQ24_RS01545,7,2,6,2
dapB,419,464,317,657
rimK,184,89,110,452
marA,33,38,34,100
rimL,200,141,102,210
cho,306,224,212,376
gsiC,256,44,63,216
cpoB,1681,876,1037,3684
dppA,1852,549,493,20817
feaR,1548,927,1024,1876
gabP,606,26,75,488
HQ24_RS22670,35,26,20,64
ascG,177,211,170,663
bolA,28337,17398,30269,1103
gltJ,49,22,10,859
fhuA,2455,1479,2043,3219
ytiA,11,2,0,9
garR,423,354,318,80
adiY,80,53,67,4
hypC,6,10,1,26
nth,27,10,10,373
HQ24_RS07010,39,29,32,29
groL,2991,2775,2495,16075
cyuP,47,88,320,75
oxc,46,54,34,33
narP,317,836,585,404
recR,644,1163,648,1560
yajC,426,591,421,2942
dppD,36,14,20,2474
trmB,1179,1153,931,818
ygaH,9,0,5,333
yqeH,5,7,3,7
uhpA,92,67,61,415
HQ24_RS12645,202,137,158,367
kefG,422,224,309,231
ydjK,7,7,5,87
yghO,9,6,8,20
rfaF,1532,204,353,1379
yncE,750,830,698,4062
HQ24_RS15200,81,108,96,156
syd,309,355,370,287
flgF,19,20,11,11084
bcsE,3357,386,927,1750
yehM,50,34,30,28
yjfP,212,79,94,78
ychO,120,76,88,178
sgrR,176,114,141,267
yfaY,743,1469,1067,576
mltA,196,158,130,670
pdhR,171,253,192,412
tuf,25131,23939,20532,136057
ampG,54,21,8,1453
fimE,13,19,19,16
ychE,108,116,91,132
zraS,44,58,51,116
skp,2778,4639,2684,4660
pabB,102,66,62,447
ydaN,2,2,1,2
HQ24_RS26810,1,4,0,12
higB,3,11,6,29
yahB,126,68,69,114
php,13,22,21,9
flgG,25,35,19,11669
ilvY,665,886,601,199
mukB,793,273,339,6572
HQ24_RS07220,1946,1226,1460,1092
bdcR,87,81,43,120
yfaT,7,6,11,7
yghU,1957,1857,1209,1692
flgA,53,57,41,3380
citD,0,0,0,1
guaC,144,175,124,2022
prfA,220,77,98,856
pdxI,1715,2688,1891,689
sieB,11,12,16,5
atpF,605,318,237,12602
ihfA,38680,44347,49440,7052
mdtA,458,303,378,151
paoD,438,131,201,70
ybaY,10671,33601,25021,1028
sgcC,1576,849,1505,124
aceK,1342,290,357,429
HQ24_RS02845,281,348,307,921
ybbY,255,154,154,84
ydgI,481,255,187,499
lpxP,507,242,217,2163
ghrA,327,520,339,583
rseP,1563,1167,1017,4686
lpxH,137,51,38,728
modC,222,151,103,814
galF,4200,8491,5667,4785
dgoK,115,145,127,107
rpsD,3528,3775,2059,37029
ptsG,7865,11611,11464,4048
ygiB,2771,1728,2420,3002
potG,383,113,150,891
mcrB,60,42,50,200
folX,1019,1969,1603,533
entD,39,27,30,220
HQ24_RS26855,7,6,2,32
ompP,2434,1158,1943,9085
pyk,2872,2434,2979,5664
pepE,83,68,40,450
acpS,120,79,55,287
yjaZ,17,19,17,53
timP,128,59,64,198
gcd,13874,3468,6163,1290
atpD,1080,794,696,30008
ydhL,660,630,594,54
araA,320,243,345,4242
mmuP,174,139,103,58
rhtA,50,24,45,120
gap,18886,29585,22100,3770
recF,101,43,34,961
yhiD,340,10,10,143
hisD,378,109,118,1506
HQ24_RS20145,640,374,687,494
yafP,75,23,29,54
ydcH,250,797,653,165
glnH,1787,1931,1624,7814
rpsE,1760,5123,1940,25056
dgcN,170,37,40,233
rsmS,9,5,8,10
dgoA,59,32,40,36
hybA,31,37,49,197
ftsN,570,405,310,967
mlaA,1443,2016,1511,581
sfsA,6915,4730,9245,639
yqiK,51,22,43,111
yaaY,173,145,139,33
ycaP,689,422,424,122
yafO,292,70,133,98
ybbW,91,108,92,11
fetB,100,41,64,81
truD,344,187,164,1348
rpoA,4928,5116,2793,60223
rapA,1864,2039,1115,1347
bglF,14,7,13,11
dgcT,46,34,36,45
sirB2,55,22,24,109
ubiF,4088,9528,8104,526
fetA,58,25,40,66
hflC,1946,1588,1281,3557
mdlA,639,592,500,330
napA,52,40,35,539
yddB,44,37,28,80
HQ24_RS02030,222,147,127,41
nudB,385,339,272,1302
ubiU,13,13,8,15
HQ24_RS05510,10,5,3,15
topA,2017,1675,1815,7318
ygjI,384,74,177,124
metL,271,389,238,1339
phnN,41,73,55,7
recD,400,635,654,885
nanC,30,37,55,44
cirA,240,238,199,4940
atpI,173,153,98,1565
ykfI,5,1,4,3
HQ24_RS26610,76,42,40,72
yobH,186,83,121,176
folB,15,12,21,62
slmA,88,65,53,718
nadC,221,396,248,577
yciE,554,107,201,96
frvA,9,12,10,2
traX,210,161,118,1244
yieH,68,43,54,258
yjiA,95,167,113,365
ybbJ,813,1093,1407,161
yfcS,6,3,2,11
gcvT,153,827,1059,13558
poxB,5924,1848,2959,994
ybaA,7370,2330,4213,123
alsB,139,54,78,212
dtpD,682,105,88,87
ahpC,1224,1099,1104,8556
eptA,258,208,223,47
yegS,3002,3846,3236,592
cysT,51,84,54,152
cbrB,19,9,9,2186
coaE,1093,1199,1096,336
nfeF,139,432,236,420
yajG,129,323,198,1425
menB,1044,989,632,1236
HQ24_RS19635,74,70,85,32
nikD,12,5,4,14
tauB,16,8,4,0
ydgT,22,46,26,150
xapA,50,27,30,19
yhhY,156,121,104,90
nrfC,11,8,2,13
rplT,7593,11427,4891,22110
ruvX,119,76,48,684
lpxM,581,438,360,794
ydaV,116,76,124,23
ytfK,6801,7905,5365,1590
mliC,29,45,30,75
pitB,53,23,18,32
prmA,762,733,601,708
ybhL,6491,7967,11899,508
ascF,814,1150,1276,171
yajQ,1054,1615,1219,701
trmA,3065,1969,2768,1004
rcsC,897,450,427,1581
xseB,136,142,93,414
yfcQ,9,5,4,5
metN,162,142,93,354
HQ24_RS06225,19,28,13,14
recG,276,45,38,1223
yfeD,282,264,328,463
ygeW,56,13,36,13
hypE,777,472,370,299
murR,38,73,79,55
wcaM,60,31,9,116
mocA,2487,831,1499,177
xapB,96,68,63,84
HQ24_RS01105,6,0,3,1
bioP,62,59,43,427
ybhP,1210,826,837,137
ycaL,63,52,67,37
mcrC,14,12,9,96
yraP,242,231,120,944
lapA,660,603,448,407
bacA,339,180,151,493
hycA,2,0,2,5
HQ24_RS26670,77,54,70,69
ydfA,33,36,42,4
xylA,1571,1664,1712,202
iraD,46,39,29,7
asmA,631,472,393,1565
minE,164,260,162,908
hupA,1136,4674,2555,7168
moeB,212,273,209,339
phnC,17,6,6,1
yoaH,105,95,120,138
agaI,16,4,4,20
HQ24_RS10290,380,150,255,30
rnpB,370594,403508,342610,83537
lpoB,1511,2183,1445,689
pgpA,434,270,235,513
espL4,5,1,0,10
yicN,145,93,73,85
ptrB,2769,1081,2034,705
mdtL,12,5,9,136
yibQ,166,100,69,682
mmuM,356,329,282,343
sapB,523,1059,1054,275
ppk1,1747,1020,1355,2032
frmA,1307,1831,1077,526
dprA,444,348,371,204
lpxB,331,101,68,1919
HQ24_RS10755,160,95,105,231
ygbA,116,72,116,56
ybiR,419,300,317,543
nemA,365,144,206,508
aroE,1338,1141,1153,1027
HQ24_RS01865,799,723,581,541
arnA,798,73,93,639
Spc,12314,8342,8445,12940
HQ24_RS13400,234,125,70,1735
cytR,276,195,118,958
menC,992,527,347,1320
narG,128,124,107,123
yagK,98,87,65,38
rfaQ,670,802,677,1088
eutR,87,81,67,104
yfjD,162,68,45,838
yjeH,183,120,96,210
ypdC,498,358,315,203
recX,190,180,172,178
trmJ,663,907,661,1187
ygdR,1820,1254,1051,258
appB,151,51,63,44
yqjC,1766,2679,2428,1578
yiaL,7,5,2,22
livF,53,39,47,1136
yoaA,148,107,83,1378
ygbI,505,472,403,425
bfd,1635,844,1210,171
fumC,2471,1242,2346,3207
acpT,622,357,255,416
yneE,34,18,17,56
yecH,423,274,462,5
ypdA,538,572,540,266
HQ24_RS04370,25,25,27,81
fdx,156,73,57,1045
amtB,163,105,141,130
HQ24_RS12615,12,18,9,7
yaaJ,349,160,221,121
thpR,34,20,16,102
HQ24_RS07560,3,4,1,0
eamB,204,195,188,41
torR,56,102,91,89
ydfI,98,89,96,50
atoA,10,4,7,1
pntB,1578,914,1398,4948
ushA,1374,2532,2309,1038
ccdB,593,541,706,294
camR,459,417,368,6200
rpnB,129,124,130,130
yceG,181,152,152,385
yjiC,9,7,9,2
rnlA,1316,717,732,1223
yiaY,7,6,4,3
phnJ,1,4,1,2
aroL,86,107,74,520
ydbD,273,137,165,108
mtnN,520,989,841,1146
igaA,382,246,226,1514
rplV,517,892,325,18714
pinQ,75,57,59,98
yedD,314,290,216,514
gatY,61591,73235,71227,44601
osmE,8711,14049,16778,1405
thiM,17,18,15,130
srlB,73,20,73,48
HQ24_RS15225,551,35,116,691
ghoT,42,25,29,6
HQ24_RS15195,13,3,8,112
lnt,774,122,174,2047
yebB,15,20,18,11
glnE,976,370,408,1835
mlrA,3413,2897,1501,395
yjcH,712,662,609,2908
znuC,277,248,286,440
yfhR,3,2,5,28
yeaQ,1309,441,773,120
livG,61,26,32,1384
wbbL,297,225,231,1816
flgC,4,3,4,5137
HQ24_RS05130,26,12,20,59
sdiA,1960,1741,2246,820
yidD,15,14,5,861
prlC,5091,6104,6260,1933
hyi,73,36,43,11
ptsP,998,756,597,4621
araH,775,176,475,812
HQ24_RS26110,1,0,1,2
sspA,1906,3236,2210,3289
HQ24_RS18585,281,375,332,960
yagA,35,24,16,5
HQ24_RS01915,164,82,92,263
ttdA,11,7,7,15
nrdB,391,282,293,1252
pinR,83,48,53,93
HQ24_RS14985,83,23,18,43
ruvA,344,467,317,713
traA,1205,1005,721,20955
ivy,87,195,163,357
HQ24_RS18155,256,377,310,665
kefF,152,183,139,110
rsfS,43,60,32,446
hofC,32,29,18,39
ycaK,10,6,7,15
sspB,956,1080,672,1786
yigA,283,256,121,797
pbpG,629,472,414,628
HQ24_RS12355,231,88,101,1153
HQ24_RS21030,195,117,67,1581
ftsY,691,1207,818,1763
yhcD,201,119,126,119
uspD,3291,4513,3562,196
yibB,235,69,98,341
HQ24_RS00100,23,22,14,92
yifL,196,315,223,344
HQ24_RS19965,3,1,0,8
rmf,18833,18266,19529,1065
yadC,139,85,134,38
HQ24_RS19130,1256,1099,3674,17
HQ24_RS26175,0,0,0,1
katG,2589,2116,2003,3681
HQ24_RS26060,1,2,1,2
purM,32,33,24,5966
ompW,124,144,121,198
ybjC,46,86,55,47
fliC,3236,2156,2223,58349
cas2e,29,12,18,42
mtr,318,135,114,2983
yciF,669,182,215,61
csdA,290,400,235,587
ynjE,165,103,111,88
HQ24_RS10760,259,49,47,3691
ptsH,2251,4268,2864,4451
HQ24_RS03855,152,57,61,778
ulaR,174,218,187,153
ybcI,38,64,41,45
menF,2384,672,662,1411
yihT,20,21,19,31
yniB,2856,1779,2984,335
pdeR,3890,2961,3177,1445
lgoR,190,92,110,193
menA,181,376,221,358
pepN,4775,4222,4905,7287
HQ24_RS26600,4,1,5,2
fecD,15,16,16,40
nrdF,1224,70,109,166
hemP,25,26,14,110
moaB,413,249,322,433
fxsA,438,524,443,100
pphB,22,7,19,15
zntA,517,292,425,629
ybfA,45,99,110,7
maa,487,213,254,436
argF,1018,81,67,118
HQ24_RS08565,2,1,2,0
alkB,324,259,270,59
mdlB,341,208,206,293
xdhA,216,90,139,304
ydgA,7580,5369,8380,3932
mutT,12,6,6,120
gpmM,1823,3501,2641,1127
edd,130,146,128,459
dosP,11212,407,2223,1121
cfa,20122,3402,6952,1767
plsY,647,728,546,493
rsmF,106,53,40,438
yegL,15,14,12,21
crr,16292,41653,28376,6725
gsiD,150,34,35,167
pdeI,19,18,14,55
yciY,43,44,53,91
yhcO,919,725,604,76
zapD,917,874,803,545
HQ24_RS23180,9,11,4,89
yhbW,1857,577,785,409
tsaA,114,121,108,581
yqhG,112,43,38,43
HQ24_RS14705,4,3,1,3
HQ24_RS18255,22,23,17,92
HQ24_RS26675,311,57,132,111
yfbU,957,1525,1190,665
panF,304,257,188,464
yfcD,469,610,366,959
HQ24_RS03875,30,17,7,204
acrR,29,26,19,142
qmcA,1223,2430,3761,229
feoB,871,1166,994,1288
fepA,366,336,287,2974
pflA,1346,863,1816,556
ampH,753,481,356,1175
appC,303,86,131,86
fryB,1,0,0,7
HQ24_RS11730,10,5,13,8
rna-HQ24_RS01020,1406,200,4327,1386
cysG,408,729,492,727
potB,47,26,24,666
rhsC,164,105,171,121
sodA,10856,6579,7286,8827
HQ24_RS20150,326,341,294,490
pheL,88,36,39,41
ldtE,12139,18719,27067,367
mreC,293,95,80,3193
prmC,69,20,20,395
yehC,0,0,2,2
HQ24_RS26635,36,27,18,63
yfhb,1458,861,671,419
ygcP,9,6,8,49
yigZ,414,145,161,433
folE,544,272,252,2370
HQ24_RS14960,154,66,71,76
aroK,882,1013,679,3168
cusB,59,45,38,22
lrp,1064,979,539,2808
dppB,18,13,16,2949
cpdA,1297,2580,1355,2327
mukF,223,129,92,1420
rppH,295,234,247,1237
pgaA,102,62,74,45
speE,253,337,299,1635
ylcG,0,2,0,0
dnaJ,1740,579,745,2627
ves,38,35,38,406
elfA,6,10,5,11
avtA,384,284,164,2335
ppiA,337,257,330,781
ivbL,407,896,615,126
pdeN,160,90,81,890
grcA,159,287,314,87
fdnG,17921,30141,33319,32683
htrE,104,66,81,13
selD,765,286,455,2287
ygaZ,71,29,30,887
frlA,6,16,14,17
HQ24_RS01875,8,4,3,4
can,549,578,386,1396
sra,4794,3524,3589,4367
accA,1497,2207,1651,3439
asd,1262,1066,887,4413
comR,161,109,130,354
fepD,114,57,53,323
wcaC,17,11,12,10
yhaC,1,1,1,12
maeA,1019,306,373,6371
ycbV,26,18,8,24
yqeI,17,13,13,29
HQ24_RS24085,2,4,0,0
traY,779,205,421,5182
yheU,175,336,227,74
lysR,114,102,100,134
HQ24_RS21070,48,24,15,406
chiP,53,24,43,182
glf,486,211,283,3276
HQ24_RS21065,14,11,12,6
rseC,905,153,155,1486
fimZ,8,7,5,15
putA,118,78,72,80186
HQ24_RS26785,9,3,9,6
caiT,14,9,10,12
HQ24_RS26825,41,22,13,15
def,7285,7716,11413,1329
azoR,53,122,106,194
apt,116,82,49,1290
fdhF,241,345,259,264
gspB,79,52,60,26
msyB,2460,1043,1811,512
yhdX,283,56,78,416
mtgA,174,47,43,424
opgB,483,372,574,1835
yeeO,1611,537,922,267
HQ24_RS01200,13,13,10,5
rcnB,183,118,153,118
nrdD,5358,5096,4435,307
ycfJ,70,116,194,42
sodC,4864,2705,4402,410
eutE,4,5,4,19
rhaT,165,206,193,51
yhbO,1435,750,1115,66
murB,286,145,137,660
yqhD,237,142,154,121
HQ24_RS01695,13,7,8,5
HQ24_RS11290,260,345,282,991
HQ24_RS14970,2775,2734,1644,2745
smrB,352,341,348,387
HQ24_RS03020,226,89,67,1065
yfjX,1,0,1,0
fabY,1212,898,673,1258
sgcR,222,161,167,56
yagG,226,114,180,93
hybO,144,152,147,256
rimI,337,259,262,244
rlmI,137,269,205,714
truB,775,361,401,1768
ybiX,68,37,42,303
yiaT,237,195,263,25
ycjO,11,9,8,24
HQ24_RS22685,44,23,20,34
thiD,29,61,49,91
napB,10,2,5,48
paeA,613,558,460,846
yfeH,289,634,504,366
opgD,664,471,408,2938
lpxL,552,814,778,534
pspA,2715,17686,14787,418
yfbV,3830,3321,5973,496
rplL,3451,5303,4028,21909
smg,6988,6155,5981,1691
hisB,312,123,116,1327
rluB,506,757,456,1163
scpB,17,6,12,30
ybjO,91,37,37,89
dksA,13923,13925,19993,3167
rfbB,549,495,467,3693
yaaX,16,5,10,56
gltD,167,47,28,1436
yaiY,55,29,39,9
ycfH,6679,4066,6171,834
gluQRS,196,170,157,417
HQ24_RS14930,19,17,12,5
araD,92,176,137,1276
ylbE,34,19,11,27
ybaV,15,12,13,75
ynbA,8,7,5,12
gcvA,343,287,244,472
HQ24_RS15095,11,4,7,430
ileS,1833,1678,1482,8350
narH,1826,169,229,542
ybfD,14,4,3,7
tehA,399,238,211,261
casA,103,62,66,61
gnsA,22,24,29,13
nfuA,1915,4248,2987,1919
pgmB,5,1,1,6
yiiM,860,1236,1194,250
nfi,389,109,105,575
ispE,719,461,273,2144
mnmG,194,232,161,2428
mreD,193,99,125,754
hypT,141,87,91,219
eptC,166,82,100,1563
yhbY,283,199,145,1209
kdsA,909,1242,867,1467
sslE,481,322,301,350
rcsA,19,12,9,333
HQ24_RS03625,12,33,34,6
HQ24_RS22985,91,78,82,19
ddpC,193,34,46,715
ybjP,1394,3204,2737,258
atpG,467,239,229,18273
mrr,110,109,89,270
ybjM,118,237,138,68
fabA,1499,1408,1678,7360
yrfG,870,736,597,564
ttdR,17,24,21,22
rplX,1567,3109,1524,18028
HQ24_RS07030,50,64,63,139
pflD,58,49,51,91
sufS,2667,609,1432,692
yjaG,357,463,290,610
tatE,869,276,480,566
rspA,68,134,105,212
rhsA,242,174,190,142
mngB,215,198,161,156
ybjX,1225,457,561,1572
yghA,2407,3186,3267,133
HQ24_RS22040,50,26,27,25
yegX,29,22,37,37
xylB,1477,1159,1433,220
ygiV,239,130,137,165
ldhA,1309,1619,1301,594
malX,113,290,215,689
folM,704,1089,765,569
HQ24_RS08110,267,223,176,216
rlmA,183,88,83,1076
nudJ,79,40,28,164
ydiK,2174,2631,1803,851
bglJ,96,51,45,12
fepG,17,11,8,324
hflD,85,45,49,1032
yahD,97,52,63,35
sgcQ,1358,523,977,66
tesB,1320,2303,1888,332
rpsO,773,480,504,6778
rplN,1110,2108,979,12729
dsbB,134,142,94,505
fruA,6990,11452,11617,2143
pphC,16,9,11,16
yqiA,284,343,168,1100
rbbA,142,75,106,778
truC,137,153,70,524
lysP,1282,1104,947,1365
ypdI,7,6,8,0
yqaB,333,275,214,549
yfeR,197,142,165,85
cyaA,7666,10846,11120,3405
copD,139,60,91,299
HQ24_RS07495,122,53,61,47
lpxA,933,593,394,2732
yiaF,3215,2064,1950,2118
hokE,10,5,5,6
mdtJ,8,24,28,241
malS,170,121,152,176
HQ24_RS06990,82,53,84,19
yeiR,111,78,35,364
yqeC,223,152,141,112
psiE,28,16,16,20
atpC,451,307,201,9082
HQ24_RS06115,605,714,739,36
gudP,34,51,50,38
uxuA,366,1181,904,958
alaC,1211,3713,4207,972
ydeN,61,17,35,731
apaG,1028,394,556,419
mrcA,156,204,152,1518
pncB,659,649,514,3343
fabI,2093,5161,3511,4965
dhaM,216,88,152,532
mraY,392,68,93,1196
HQ24_RS26640,12,14,11,9
fsr,146,90,101,252
HQ24_RS01525,11,11,5,10
hybC,346,238,228,626
yfdK,40,31,26,17
fbaB,7866,7465,7279,4284
yjdN,9137,4740,5426,135
yaaU,16,4,12,28
ldtB,904,852,815,1229
rhaB,6,3,2,6
setC,27,14,16,15
znuA,438,699,588,1274
yccS,313,154,139,539
pncC,103,157,95,440
ubiD,1229,1773,1278,2895
maoP,719,549,313,745
HQ24_RS03440,11,9,13,179
curA,2780,3057,2767,548
dusC,104,95,84,286
aroM,871,326,305,545
yjhP,37,20,22,172
gloC,812,654,466,2898
ytfP,331,297,286,501
HQ24_RS03865,72,22,30,371
phoA,233,277,226,1222
pyrB,5,7,3,1507
ycaI,183,156,137,128
yidL,56,56,67,41
nimR,172,175,151,107
yedA,57,62,40,211
yphC,225,52,70,135
baeR,469,441,423,192
bcsQ,521,248,185,365
yafD,3663,4929,4792,486
yejL,345,684,545,323
ebgC,127,77,118,56
fliH,15,11,9,5071
csiD,3521,2044,3839,300
ybjS,118,40,43,551
pdxB,900,1305,934,1554
fruK,2898,4184,4065,914
kefC,605,514,389,525
