,EXP_biorep_t0A,adam_matrix,sample_13a,sample_15a,sample_13b,sample_15b
aaea,8,9,20,36,24,46
aaeb,6,18,17,31,23,43
aaer,5,30,26,73,7,22
aaex,1,15,1,1,2,1
aas,7,35,23,43,45,120
aat,1,47,7,27,24,27
abgb,6,19,3,12,5,14
abgr,16,16,15,50,12,29
abgt,1,11,9,21,2,12
abpa,3,28,12,29,69,102
abpb,11,19,19,36,107,129
abrb,0,12,2,4,17,17
acca,140,581,137,335,27,48
accb,202,812,20,59,5,20
accc,234,1329,176,331,19,48
accd,19,668,43,70,22,36
acea,1231,1025,26,61,5,20
aceb,513,655,98,184,18,36
acee,105,1684,40,85,15,44
acef,168,2734,15,36,8,28
acek,28,57,4,11,2,10
acka,32,153,24,76,8,21
acna,24,144,142,266,13,36
acnb,75,920,34,77,4,12
acpp,601,3005,318,603,35,65
acps,3,12,1,1,11,8
acra,9,178,51,75,21,21
acrb,0,18,4,3,2,1
acrd,1,16,5,19,2,11
acre,14,80,11,38,2,14
acrf,2,13,7,52,8,24
acrr,23,55,18,55,18,39
acrz,7,80,12,12,6,24
acs,128,125,69,123,41,48
actp,22,26,6,15,23,22
acts,23,31,24,76,11,50
add,2,16,13,25,1,4
aded,1,10,11,31,2,19
adep,1,103,0,5,11,16
adeq,5,19,15,23,40,49
adhe,69,537,294,374,164,204
adhp,21,415,177,410,91,151
adia,6,14,8,31,71,69
adic,0,5,5,12,23,18
adiy,1,5,8,36,47,53
adk,3,338,2,3,0,1
aega,7,15,8,21,57,73
aer,0,34,4,4,0,4
aes,3,10,6,8,26,24
afub,1,15,1,11,18,21
afuc,1,4,4,20,29,13
agab,1,7,19,40,5,19
agac,0,14,7,14,1,7
agai,1,4,7,19,2,10
agar,1,77,2,2,3,4
agav,0,8,5,8,3,5
agaw,1,4,0,0,1,0
agp,32,46,44,71,9,52
ahpc,538,1281,73,122,24,39
ahpf,9,234,21,65,3,19
ahr,6,61,74,162,31,51
aidb,2,62,31,71,3,15
ais,2,10,11,26,82,80
alaa,59,59,36,115,5,26
alac,0,32,5,2,10,14
alae,0,13,10,32,11,42
alas,95,610,32,106,45,78
alat,3,135,252,484,22,49
alda,851,300,85,146,32,89
aldb,0,15,5,6,9,12
alkb,2,21,25,38,62,72
alla,2,17,2,9,3,13
allb,3,9,10,32,6,26
allc,5,15,16,27,58,66
alle,1,8,19,35,55,65
allr,31,175,88,224,39,90
alls,0,6,4,12,33,21
alr,2,102,15,25,4,23
alsa,2,4,12,25,83,60
alsc,2,10,2,7,15,18
alse,0,5,2,8,30,19
alsk,3,20,4,13,18,17
alsr,6,18,14,28,104,81
alx,1,22,9,31,1,7
amia,31,76,64,180,16,48
amib,26,88,98,203,15,41
amic,0,57,5,3,7,14
amid,0,29,5,3,0,1
amn,11,116,16,32,2,18
ampc,2,18,18,49,67,70
ampd,1,41,0,1,1,0
ampe,5,87,11,38,5,27
ampg,13,41,10,13,39,48
amph,5,32,2,6,14,16
amya,74,140,104,196,14,43
anmk,1,36,8,18,20,33
ansa,19,186,17,46,3,16
ansb,5,21,32,47,12,29
ansp,0,23,5,14,25,16
apag,9,71,50,136,21,35
apah,6,194,16,27,7,17
apha,195,29,34,63,9,42
appa,7,15,18,39,3,15
appb,1,11,2,4,1,3
appc,1,18,1,13,8,10
appy,0,21,0,3,3,3
apt,1,132,2,2,0,0
aqpz,0,24,13,26,27,34
arab,0,5,2,3,9,2
arae,0,13,0,1,5,13
araf,20,20,49,78,136,142
arag,7,21,31,51,118,147
arah,4,27,4,19,41,48
araj,2,13,9,28,36,57
arca,70,781,260,518,54,82
arcb,16,61,11,46,17,38
arfa,36,32,53,142,21,36
arfb,0,5,3,9,1,1
arga,5,194,10,32,7,25
argb,1,313,3,6,2,7
argc,3,209,5,17,6,19
argd,23,266,22,64,15,40
arge,5,343,11,34,27,38
argf,1,237,2,7,6,7
argg,11,1280,74,175,14,32
argh,7,259,14,34,4,8
argi,4,266,8,14,17,27
argk,1,6,0,0,1,3
argo,2,17,15,61,5,4
argp,0,72,4,1,1,7
argr,27,173,28,107,7,21
args,20,158,5,34,8,7
argt,21,131,42,33,47,74
arir,1,15,164,317,10,13
arna,5,33,16,35,6,26
arnb,2,36,17,60,4,19
arnc,1,18,4,30,2,20
arnd,1,17,11,25,3,15
arne,0,19,4,0,1,3
arnf,1,32,8,11,4,10
arnt,4,13,14,39,7,37
aroa,18,445,14,47,14,39
arob,18,447,22,42,12,8
aroc,1,296,3,1,6,7
arod,12,67,10,24,2,12
aroe,6,114,25,112,29,33
arof,5,106,27,49,40,89
arog,24,602,33,40,8,15
aroh,39,143,43,76,6,31
arok,80,663,30,108,90,25
arol,0,51,0,0,0,0
arom,18,116,35,133,21,46
arop,23,325,68,157,77,89
arpa,1,9,5,21,72,64
arpb,3,40,18,52,9,57
arsb,1,37,4,12,2,7
arsc,0,22,5,7,2,6
arti,65,118,70,169,47,66
artj,8,461,12,37,61,69
artm,11,76,29,57,26,49
artp,2,37,10,4,14,6
artq,12,97,31,55,11,33
ascb,2,30,22,46,7,22
ascf,0,7,9,16,1,8
ascg,11,31,12,9,22,28
asd,47,679,29,63,35,29
asla,0,11,27,50,68,59
aslb,5,19,11,31,8,26
asma,18,72,36,78,97,142
asna,4,551,6,8,4,8
asnb,20,226,23,45,76,80
asnc,0,24,8,18,10,11
asns,8,632,4,4,8,7
aspa,425,30,17,44,76,101
aspc,161,1231,32,61,71,60
asps,38,324,32,104,62,89
asr,1,11,2,3,0,6
asta,0,7,3,14,11,21
astb,15,11,16,26,61,126
astc,5,33,35,74,34,47
astd,3,45,2,1,19,13
aste,2,30,5,9,24,20
atoa,0,22,4,1,0,4
atob,3,5,9,16,5,9
atoc,5,13,7,27,9,23
atoe,1,22,4,12,2,8
atos,10,9,14,39,8,43
atpa,618,2177,29,82,16,44
atpb,4,755,4,2,5,2
atpc,1,486,1,2,6,4
atpd,45,1715,9,28,31,23
atpe,50,1468,12,19,8,5
atpf,0,19,1,0,1,2
atpg,112,1765,9,18,6,20
atph,387,1746,26,54,28,47
avta,8,273,20,60,7,13
azor,6,41,3,7,37,27
baer,0,4,0,8,2,0
baes,9,18,6,24,8,23
bama,65,211,54,148,6,18
bamb,30,158,52,150,28,47
bamc,70,350,40,111,34,82
bamd,36,140,25,39,1,13
bame,7,63,48,64,11,12
bara,25,35,12,43,5,29
basr,17,30,48,66,37,42
bass,3,26,14,39,29,26
bax,169,323,35,107,43,77
bcp,35,344,30,62,5,18
bcr,1,19,8,16,22,40
bcsb,2,24,5,13,26,30
bcse,4,76,10,22,12,23
bcsf,0,43,0,4,1,1
bcsg,12,88,23,32,12,28
bcsq,1,20,12,22,17,27
bcsz,0,31,6,3,13,17
bdca,0,14,2,11,10,24
bdcr,5,64,11,25,3,10
bdm,2,41,21,56,60,96
bepa,8,62,29,47,12,11
beta,0,23,14,43,46,45
bett,4,25,30,55,6,27
bfd,0,49,4,6,7,2
bfr,18,181,211,291,63,68
bgla,47,186,39,107,13,27
bglb,1,8,8,18,43,48
bglf,4,11,6,24,40,56
bglg,4,16,5,21,50,47
bglh,2,12,11,25,51,56
bglj,3,6,7,10,4,21
bglx,13,25,35,88,99,127
bida,0,19,1,0,8,8
bioa,4,48,11,38,16,22
bioc,2,36,6,14,3,7
biod,15,96,12,25,3,22
biof,1,141,3,10,1,4
bioh,1,132,2,9,14,11
biop,0,13,3,2,1,0
bipa,110,487,126,382,23,56
bira,14,89,18,77,6,29
bisc,4,35,8,14,20,15
blc,0,96,80,134,28,30
blr,4,17,6,14,0,2
bluf,5,56,14,51,47,80
blur,38,143,207,528,77,90
bola,16,175,269,452,86,128
brnq,0,13,4,0,0,5
bsma,7,26,72,115,33,44
bssr,1,18,157,223,129,277
bsss,1,16,80,126,49,91
btsr,42,24,24,67,104,158
btss,9,9,14,31,78,101
btst,0,16,3,3,16,18
btub,40,122,11,44,8,26
btuc,0,47,5,7,15,22
btud,1,26,8,32,9,25
btue,5,85,45,75,30,46
btuf,0,23,0,4,27,18
btur,21,47,7,21,17,37
cada,0,8,10,14,58,42
cadc,1,15,11,42,70,71
caia,1,6,5,9,7,19
caib,1,14,19,31,41,64
caic,7,17,12,34,85,83
caie,4,7,6,15,24,16
caif,24,88,20,38,4,35
cait,3,7,11,22,36,51
can,10,583,7,5,7,13
cara,26,1600,2,2,1,4
carb,29,995,6,10,2,15
cas1,11,32,18,74,91,148
cas2,5,16,9,25,32,57
cas3,6,19,23,44,121,128
casa,9,25,36,80,87,150
casb,6,15,23,52,41,105
casc,2,11,20,34,72,121
casd,2,11,13,46,57,119
case,6,23,21,50,87,141
cbl,8,39,33,119,110,133
cbpa,2,30,78,167,40,38
cbpm,3,80,40,98,14,20
cbra,1,8,2,14,3,15
cbrb,2,11,4,24,4,14
cbrc,6,28,9,54,7,24
cca,6,60,24,52,2,9
ccma,0,19,2,12,12,33
ccme,0,16,6,11,38,49
ccmf,0,5,1,0,12,6
ccmg,4,8,6,28,76,133
ccmh,0,15,0,5,22,33
ccp,7,18,22,42,47,75
cdar,3,31,2,13,2,2
cdd,115,22,56,96,13,15
cdgi,0,18,15,36,5,31
cdh,28,41,28,74,15,45
cdsa,21,253,19,27,1,9
cecr,0,26,4,1,4,3
ceda,0,11,2,1,8,8
cfa,12,119,283,522,41,91
chaa,4,39,27,63,57,64
chab,0,18,10,24,4,11
chac,3,50,70,148,14,12
chba,1,8,1,8,9,14
chbb,0,6,9,30,36,37
chbc,13,19,65,135,121,180
chbf,3,14,13,50,82,128
chbg,4,23,4,8,23,17
chbr,4,13,32,77,121,151
chea,425,356,113,315,98,115
cheb,107,52,30,59,88,115
cher,0,39,1,0,5,4
chew,234,246,11,45,32,32
chey,3,137,1,2,4,8
chez,101,100,13,22,46,52
chia,4,16,21,58,25,54
chip,2,11,6,13,2,12
chiq,0,16,8,5,2,5
cho,9,15,47,96,4,28
cira,66,66,40,118,120,145
citc,3,7,13,27,63,82
cite,0,8,2,2,6,10
citx,0,4,0,2,5,7
clca,11,29,72,140,14,22
clcb,2,12,7,8,2,6
clpa,90,337,290,563,41,104
clpb,69,100,337,585,109,174
clpp,1,327,71,36,4,7
clps,0,69,4,8,0,4
clpx,163,638,948,1466,138,248
clsa,27,64,126,191,85,107
clsb,5,40,37,80,36,37
clsc,11,26,26,54,6,16
cmk,94,467,59,188,9,11
cmoa,7,65,17,32,1,7
cmob,8,79,28,60,2,8
cmom,11,113,6,31,4,14
cmta,8,19,7,16,12,25
cmtb,1,14,6,9,8,13
cnox,2,199,2,1,7,6
coaa,27,33,17,45,52,62
coad,2,12,34,70,3,9
coae,17,56,27,46,27,34
cobb,13,167,15,30,1,19
cobc,3,23,5,16,25,25
cobs,1,39,10,22,21,20
cobt,1,20,3,6,22,25
cobu,2,42,27,42,61,85
codb,19,251,1,8,3,11
cof,3,46,14,43,11,27
comr,7,28,10,32,24,26
copa,1,21,16,35,30,23
cora,11,68,80,158,12,15
cpda,1,104,1,1,0,1
cpdb,9,17,14,10,41,51
cpob,72,315,46,130,8,28
cpsb,0,14,1,2,17,19
cpsg,1,13,9,21,70,93
cpxa,27,135,26,65,28,54
cpxp,8,35,38,36,12,20
cpxr,29,145,61,125,18,33
cra,10,128,10,20,3,7
crcb,1,28,29,41,29,38
crea,1,78,2,1,4,6
creb,1,41,0,0,1,3
crec,17,49,22,57,6,27
cred,8,21,6,34,8,32
crl,27,191,18,24,3,5
crp,50,315,48,97,13,25
crr,212,2383,623,1212,142,249
csde,3,41,4,4,3,4
csga,0,32,5,7,3,2
csgb,1,27,7,18,1,12
csgc,20,28,7,12,8,13
csgd,2,114,30,58,71,98
csge,1,29,6,13,32,33
csgf,2,56,25,31,50,58
csgg,3,79,11,17,57,38
csie,20,30,104,173,68,149
cspa,155,438,136,397,20,36
cspb,0,30,4,8,8,11
cspc,11,377,11,5,14,11
cspd,29,81,31,43,28,47
cspe,167,1448,54,65,256,273
cspg,2,28,9,41,3,18
cspi,0,24,6,15,31,60
csqr,55,54,2,21,4,10
csra,4,131,58,103,29,57
csrd,12,38,29,84,30,51
csta,195,75,59,111,22,29
cueo,11,64,26,73,9,23
cura,8,121,70,153,7,31
cusa,3,11,7,16,4,11
cusb,2,12,3,8,1,7
cusc,3,18,14,20,7,28
cusf,2,33,2,22,11,11
cusr,13,8,23,48,39,38
cuss,3,27,8,14,27,38
cuta,0,73,1,10,11,9
cutc,3,42,11,37,56,68
cvpa,24,358,10,33,37,32
cvra,44,43,25,51,53,78
cyaa,17,78,61,98,7,20
cyay,1,19,2,0,3,5
cybb,5,98,12,22,2,8
cybc,0,29,18,9,1,9
cyca,66,178,36,89,8,18
cyda,4,75,23,27,5,8
cydb,7,144,24,45,8,18
cydc,12,34,4,22,34,54
cydd,16,74,20,71,78,98
cydx,0,11,2,0,0,4
cynr,1,14,6,20,28,40
cyns,11,23,6,21,5,19
cynt,4,10,1,8,0,2
cynx,9,16,11,21,4,9
cyoa,384,1224,35,81,36,54
cyob,93,465,27,54,40,59
cyoc,39,1184,11,23,21,26
cyod,14,228,4,3,7,13
cyoe,12,1382,7,3,10,9
cysa,1,115,15,22,13,24
cysb,30,137,75,217,19,28
cysc,5,60,10,35,12,21
cysd,44,379,82,246,36,74
cyse,1,130,0,0,0,3
cysg,1,41,9,18,5,6
cysh,34,361,36,55,40,93
cysi,19,150,17,30,31,56
cysj,11,177,12,42,21,33
cysk,567,1317,223,759,14,41
cysm,3,210,5,6,18,13
cysn,7,360,72,239,29,68
cysq,0,119,27,13,10,12
cyss,6,111,10,31,2,5
cysu,11,69,21,70,19,25
cysw,0,33,6,6,12,9
cysz,2,39,1,5,4,13
cytr,28,60,18,46,60,66
cyua,3,17,5,9,11,14
cyup,4,29,4,29,25,47
daca,26,143,27,59,47,65
dacb,21,70,24,92,7,28
dacc,29,116,292,531,23,41
dacd,7,24,22,39,89,149
dada,7,56,7,5,5,9
dadx,2,40,4,3,2,5
dam,13,104,8,12,3,16
damx,17,252,112,198,28,27
dapa,141,552,78,204,89,131
dapb,16,233,6,18,1,12
dapd,26,455,24,26,10,23
dape,7,62,38,66,4,18
dapf,3,113,3,3,1,2
dbpa,2,15,27,70,8,16
dcd,3,22,12,32,26,25
dcm,0,35,8,8,25,30
dcp,17,39,30,51,71,75
dcrb,11,55,22,46,6,13
dcta,326,74,29,63,77,109
dctr,5,29,9,36,9,16
dcua,4,83,34,45,25,37
dcub,1,7,1,9,23,20
dcuc,1,7,14,18,44,50
dcud,4,7,12,40,5,29
dcur,29,49,6,20,36,32
dcus,12,9,12,25,32,47
dcyd,13,161,105,208,68,80
ddla,4,51,19,46,52,75
ddlb,15,143,19,42,5,8
ddpa,3,7,7,19,116,117
ddpc,1,8,3,3,6,17
ddpf,1,24,6,14,27,34
ddpx,3,29,25,45,37,55
dead,42,923,229,533,28,54
deda,8,96,47,82,50,123
dedd,7,18,11,52,32,37
def,30,164,93,168,22,58
degp,40,95,75,150,8,38
degq,5,69,52,128,7,29
degs,2,50,15,36,10,23
deoa,163,51,28,60,8,22
deob,122,468,80,125,23,40
deoc,23,41,20,20,5,12
deod,34,121,32,65,3,18
deor,6,16,1,10,11,20
der,9,234,57,102,44,48
dfp,15,213,5,23,4,21
dgcc,2,13,1,12,1,5
dgce,9,27,5,28,2,33
dgcf,1,23,6,9,34,43
dgci,3,22,3,29,9,28
dgcj,3,12,20,48,12,22
dgcm,1,58,17,33,32,52
dgcn,1,12,4,17,1,13
dgcp,16,72,12,31,3,16
dgcq,5,32,47,111,75,99
dgct,5,14,6,25,9,25
dgcz,7,24,42,113,77,113
dgod,7,15,20,47,72,63
dgok,4,18,12,16,29,20
dgot,0,8,1,5,6,12
dgt,9,48,14,32,10,22
dhak,7,83,0,24,33,44
dhal,0,42,3,20,27,19
dham,9,82,11,28,69,104
dhar,6,16,68,122,8,20
diaa,47,81,17,45,7,23
dica,2,54,1,2,0,6
dicb,0,4,0,1,1,8
dicc,0,11,18,34,33,43
digh,7,27,11,30,48,72
dinb,0,17,1,1,0,3
dind,19,7,17,59,12,25
dinf,5,23,27,101,3,13
ding,8,38,29,66,8,22
dini,0,76,9,12,18,22
dinj,2,58,15,15,17,19
djlb,14,30,12,32,5,38
djlc,7,4,13,28,1,14
dkga,0,137,81,146,17,43
dkgb,18,31,10,41,15,33
dksa,11,350,73,35,13,23
dld,30,115,18,43,3,21
dmlr,9,26,30,50,52,70
dmsa,1,8,8,24,4,18
dmsb,3,37,17,65,6,40
dmsd,5,44,13,32,5,16
dnaa,126,304,68,190,66,66
dnab,15,187,6,10,8,16
dnac,10,36,17,60,32,43
dnae,29,77,32,91,11,42
dnag,55,289,62,131,10,35
dnaj,107,204,118,226,6,10
dnak,223,696,761,1047,52,100
dnan,23,200,26,60,12,29
dnaq,13,115,23,62,3,21
dnat,0,7,7,17,18,23
dnax,30,221,17,33,6,35
dolp,16,116,21,30,2,5
dosc,6,55,106,215,168,170
dosp,1,22,21,45,113,143
dpaa,27,105,28,66,47,65
dpia,5,21,10,28,9,22
dpib,6,10,11,30,12,19
dppa,216,1044,66,79,43,50
dppb,0,140,2,0,4,6
dppc,4,87,2,7,13,19
dppd,15,39,5,10,9,16
dppf,4,18,1,5,9,13
dps,5,576,149,209,40,49
drpb,0,36,83,126,37,73
dsba,34,154,17,40,11,8
dsbb,1,68,16,44,28,28
dsbc,34,103,33,114,20,44
dsbd,6,43,8,23,26,32
dsbg,12,73,54,88,89,108
dsda,2,23,28,53,11,31
dsdx,6,32,24,64,111,151
dtd,5,16,9,11,2,5
dtpa,131,27,33,90,8,18
dtpb,4,7,32,64,10,30
dtpc,1,22,12,25,45,57
dtpd,7,64,27,55,93,93
dusa,24,91,20,70,3,23
dusb,41,423,14,36,4,12
dusc,3,47,7,8,28,43
dut,0,92,1,1,1,0
dxr,0,56,11,23,1,4
dxs,2,82,5,5,7,14
eama,11,78,29,62,107,108
eamb,4,4,6,9,5,9
ebga,5,5,15,29,8,24
ebgc,1,4,7,14,7,8
ebgr,2,27,16,21,5,13
ecna,6,11,5,23,0,6
ecnb,4,361,39,53,11,8
eco,0,22,3,1,0,2
ecpa,2,24,6,13,9,24
ecpc,1,7,17,34,74,100
ecpd,1,4,9,8,49,46
ecpe,5,21,17,41,44,73
eda,0,244,2,3,8,4
edd,4,293,18,44,111,146
efeb,2,25,0,8,3,4
efeo,10,63,3,7,2,18
efeu,0,72,2,1,2,1
efp,25,569,19,25,6,9
elaa,1,86,34,26,56,62
elab,5,808,90,124,38,47
elad,3,6,13,29,8,12
elbb,30,50,15,42,16,29
elfa,7,21,21,38,15,23
elfc,2,16,8,20,7,20
elfd,9,12,10,30,4,35
elfg,7,39,9,33,11,35
elyc,1,21,10,26,36,40
emra,3,94,5,16,1,8
emrb,0,34,1,3,0,6
emrd,0,15,5,0,0,2
emre,8,29,9,18,8,12
emrk,9,13,20,59,90,130
emry,0,18,15,28,69,93
emta,6,67,31,43,7,19
eno,294,1777,326,614,141,265
enta,6,81,4,9,2,3
entb,0,37,4,10,4,8
entc,2,16,0,2,0,1
entd,5,28,14,35,32,53
ente,0,25,3,2,7,6
entf,5,51,8,10,8,7
enth,1,5,0,5,1,1
ents,1,30,5,8,1,1
envr,9,13,15,43,37,64
envy,3,15,12,22,58,60
envz,5,18,19,57,8,12
epd,22,165,40,77,13,24
epma,1,54,11,14,6,9
epmb,7,60,15,39,35,33
epmc,3,94,0,3,32,46
epta,6,9,3,16,55,40
eptb,24,14,13,36,42,42
eptc,17,65,12,30,53,50
era,26,96,77,188,75,116
erpa,33,110,41,70,16,34
essd,1,11,6,10,3,14
etk,1,11,9,43,62,80
etp,0,11,1,14,27,44
etta,135,472,142,339,59,66
euta,8,25,3,17,29,38
eutb,3,13,5,10,10,19
eutc,0,5,2,2,7,9
eute,1,10,9,8,38,54
euth,2,6,10,5,36,55
eutp,0,19,2,1,16,16
eutr,1,8,0,2,18,23
euts,2,28,6,8,12,32
evga,5,52,35,88,7,15
evgs,4,39,8,25,7,16
exbb,23,28,62,134,12,36
exbd,20,274,50,126,10,17
exox,6,80,16,55,5,20
exur,9,65,40,103,9,18
exut,6,16,19,52,10,24
faba,33,994,36,84,24,23
fabb,48,415,95,209,29,59
fabd,29,396,17,41,0,3
fabf,145,799,225,624,17,36
fabh,15,570,16,36,1,4
fabi,5,267,13,27,13,11
fabr,16,134,8,14,3,6
faby,32,214,28,65,10,23
fabz,141,191,37,115,7,21
fada,27,42,16,10,8,11
fadb,10,31,15,37,16,12
fadd,4,12,89,124,87,151
fade,15,12,159,273,56,81
fadh,0,9,20,24,0,12
fadi,2,24,25,27,14,24
fadj,28,10,76,167,80,133
fadk,2,4,15,29,10,42
fadl,84,189,169,259,20,32
fadm,1,9,69,123,2,7
fadr,23,106,17,47,8,19
fau,0,13,0,4,0,2
fbaa,118,2237,105,186,26,47
fbab,12,212,376,692,166,222
fbp,19,105,21,32,24,34
fcl,0,7,0,1,4,5
fdhd,9,34,19,52,9,23
fdhe,35,67,8,27,16,11
fdhf,3,7,21,61,48,62
fdng,8,14,14,54,8,45
fdnh,0,5,2,3,1,1
fdni,8,9,13,31,5,20
fdog,175,40,337,548,137,184
fdoh,19,11,25,40,12,23
fdoi,183,29,38,56,21,38
fdra,1,13,9,27,4,21
fdx,0,192,6,0,13,5
feab,0,9,3,14,2,4
fear,78,22,23,60,118,145
feca,4,12,4,6,34,37
fecc,0,11,1,1,6,6
fece,0,18,3,15,17,25
feoa,1,20,1,1,0,2
feob,1,18,26,54,6,11
feoc,0,12,1,0,0,2
fepa,17,31,32,101,79,76
fepb,1,12,7,15,19,31
fepc,14,39,8,21,26,46
fepd,0,17,1,2,11,18
fepe,7,14,5,37,4,30
fes,5,36,4,12,3,10
feta,16,46,13,59,17,41
fetb,5,17,7,22,5,13
ffh,49,184,59,118,58,78
fhla,5,35,14,44,8,31
fhua,71,210,38,93,13,43
fhub,11,50,6,12,5,4
fhuc,2,117,1,0,2,1
fhud,10,43,6,14,3,15
fhue,3,18,26,59,55,82
fhuf,0,262,8,9,3,1
fic,0,69,26,25,9,9
fief,9,126,16,42,7,9
fima,161,1093,35,67,5,43
fimb,17,85,9,36,3,13
fimc,23,85,18,46,10,39
fime,6,24,9,20,1,9
fimf,0,4,2,0,1,4
fimh,26,50,20,38,8,12
fimi,29,275,10,43,7,32
fis,123,866,40,177,9,25
fiu,13,96,10,36,70,81
fixa,1,15,5,14,4,13
fixb,0,4,0,1,1,1
fixc,10,11,5,21,5,30
fixx,5,23,6,17,5,12
fklb,3,89,3,1,0,2
fkpa,195,531,64,200,54,84
fkpb,4,49,8,26,1,6
flda,145,226,22,71,24,51
fldb,0,16,1,0,0,5
flga,112,141,3,9,21,24
flgb,317,77,8,13,3,16
flgc,170,322,1,8,0,9
flgd,8,510,2,0,1,2
flge,357,409,6,22,4,11
flgf,587,309,9,34,7,26
flgg,101,247,4,10,2,5
flgh,131,228,6,21,2,22
flgi,0,128,2,2,2,3
flgj,27,99,13,11,4,28
flgk,154,172,85,232,10,13
flgl,57,229,20,53,3,8
flgm,134,75,19,38,17,21
flgn,92,142,27,69,17,28
flha,35,33,8,23,40,39
flhb,6,23,4,3,24,23
flhc,55,96,11,54,77,80
flhd,2,113,3,1,10,6
flhe,1,29,0,1,3,2
flia,110,120,53,123,65,72
flic,3072,1211,124,321,115,126
flid,364,186,19,56,17,21
flie,2,49,1,0,11,6
flif,37,65,6,1,1,3
flig,107,103,6,20,3,14
flih,97,66,4,12,2,16
flii,1,44,0,1,1,4
flij,33,43,3,7,2,11
flik,14,74,0,2,0,5
flil,11,154,0,3,3,11
flim,75,201,4,9,1,11
flin,33,74,6,14,1,6
flio,2,58,1,1,1,4
flip,14,35,2,12,2,10
fliq,9,28,0,1,1,1
flir,10,9,9,19,5,24
flis,134,127,4,21,4,7
flit,31,92,1,2,3,6
fliz,160,104,26,80,45,80
flk,3,44,1,11,3,4
flu,3,274,5,8,2,6
flxa,27,36,36,61,7,6
fmt,2,235,7,6,3,4
fnr,4,248,0,1,1,1
foca,10,36,29,40,17,22
focb,0,23,0,1,0,5
fola,20,10,7,26,4,15
folb,1,11,0,1,3,2
folc,10,68,15,45,49,60
fold,8,118,7,11,11,9
fole,12,183,25,72,59,95
folk,26,51,11,42,47,44
folm,10,39,31,88,7,30
folp,1,55,4,25,5,7
folx,0,197,45,78,5,15
frc,5,12,23,60,115,172
frda,3,20,14,44,11,21
frdb,3,45,25,48,20,20
frdc,6,6,9,33,8,13
frdd,0,4,3,1,0,2
fre,8,197,16,25,5,6
frla,0,6,0,14,2,6
frlb,1,6,5,15,3,10
frlc,0,9,1,18,6,10
frlr,2,46,10,22,2,15
frma,29,196,75,178,20,51
frmb,12,131,45,100,55,91
frmr,0,47,5,3,5,5
frr,236,1689,173,380,24,39
frsa,9,39,12,31,4,8
frua,9,86,115,223,53,73
frub,10,110,13,34,20,23
fruk,1,66,12,26,15,37
frvb,1,5,2,0,6,4
frvr,1,12,12,18,47,46
frwb,2,4,7,2,3,5
frya,6,9,5,22,34,71
fryb,2,30,11,12,52,63
fryc,0,22,4,7,24,37
fsaa,0,14,0,8,1,5
fsr,11,60,16,30,77,84
ftna,66,212,34,118,22,51
ftnb,35,44,79,245,21,51
ftp,3,36,14,47,43,60
ftsa,77,350,113,246,19,38
ftse,3,32,1,1,2,2
ftsh,246,782,968,2110,134,168
ftsi,13,40,12,31,3,14
ftsk,36,82,93,183,7,40
ftsn,0,88,1,0,1,2
ftsp,2,17,6,7,1,3
ftsq,1,75,10,4,1,3
ftsw,9,55,8,19,2,6
ftsx,22,89,35,104,19,27
ftsy,18,49,4,20,13,16
ftsz,11,393,11,26,5,4
fuca,4,15,10,23,26,51
fuci,0,11,3,5,1,7
fuck,4,20,14,39,3,21
fuco,2,17,0,1,11,17
fucp,2,13,9,23,6,24
fucr,19,36,25,51,6,30
fucu,4,14,17,54,6,19
fuma,134,158,56,120,138,154
fumb,0,11,0,4,22,17
fumc,39,240,29,52,58,66
fumd,10,23,24,45,39,47
fume,17,44,17,42,15,26
fur,121,127,56,114,41,71
fusa,729,2696,872,1522,125,179
fxsa,9,27,66,131,8,15
gabp,4,25,4,22,6,18
gabt,0,22,2,1,1,1
gada,0,195,4,9,22,28
gadb,2,73,51,90,80,100
gadc,0,106,14,65,82,97
gade,0,24,2,7,0,3
gadw,6,94,12,42,38,62
gadx,21,123,14,66,45,57
gale,20,46,9,11,17,26
galf,37,238,116,335,59,77
galp,0,21,106,198,7,17
galr,3,73,37,90,11,21
gals,8,19,18,34,124,126
galu,32,224,82,201,19,51
gapa,752,2991,586,1181,83,161
gapc,3,87,109,230,40,41
gard,5,16,37,61,15,63
gark,1,27,9,36,7,8
garl,1,14,3,8,6,10
garp,6,25,4,29,27,32
garr,3,11,2,7,8,14
gatb,438,391,16,33,63,83
gatc,284,144,24,50,67,102
gatd,265,191,37,62,118,158
gatr,10,111,9,18,53,69
gaty,23,393,6,3,29,21
gatz,1183,918,121,155,188,312
gcd,1,172,25,21,57,52
gcl,7,18,18,34,6,21
gcva,6,50,49,80,64,133
gcvh,168,110,4,20,4,8
gcvp,39,101,3,5,5,10
gcvr,55,541,31,114,10,23
gcvt,37,73,6,19,3,16
gdha,10,1062,18,33,3,12
gfcb,0,9,5,26,51,54
gfcd,0,6,11,12,60,71
gfce,6,7,13,27,61,67
ggt,8,142,21,47,22,33
ghos,0,22,10,19,2,10
ghot,0,18,1,0,0,1
ghra,16,156,38,94,9,23
ghrb,86,451,15,44,5,28
ghxp,22,444,1,3,1,3
ghxq,0,15,8,19,10,18
glah,41,38,259,329,43,72
glar,10,55,13,44,15,17
glcb,27,114,36,80,23,33
glcc,48,23,36,63,6,20
glcd,1,17,0,1,2,9
glce,0,22,1,7,6,6
glcf,6,38,8,17,4,8
glcg,1,18,1,1,1,2
glda,3,17,17,29,34,33
glf,44,185,24,95,139,144
glga,68,603,175,337,54,60
glgb,73,589,78,179,44,55
glgc,76,307,99,225,30,67
glgp,24,173,62,135,48,52
glgs,2,30,16,28,12,11
glgx,19,159,55,88,32,46
glk,13,102,32,59,31,70
glmm,36,288,48,131,14,35
glms,74,507,197,334,84,109
glmu,12,384,43,61,22,17
glna,20,1324,10,15,11,14
glnb,3,71,5,11,14,27
glnd,8,51,11,23,42,37
glne,17,147,14,43,15,34
glng,1,98,8,40,3,9
glnh,318,216,67,149,65,81
glnk,4,31,11,26,4,16
glnl,14,296,59,151,43,54
glnp,4,92,10,18,13,19
glnq,0,161,1,2,2,2
glns,127,283,54,145,17,40
gloa,1,71,5,19,0,2
glob,11,46,26,58,62,60
glpa,189,7,9,17,5,20
glpb,11,5,3,2,2,5
glpc,18,13,3,4,0,13
glpd,1710,36,137,401,27,48
glpe,0,6,4,1,2,3
glpf,456,21,28,57,38,41
glpg,0,53,2,1,2,9
glpk,1005,34,21,43,56,56
glpq,1191,18,40,75,84,131
glpr,36,104,5,17,16,22
glpt,554,15,21,45,79,124
glpx,10,13,1,1,3,5
glrk,1,20,5,18,53,82
glrr,14,54,26,62,49,102
glsa,5,76,7,20,3,18
glsb,6,51,9,23,56,49
glta,876,1174,376,523,159,208
gltb,27,1621,10,22,7,23
gltd,2,886,0,0,0,1
gltf,2,74,16,49,20,36
glti,41,222,25,37,64,81
gltj,4,42,4,14,28,30
gltk,7,90,5,6,20,37
gltl,1,9,2,2,8,3
gltp,1,31,9,26,3,8
glts,0,21,3,3,5,3
gltx,17,333,57,89,43,43
gluq,2,31,23,29,14,24
glvc,1,62,5,3,16,17
glvg,2,9,5,3,40,20
glxk,0,54,7,15,3,9
glxr,0,12,2,5,4,6
glya,8,935,4,22,26,34
glyq,0,21,3,3,2,3
glys,3,196,11,5,4,8
glyu,7,88,42,61,57,68
gmd,2,30,7,12,37,39
gmha,111,316,6,52,4,13
gmhb,13,68,6,13,1,9
gmk,29,266,35,106,6,19
gmm,0,5,5,6,47,45
gnd,266,1665,254,654,143,218
gnsb,4,40,2,6,10,12
gntk,2,141,9,22,10,24
gntp,4,10,20,42,53,61
gntr,4,73,3,17,7,12
gntt,1,152,6,6,3,2
gntu,3,167,1,17,9,17
gor,8,109,77,121,20,36
gph,13,143,7,21,12,17
gpma,37,746,53,110,55,59
gpmm,1,405,10,25,4,5
gpr,57,22,32,67,15,40
gpsa,32,227,14,19,4,14
gpt,1,82,44,110,29,61
grca,2,55,7,16,13,20
grea,5,174,17,30,5,12
greb,0,25,4,10,3,3
grol,553,434,328,731,24,31
gros,293,529,48,71,6,11
grpe,2,232,17,17,10,15
grxa,3,12,6,25,41,47
grxb,49,100,47,148,68,86
grxc,0,26,3,1,4,0
grxd,6,35,11,40,17,33
gsha,55,400,145,318,133,193
gshb,2,172,21,85,8,14
gsia,15,140,52,97,5,21
gsib,56,151,37,69,8,31
gsic,2,9,7,10,2,5
gsid,18,17,7,13,2,10
gsk,21,98,16,46,12,28
gspa,4,9,4,21,24,35
gspb,4,15,15,10,12,19
gspc,0,9,10,37,4,23
gspd,0,17,16,41,4,25
gspe,2,11,7,25,13,14
gsph,5,15,3,12,6,10
gspi,0,12,7,12,2,4
gspk,0,21,11,44,8,18
gspl,2,15,13,46,5,19
gspm,0,8,5,15,2,14
gspo,1,8,12,21,9,15
gss,11,72,20,59,16,42
gsta,10,31,31,38,4,5
gstb,20,247,14,31,15,37
guaa,31,151,31,67,26,49
guab,51,623,38,134,54,81
guac,66,308,23,62,11,32
guad,3,16,9,30,6,20
gudd,1,29,3,10,20,46
gudp,1,12,10,15,36,84
gudx,2,29,11,30,56,95
gutm,3,9,6,7,2,4
gutq,0,10,0,0,0,0
gyra,47,439,60,91,136,163
gyrb,72,347,105,192,85,101
hcad,0,9,3,8,1,7
hcae,0,9,4,5,0,4
hcaf,4,32,5,8,9,6
hcar,51,27,24,41,77,111
hcat,2,28,13,25,38,63
hcha,4,63,230,444,34,45
hcp,0,9,7,10,23,37
hcr,0,7,3,1,11,12
hcxa,0,44,2,2,17,23
hcxb,28,191,15,42,5,14
hda,0,45,0,0,6,5
hdea,1,378,11,14,17,13
hdeb,2,186,6,10,18,22
hded,2,66,7,11,6,5
hdfr,4,56,37,98,35,68
hdha,23,90,166,405,108,159
held,20,93,56,107,16,53
hema,0,79,7,4,4,4
hemb,2,191,9,19,28,30
hemc,1,223,1,15,16,18
hemf,2,17,0,8,1,3
hemg,10,73,8,30,4,7
hemh,18,32,84,184,11,26
heml,10,214,14,54,16,37
hemw,14,60,20,51,5,26
hemx,57,291,132,283,51,73
hemy,5,146,9,5,4,8
hflc,53,299,123,260,5,17
hfld,0,180,0,0,5,2
hflk,2,507,16,7,0,1
hflx,110,614,353,686,26,54
hfq,177,1051,325,605,31,28
hha,0,75,16,37,7,10
hicb,14,42,107,217,13,36
higb,9,10,14,33,9,44
hint,13,139,85,165,3,23
hipa,6,30,59,131,98,119
hipb,1,12,23,42,33,21
hisb,5,220,1,3,0,1
hisc,10,242,10,19,3,14
hisd,1,79,1,2,0,2
hisf,1,172,2,3,1,0
hisg,17,240,4,52,5,9
hisi,0,61,0,13,1,5
hisj,135,306,53,151,90,150
hisl,15,35,13,22,8,15
hism,12,78,3,21,39,64
hisp,0,94,2,0,7,10
hisq,5,143,7,13,27,26
hiss,19,285,17,51,20,40
hiuh,6,7,4,21,6,11
hlde,4,207,30,50,7,11
hlye,1,5,19,42,65,97
hmp,5,32,42,81,3,29
hns,326,2305,389,788,103,116
hofb,0,41,11,20,14,19
hofc,0,4,4,6,14,21
hofm,0,14,2,2,8,12
hofn,0,7,2,0,1,4
hofo,1,6,1,0,2,4
hofq,0,20,5,10,15,15
hokb,0,11,1,2,3,9
hokc,18,20,33,54,27,44
hoke,3,27,6,15,1,18
hola,0,175,4,7,10,11
holb,2,48,17,48,4,16
holc,3,326,12,15,7,9
hole,1,42,2,6,3,8
hpf,13,324,12,26,3,9
hprr,16,35,33,78,83,134
hprs,5,22,24,61,152,150
hpt,3,340,3,1,1,7
hrpa,12,32,32,52,15,30
hrpb,5,64,4,13,4,20
hsca,33,246,25,62,45,76
hscb,12,37,7,36,26,43
hscc,3,11,13,39,106,89
hsdm,10,60,12,29,45,40
hsdr,28,54,37,66,67,80
hsds,23,41,9,34,48,69
hslj,8,15,20,54,55,78
hslo,75,191,136,259,11,37
hslr,1,33,53,104,6,20
hslu,6,73,113,186,12,30
hslv,35,216,159,275,29,38
hspq,3,17,94,197,33,44
hsra,4,18,7,16,43,41
htpg,51,160,77,196,7,26
htpx,0,50,42,27,11,10
htrl,26,29,11,36,43,62
hupa,12,1560,10,1,1,4
hupb,1922,2439,86,254,7,36
hxpa,6,220,11,22,12,14
hxpb,2,56,5,22,1,6
hyaa,3,15,11,21,4,3
hyac,2,11,1,12,2,7
hyaf,3,8,1,3,1,6
hybb,7,22,4,20,8,13
hybc,10,28,19,58,18,24
hybd,0,30,4,13,1,5
hybe,0,13,1,8,1,2
hybf,3,18,8,8,3,10
hybg,1,13,3,0,1,3
hybo,7,21,8,28,10,23
hyca,0,14,3,13,25,27
hycb,0,6,9,12,29,52
hycc,2,21,9,19,42,67
hyce,1,9,8,10,39,56
hych,4,35,7,17,48,84
hyci,12,23,21,59,54,129
hyfa,0,4,1,4,6,3
hyfb,1,20,2,14,2,4
hyfc,0,8,5,11,2,14
hyfd,0,17,4,1,1,7
hyff,1,16,4,6,2,8
hyfg,0,11,2,5,4,3
hyfj,0,11,1,12,2,7
hyfr,1,7,5,17,3,16
hyi,7,17,25,69,9,48
hypb,0,17,2,13,11,11
hypd,0,10,4,11,0,3
hype,0,7,6,5,0,5
hypf,1,18,4,0,7,17
hypt,0,12,3,2,10,10
hyua,0,17,1,15,2,14
iaaa,1,88,11,8,1,0
iap,3,30,12,39,8,13
ibag,1,180,4,2,6,3
ibpa,13,44,36,96,21,27
ibpb,0,28,0,3,4,3
icd,875,2495,78,168,8,30
icdc,194,1644,26,52,5,15
idi,5,26,28,72,1,6
idnd,3,9,8,21,62,56
idnk,6,22,13,37,7,39
idno,8,8,11,27,74,79
idnr,4,27,10,25,60,56
idnt,9,25,15,32,54,57
igaa,21,24,13,37,10,25
ihfa,116,360,1050,2097,175,267
ihfb,23,533,112,210,8,21
iles,12,327,21,49,3,3
ilva,5,29,12,30,1,4
ilvb,269,184,11,40,24,40
ilvc,181,1739,15,38,2,22
ilvd,16,483,17,59,3,14
ilve,0,160,5,3,1,1
ilvg,6,266,38,58,1,4
ilvh,5,303,5,15,2,8
ilvi,21,432,13,25,11,26
ilvm,0,58,18,50,1,8
ilvn,91,108,11,14,15,19
inaa,9,88,21,38,55,72
infa,1,272,3,7,6,4
infb,187,564,395,807,63,83
infc,3,979,105,58,21,25
insc-2,11,207,96,139,83,95
insd-2,2,50,16,8,24,39
inse-4,37,61,72,185,42,92
insf-4,12,23,23,63,43,44
insg,4,27,17,35,60,71
insh-1,356,358,38,117,124,131
insh-6,43,156,19,40,109,73
insi-1,30,118,46,91,44,69
insj,2,23,11,69,5,38
insk,2,11,13,43,7,28
insl-3,61,164,74,175,13,23
insm,18,49,13,35,24,27
insn-2,6,18,11,26,13,13
inso,2,21,13,5,7,7
inso-1,0,14,5,8,2,3
inso-2,8,39,5,20,7,19
insq,10,31,22,58,9,23
insx,15,48,15,47,64,76
insz,2,41,3,10,13,22
inta,16,29,23,50,5,20
intb,3,23,26,67,8,32
intd,8,21,17,56,75,66
inte,0,13,3,18,1,5
intf,1,19,36,84,78,69
intg,0,14,14,26,4,14
intq,5,16,19,56,7,42
intr,1,7,22,52,70,116
ints,0,16,7,26,4,11
intz,0,21,5,16,2,8
ipra,0,11,6,14,4,11
irad,0,22,3,10,1,9
iram,2,8,1,7,7,12
irap,13,24,15,27,3,9
isca,21,440,88,189,37,53
iscr,19,531,108,232,40,53
iscs,1,507,14,32,10,10
iscu,218,444,98,241,44,67
iscx,2,53,10,33,22,22
ispa,1,142,0,4,4,3
ispb,23,125,38,112,4,23
ispd,11,68,15,44,18,35
ispe,13,52,43,114,38,42
ispf,13,199,7,17,19,30
ispg,12,93,28,65,10,20
isph,11,179,17,38,2,9
ispu,73,360,52,123,5,25
ivbl,73,40,17,42,27,37
ivy,8,81,24,70,4,23
kate,16,475,37,100,12,39
katg,161,279,30,71,9,31
kbay,0,28,6,6,4,8
kbaz,0,16,6,2,1,5
kbl,3,48,7,7,7,11
kbp,6,219,243,328,107,132
kch,0,17,20,52,69,80
kdgk,2,10,0,0,0,3
kdgr,23,103,9,16,41,48
kdpc,1,10,1,2,10,11
kdpd,2,19,24,62,42,75
kdsa,22,119,46,74,5,30
kdsb,2,104,2,12,3,5
kdsc,3,181,1,16,0,4
kdsd,9,163,22,55,5,11
kdud,1,28,4,13,21,23
kdui,4,25,15,38,91,123
kefb,10,52,19,41,32,52
kefc,2,21,10,27,2,6
keff,1,30,4,3,1,1
kefg,5,18,5,23,13,15
kgtp,281,634,458,833,124,245
kilr,1,4,5,9,11,20
kpta,5,30,8,23,11,18
kup,6,26,8,20,1,19
lafu,1,11,1,10,1,3
lamb,74,67,6,9,3,8
lapa,4,168,13,6,1,4
lapb,8,56,60,105,7,24
lapc,12,41,8,26,3,6
ldca,3,28,5,29,16,40
ldcc,3,18,28,64,9,16
ldha,16,53,42,104,91,111
ldta,5,45,141,243,106,126
ldtb,24,187,53,149,55,76
ldtc,21,22,38,120,33,43
ldtd,4,30,43,74,8,21
ldte,4,109,453,758,166,222
lepa,70,345,65,122,73,108
lepb,11,138,20,47,45,55
leta,5,15,32,78,11,12
letb,12,70,26,77,10,35
leua,128,528,15,38,40,62
leub,17,612,4,1,8,13
leuc,183,554,14,40,61,48
leud,16,109,0,4,3,5
leue,16,21,24,67,90,111
leul,1,105,1,4,6,4
leuo,5,15,12,33,5,23
leus,15,243,134,270,75,109
lexa,338,146,231,723,39,81
lfha,0,19,3,0,10,1
lgod,5,9,15,37,6,37
lgor,13,8,19,30,53,63
lgot,2,12,17,28,38,41
lgt,2,125,5,7,21,38
lhr,0,42,2,3,0,8
liga,51,34,146,207,145,141
ligb,3,17,10,17,25,23
lipa,2,165,2,2,6,1
lipb,0,39,9,43,34,37
lit,9,19,14,25,4,21
livf,0,96,2,3,5,3
livg,23,215,6,11,12,16
livh,15,364,9,12,19,21
livj,77,3560,33,98,49,43
livk,39,353,11,38,18,33
livm,0,54,0,1,6,2
lldd,16,54,13,42,2,15
lldp,0,21,12,29,6,8
lldr,0,26,3,2,0,2
lnt,0,31,0,1,4,2
loip,1,30,2,1,0,2
lola,41,265,37,67,27,51
lolb,13,256,49,94,42,34
lolc,4,52,7,12,1,9
lold,4,28,8,26,2,7
lole,9,77,17,30,4,5
lomr,1,6,4,16,3,33
lon,72,185,325,597,25,34
lpd,188,1877,20,64,8,21
lplt,21,39,31,76,36,88
lpoa,0,121,8,18,2,6
lpob,3,35,76,203,9,9
lpp,104,619,147,330,40,92
lpta,20,127,64,114,5,12
lptb,3,142,6,8,0,5
lptc,46,302,156,264,24,54
lptd,165,510,153,300,101,146
lpte,4,147,18,36,11,15
lptf,30,107,78,147,12,24
lptg,19,154,60,143,11,37
lpxa,31,276,36,62,4,14
lpxb,14,134,3,15,1,7
lpxc,63,255,132,332,38,118
lpxd,21,636,31,57,8,14
lpxk,10,19,15,34,2,7
lpxl,9,25,13,33,34,33
lpxm,2,57,32,61,69,68
lpxp,2,40,9,37,5,14
lpxt,7,59,17,35,1,24
lrha,69,54,92,248,129,154
lrp,97,974,118,315,80,113
lspa,18,84,29,62,6,18
lsrb,10,9,7,26,7,19
lsrc,1,11,0,0,0,4
lsrd,14,17,13,43,8,31
lsrf,17,14,20,37,10,41
lsrg,2,14,8,16,5,16
lsrk,8,22,33,92,102,128
lsrr,0,15,1,0,7,18
ltae,0,122,7,14,11,13
luxs,32,556,61,152,25,39
lysa,2,100,43,92,40,81
lysc,1,275,2,5,14,8
lyso,4,49,11,21,41,61
lysp,14,135,45,91,45,47
lysr,6,18,16,26,5,10
lyss,76,554,41,72,13,41
lysu,16,25,21,39,37,52
lyxk,0,6,4,8,2,14
maa,2,36,12,24,22,20
maca,5,43,8,36,6,10
macb,3,9,6,21,3,8
maea,89,223,52,96,107,112
maeb,125,125,76,95,80,149
mak,4,131,48,102,8,18
malf,11,29,7,15,28,34
malg,1,14,6,6,24,24
mali,1,30,0,6,7,6
malk,24,22,4,12,0,10
malm,11,45,6,3,2,5
malp,8,85,39,65,31,41
malq,12,74,12,34,19,14
malt,110,169,37,99,17,23
malx,10,10,10,29,5,9
maly,18,39,18,45,6,25
malz,13,24,16,49,7,32
mana,1,107,3,9,2,5
manx,7,240,33,58,12,12
many,93,717,62,133,23,62
manz,78,551,83,135,25,37
maop,4,106,4,3,2,7
map,9,253,9,21,8,16
mara,2,31,3,9,0,9
marb,0,17,1,2,0,3
marr,0,45,15,25,2,18
mata,3,21,11,27,82,70
matp,16,34,20,37,5,20
maze,14,55,28,75,37,47
mazf,3,132,7,5,6,4
mazg,4,50,29,82,20,32
mcbr,4,44,155,439,13,45
mcra,10,44,13,43,3,31
mcrb,13,15,6,17,55,66
mcrc,1,7,5,22,59,61
mdab,8,31,6,13,1,6
mdfa,2,14,7,28,0,5
mdh,265,1772,72,111,21,27
mdla,2,30,10,28,4,13
mdlb,2,16,5,10,1,1
mdta,4,10,13,13,2,8
mdtb,7,13,8,29,6,27
mdtc,1,10,8,16,2,17
mdtf,4,19,12,32,7,21
mdtg,2,20,11,25,42,41
mdti,2,13,12,52,26,46
mdtk,5,57,70,138,1,13
mdtl,0,26,5,14,1,10
mdtm,0,16,20,57,15,27
mdtn,0,4,3,1,15,5
mdto,5,12,5,20,38,39
mdtp,4,20,38,62,58,87
mdtq,0,22,11,39,62,126
mela,3,23,8,32,6,21
melb,9,11,15,33,3,33
melr,3,21,10,29,36,37
mena,3,90,18,28,31,44
menb,0,30,8,3,31,16
menc,9,85,8,16,11,15
mene,0,53,7,9,22,26
menf,2,81,7,3,10,9
menh,1,65,5,8,32,36
meni,63,172,10,44,61,77
mepa,0,100,1,0,9,13
meph,20,58,4,26,2,28
mepk,94,426,65,224,9,29
mepm,41,65,38,122,108,157
meta,6,35,10,26,5,22
metc,7,85,14,21,1,19
mete,53,1383,17,32,6,27
metf,5,67,7,18,11,15
metg,28,370,12,32,1,10
meth,48,126,6,28,5,23
meti,32,87,18,41,40,42
metj,0,70,5,1,4,4
metk,14,58,38,104,6,11
metl,2,32,1,0,1,1
metq,61,568,14,38,33,43
mfd,14,136,25,42,66,82
mgla,194,24,20,58,112,140
mglb,333,71,34,50,62,82
mglc,32,5,9,19,25,51
mgrb,4,43,2,4,21,17
mgta,64,112,21,64,11,39
mhpa,2,24,7,11,3,9
mhpc,1,7,2,7,4,6
mhpd,1,11,2,1,1,3
mhpf,7,29,7,9,4,22
mhpr,0,10,3,3,4,5
mhpt,0,8,1,0,0,2
miaa,49,128,37,115,3,9
miab,20,148,37,105,53,61
minc,1,314,3,3,5,6
mind,150,427,59,143,63,102
mine,0,120,0,0,1,3
mioc,3,138,5,6,9,9
mipa,29,642,30,60,54,64
mlaa,3,100,17,23,7,25
mlab,7,94,14,22,6,8
mlac,3,98,13,7,7,7
mlad,30,155,28,82,22,30
mlaf,0,43,4,5,3,1
mlc,21,47,32,64,65,97
mlic,4,10,8,22,52,64
mlra,1,4,28,34,5,7
mlta,2,67,11,22,36,56
mltb,11,60,40,100,11,23
mltc,17,79,14,37,4,26
mltd,97,613,19,57,39,43
mltf,2,22,20,42,11,32
mltg,23,35,63,94,9,37
mmup,4,27,10,29,3,15
mnat,4,14,8,21,23,26
mnga,2,7,5,12,6,13
mngb,4,23,16,35,6,30
mngr,5,18,37,46,73,104
mnma,5,76,6,32,30,36
mnmc,5,8,7,18,7,14
mnme,1,32,8,5,6,9
mnmg,44,268,29,78,37,46
mnth,9,49,240,634,58,101
mntp,4,7,1,14,1,6
mntr,1,36,0,2,0,5
moaa,12,132,55,100,5,28
moab,0,53,11,17,1,1
moac,0,36,2,1,0,1
moae,0,57,3,2,1,3
moba,1,36,8,27,25,37
mobb,5,32,10,44,41,49
moca,6,22,55,131,20,36
moda,283,132,84,225,20,37
modb,56,53,31,92,7,12
mode,7,47,6,36,24,14
modf,0,63,2,9,28,14
moea,7,125,8,13,11,18
moeb,1,34,3,1,11,9
mokc,3,14,3,6,7,10
mota,52,93,61,175,30,34
motb,68,97,57,214,45,50
mpaa,4,37,161,496,82,245
mpl,2,137,2,18,2,0
mppa,10,37,39,104,7,31
mpra,23,132,6,5,1,6
mqo,3,168,4,4,14,29
mqsa,0,36,146,284,22,32
mqsr,0,38,21,14,4,4
mray,8,135,1,12,1,5
mraz,0,78,5,3,3,4
mrca,7,53,4,13,3,7
mrcb,33,62,21,75,5,22
mrda,12,29,11,17,74,70
mrdb,8,100,22,47,58,64
mreb,20,528,10,29,3,11
mrec,9,280,3,15,9,15
mred,5,173,2,17,2,18
mrp,8,260,24,41,27,30
mrr,9,35,12,34,2,9
msba,72,110,47,129,17,36
msck,16,21,10,34,5,20
mscl,2,213,83,155,24,38
mscm,6,61,14,31,53,74
mscs,12,424,530,995,36,60
msra,2,232,24,24,12,14
msrb,92,218,28,75,45,62
msrc,17,150,22,66,30,43
msrp,0,9,11,16,0,9
msrq,2,14,4,36,1,12
msyb,4,319,44,38,8,11
mtfa,128,43,15,40,10,19
mtga,1,17,5,6,4,6
mtla,49,66,135,194,20,26
mtld,10,48,69,90,10,18
mtlr,1,35,15,32,5,5
mtn,2,25,1,0,3,2
mtr,61,15,14,42,19,39
mug,2,46,79,158,7,21
mukb,18,102,12,35,6,24
muke,3,172,4,13,2,5
mukf,25,101,9,37,6,24
mura,1,324,7,3,1,10
murb,8,57,19,38,3,9
murc,3,98,1,9,1,12
murd,14,137,15,11,6,13
mure,3,146,2,2,2,6
murf,14,102,5,10,1,12
murg,3,84,6,2,2,7
muri,10,91,8,29,4,18
murj,2,16,0,5,1,3
murq,2,5,0,7,1,5
murr,15,23,31,61,62,110
muth,13,19,14,47,2,19
mutl,9,51,8,22,3,12
mutm,1,18,4,10,12,15
muts,34,77,17,47,13,23
mutt,4,34,20,19,2,9
muty,10,76,8,37,11,19
mzra,0,31,13,14,5,13
nac,8,74,42,142,130,189
nada,65,342,115,224,15,37
nadb,1,87,4,10,1,5
nadc,20,155,9,17,21,13
nadd,1,55,9,19,21,35
nade,18,137,57,84,13,10
nadk,11,91,50,122,10,13
nadr,9,135,35,74,5,37
naga,25,183,31,51,35,30
nagb,14,49,24,59,31,55
nagc,19,65,18,57,58,57
nage,158,402,94,189,28,50
nagk,12,111,18,43,4,21
nagz,4,118,28,60,4,14
nana,16,11,60,60,23,15
nanc,3,9,13,39,87,88
nane,2,23,20,12,10,16
nank,1,11,1,0,1,3
nanm,0,16,99,177,56,60
nanq,5,51,44,85,13,26
nanr,1,62,1,0,1,3
nans,2,17,32,64,71,58
nant,4,12,33,56,8,18
nanx,15,21,15,23,1,18
nany,21,24,20,51,8,17
napa,1,10,7,16,51,83
napb,5,10,10,19,66,57
napc,1,22,7,14,23,25
napd,4,8,4,14,27,48
naph,5,6,4,10,24,17
narg,0,19,2,1,2,6
narh,0,14,4,5,3,1
narj,0,4,2,7,2,5
nark,0,7,5,2,1,8
narl,6,146,11,16,26,21
narp,8,71,14,28,3,13
narq,1,9,11,43,7,26
naru,0,19,42,110,72,90
narw,1,24,1,5,6,6
narx,7,46,39,106,95,120
nary,0,67,6,7,11,13
narz,0,8,18,40,82,97
ndh,12,221,21,42,8,25
ndk,419,489,14,31,30,62
nei,2,39,11,11,6,6
nema,3,63,5,9,0,5
nemr,0,13,1,1,0,5
nepi,1,42,2,18,34,25
nfef,2,16,5,25,3,9
nfer,0,68,14,15,0,2
nfi,4,27,7,11,1,4
nfo,0,10,6,15,3,2
nfra,3,22,13,32,61,117
nfrb,0,9,8,17,59,67
nfsa,6,64,12,19,5,12
nfsb,4,126,3,6,18,23
nfua,1,283,2,0,0,0
nhaa,6,86,122,224,8,30
nhab,79,159,54,141,69,138
nhar,20,104,58,180,9,47
nika,5,24,12,34,6,26
nikb,0,11,1,4,0,1
nikd,0,5,2,3,0,4
nike,4,18,2,18,3,16
nikr,1,5,3,9,1,2
nimr,4,23,26,53,78,75
nimt,1,26,2,9,1,11
nine,0,20,5,3,4,2
nirb,9,20,5,29,11,26
nirc,1,11,3,7,1,5
nird,1,6,5,3,1,8
nlpa,12,56,42,86,54,62
nlpc,2,23,3,12,12,25
nlpd,193,1084,180,404,119,207
nlpe,1,97,34,94,7,14
nlpi,182,630,307,739,67,115
nmpc,556,108,26,46,88,102
nnr,8,83,24,34,1,7
norr,0,15,2,1,7,13
norv,1,29,23,34,8,9
npr,17,145,2,12,5,10
nrda,19,202,18,53,4,18
nrdb,11,167,25,51,25,36
nrdd,3,20,150,321,21,34
nrde,10,33,183,431,21,40
nrdf,2,20,10,32,12,16
nrdg,4,22,22,42,37,35
nrdi,7,72,67,190,9,13
nrdr,23,266,20,61,7,20
nrfa,0,20,4,13,1,11
nrfb,5,31,12,37,13,28
nrfe,0,11,0,1,0,1
nrfg,0,7,0,2,1,2
nsrr,12,93,32,83,8,20
nth,1,96,0,8,2,2
nudb,120,260,42,117,59,102
nudc,17,109,62,149,2,29
nude,11,75,4,9,4,12
nudf,12,36,4,6,2,10
nudi,0,13,6,24,2,20
nudj,2,90,8,22,11,11
nudk,1,43,13,20,47,70
nudl,0,14,2,3,1,5
nuob,74,346,164,307,39,78
nuoc,159,420,83,207,43,76
nuoe,0,56,5,2,7,2
nuof,11,79,29,41,24,27
nuog,0,49,2,0,7,5
nuoh,20,243,14,14,23,32
nuoi,3,59,2,0,3,5
nuoj,11,118,3,4,10,20
nuok,2,236,2,0,7,18
nuol,7,141,4,8,12,28
nuom,137,1223,90,143,56,93
nuon,2,270,2,1,16,8
nupc,188,139,39,111,10,37
nupg,207,43,43,68,13,42
nupx,3,7,14,51,136,168
nusa,64,431,206,608,28,46
nusg,274,1654,116,300,12,30
obge,16,468,72,143,44,57
ogrk,0,5,1,0,5,8
ogt,2,14,6,9,0,5
ompa,381,8809,726,1272,62,66
ompc,521,1905,254,499,113,187
ompf,1810,2281,87,154,114,101
ompg,0,9,6,37,9,21
ompl,1,7,10,24,54,60
ompn,1,14,14,35,74,105
ompr,0,98,9,7,6,3
ompt,427,544,146,408,73,92
ompw,23,21,7,28,7,22
ompx,1,528,33,13,4,9
opgb,4,21,9,29,40,47
opgc,5,28,12,23,90,87
opgd,17,86,43,122,8,28
opge,3,9,21,80,70,94
opgg,81,347,72,134,17,41
opgh,12,73,11,44,8,32
oppa,128,1040,82,146,13,18
oppb,56,188,12,26,9,14
oppc,11,84,6,14,0,10
oppd,59,156,12,23,7,12
orn,3,36,0,10,4,9
ortt,0,7,3,7,1,1
osmb,1,13,21,38,18,16
osmc,8,313,116,348,10,32
osme,3,138,29,36,17,13
osmf,7,56,231,418,89,87
osmy,9,629,758,1602,67,113
otsa,8,108,144,270,118,161
otsb,4,95,171,398,55,95
oxc,3,14,21,29,119,121
oxyr,10,290,24,69,5,11
paaa,2,12,3,9,0,14
paab,0,11,0,2,0,4
paac,0,6,1,7,1,3
paae,3,10,5,21,1,16
paag,2,19,8,27,3,13
paah,2,20,10,19,6,20
paai,0,4,6,13,2,7
paaj,35,46,20,39,7,16
paak,35,29,18,54,8,36
paax,10,53,53,117,6,19
paay,5,25,10,28,6,7
paaz,0,5,6,26,54,77
paba,0,22,3,2,4,3
pabb,3,19,7,49,9,26
pabc,2,43,12,38,7,13
paea,16,71,47,136,91,114
pagp,1,10,6,9,4,8
pal,10,1111,21,10,1,7
panb,0,154,2,3,5,6
panc,12,249,23,40,26,28
pand,0,94,6,6,8,5
pane,4,45,34,51,35,20
panf,0,26,3,1,2,2
paob,1,5,2,6,8,4
paoc,0,18,4,13,23,15
parc,13,179,11,30,10,18
pare,7,115,12,26,6,6
pata,9,544,109,212,58,103
patd,22,135,5,24,12,29
patz,12,31,25,62,7,23
pbl,1,6,2,7,2,8
pbpc,0,23,1,5,15,25
pbpg,12,76,46,91,78,97
pck,234,116,26,63,11,27
pcm,0,28,12,11,4,10
pcnb,100,678,77,192,66,64
pdea,2,20,12,41,102,175
pdeb,0,9,10,30,74,82
pdec,11,31,11,19,4,20
pded,4,10,40,105,13,34
pdef,2,17,10,27,70,118
pdeg,5,5,30,97,7,16
pdeh,30,130,7,15,8,5
pdei,3,17,14,34,6,17
pdek,17,42,29,79,48,73
pdel,5,15,22,29,7,17
pden,12,34,12,33,5,37
pder,7,40,86,228,104,101
pdhr,7,123,9,16,2,9
pdxa,25,224,15,27,24,28
pdxb,6,63,21,44,48,67
pdxh,21,146,9,26,52,66
pdxi,8,129,31,106,13,18
pdxj,2,22,3,1,13,14
pdxk,0,59,4,1,9,23
pdxy,1,17,2,2,19,14
pepa,5,371,29,53,14,12
pepb,0,106,3,7,8,9
pepd,88,232,45,105,72,68
pepe,1,6,1,0,2,4
pepn,155,114,97,170,19,34
pepp,16,369,27,73,10,24
pepq,26,145,8,22,7,12
pept,44,122,152,325,24,53
perr,2,13,25,59,73,109
pfka,4,736,30,44,3,10
pfkb,2,138,123,199,14,32
pfla,2,31,4,3,11,11
pflb,292,987,299,460,143,216
pflc,10,8,3,19,13,10
pfld,5,14,13,46,5,26
pgaa,0,5,14,22,84,77
pgab,0,8,11,36,67,76
pgad,1,10,15,32,102,76
pgi,18,263,119,214,22,46
pgk,124,2099,316,603,61,102
pgl,35,267,120,249,15,30
pgm,86,378,131,267,32,44
pgpb,18,59,42,109,13,32
pgpc,0,51,10,1,11,15
pgrr,4,40,22,57,8,17
phea,31,164,21,32,3,24
phep,0,32,1,2,0,1
phet,111,481,356,782,86,120
phne,2,12,9,20,29,35
phnj,0,5,8,24,91,64
phnk,0,10,4,11,39,26
phob,0,8,0,0,1,1
phoe,0,5,13,29,41,62
phoh,8,171,94,127,23,28
phop,103,344,134,299,101,104
phoq,23,79,43,88,86,109
phor,5,26,18,49,3,12
phou,6,106,13,33,23,25
php,0,35,2,5,4,12
phr,5,83,55,129,15,38
pine,0,11,0,6,1,6
pinh,0,20,4,12,15,32
pinq,6,29,31,111,48,113
pinr,0,6,11,51,22,71
pita,2,107,51,118,8,11
pitb,0,9,1,1,4,5
plap,30,402,8,24,78,85
plar,0,43,1,0,4,5
plda,4,55,4,13,1,9
pldb,0,40,1,0,1,1
plig,2,11,3,9,25,19
plsb,36,94,19,54,58,86
plsc,6,84,9,32,12,17
plsx,94,179,39,81,12,34
plsy,5,24,19,45,3,9
pmrd,11,35,12,16,39,45
pnca,10,100,6,9,3,5
pncb,43,516,27,96,33,43
pnp,93,1050,121,309,14,31
pnta,94,918,42,100,32,58
pntb,140,1119,133,254,125,141
pnuc,53,312,130,310,30,34
pola,7,92,18,39,7,17
polb,0,29,8,3,6,9
pota,17,130,12,17,33,25
potb,6,141,6,8,20,29
potc,1,31,6,5,12,19
potd,147,448,58,127,76,111
pote,0,19,23,78,62,91
potf,5,170,57,79,6,12
potg,2,49,11,21,2,6
poth,8,44,12,31,9,18
poti,0,7,0,0,0,0
poxb,0,135,28,45,39,44
ppa,0,635,4,0,4,2
ppc,25,1138,19,31,36,47
ppdb,1,6,4,9,31,46
ppdd,1,13,7,9,13,25
ppha,6,20,172,369,140,156
pphb,7,20,67,201,16,33
pphc,1,7,6,13,40,60
ppia,2,83,0,2,2,1
ppib,20,144,6,8,17,29
ppic,16,83,17,34,17,28
ppid,85,123,76,165,9,49
ppk,4,36,16,28,3,15
ppnn,26,91,48,72,12,31
ppnp,2,72,7,9,3,7
pppa,3,13,11,25,10,18
ppsa,181,344,13,29,39,50
ppsr,16,48,56,93,4,18
ppta,4,39,18,41,7,9
ppx,14,56,19,37,14,30
pqia,16,41,42,103,5,28
pqib,9,18,23,63,10,16
pqic,13,54,30,44,8,24
pqql,6,6,5,36,65,87
prc,63,158,55,126,76,126
prea,5,17,9,38,3,22
prfa,21,123,35,128,11,36
prfb,113,149,32,109,11,21
prfc,5,141,20,38,1,8
pria,0,17,2,0,5,6
prib,15,3811,7,2,2,2
prkb,23,68,20,35,2,25
prlc,34,301,99,199,45,45
prlf,13,35,34,112,3,17
prma,1,71,4,18,1,6
prmb,12,204,18,53,55,88
prmc,0,11,1,9,1,4
proa,15,99,67,141,12,20
prob,2,48,3,4,0,2
proc,4,117,20,51,19,22
prok,10,596,50,124,13,35
prop,55,532,205,538,18,34
proq,13,87,36,73,36,48
pros,53,352,60,100,36,56
prox,2,504,7,15,5,8
prpc,1,4,4,4,2,1
prpd,0,4,8,6,6,4
prpe,0,4,3,9,2,5
prpr,5,11,6,29,30,33
prs,87,296,69,152,62,48
psd,31,147,26,85,39,46
psie,7,28,19,57,7,13
psif,2,42,32,68,4,17
pspa,8,60,2493,5681,148,123
pspb,0,23,398,899,18,17
pspc,1,38,887,2063,43,37
pspe,8,12,175,454,8,15
pspf,6,7,25,54,70,84
pssa,17,48,74,144,10,14
psta,2,26,4,10,8,11
pstb,3,33,4,14,19,19
pstc,2,10,12,23,19,17
psts,0,101,7,14,13,20
psug,5,17,19,46,117,133
psuk,10,26,15,44,107,153
psut,5,15,27,50,74,116
pta,127,301,21,36,3,32
pth,19,93,22,62,51,70
ptra,8,41,17,47,97,175
ptrb,11,57,21,70,111,114
ptsa,0,11,0,3,12,8
ptsg,11,646,66,141,21,58
ptsh,74,1526,97,178,13,29
ptsi,125,1959,423,786,31,72
punc,0,16,12,50,2,12
punr,7,6,13,28,38,53
pura,344,410,45,95,7,28
purb,24,313,13,37,73,76
purd,7,48,4,3,8,12
pure,6,99,4,8,11,17
purf,30,1237,6,7,30,53
purh,116,995,14,52,40,53
purk,7,156,0,6,12,11
purl,163,464,43,85,170,229
purm,20,483,7,16,3,3
purn,2,61,2,1,2,3
purr,91,190,27,63,8,21
purt,1,146,0,2,1,8
puru,15,266,37,88,70,102
puta,94,170,3,4,18,19
putp,288,162,9,24,13,19
puua,3,112,11,16,13,13
puub,4,60,8,23,4,9
puuc,2,21,16,45,1,6
puud,25,98,117,261,7,21
puue,0,20,4,4,1,0
puup,9,21,16,36,47,85
puur,18,130,141,310,16,20
pxpa,2,11,2,6,0,4
pxpb,0,113,2,1,1,2
pxpc,0,154,2,0,1,2
pyka,0,58,20,31,0,5
pykf,17,709,197,332,33,57
pyrb,65,1398,5,12,17,19
pyrc,60,704,9,25,42,49
pyrd,27,213,17,35,13,32
pyre,8,34,40,34,15,46
pyrf,3,157,6,13,5,4
pyrg,114,422,298,709,116,226
pyrh,38,724,6,25,0,3
pyri,33,1927,2,8,30,14
pyrl,1,25,2,6,8,7
pyrr,12,34,66,135,8,31
pyrs,8,26,22,67,6,34
qmca,5,20,50,82,33,35
qora,6,63,42,55,35,30
qorb,3,19,10,23,34,32
qseb,0,10,6,5,0,14
qseg,0,10,0,4,15,20
quea,2,44,2,1,0,3
quec,2,69,5,18,22,28
qued,2,23,0,0,0,3
quee,0,52,7,11,7,10
quef,4,91,23,53,7,27
queg,2,48,5,27,19,31
racc,1,6,13,39,59,92
racr,9,87,16,29,51,98
rada,3,90,8,9,4,4
radd,1,24,11,14,4,16
raia,70,82,128,283,83,122
ralr,0,8,1,4,18,29
rapa,3,65,37,77,67,64
rapz,4,164,2,7,5,6
rara,11,114,23,44,18,30
rard,2,21,16,25,20,25
rata,2,68,6,12,12,21
rava,1,23,32,43,48,57
rayt,2,11,5,29,6,19
rbba,8,30,5,5,5,6
rbfa,2,167,9,8,1,4
rbn,5,49,10,24,1,18
rbsa,52,38,21,60,9,49
rbsb,58,159,27,47,8,12
rbsc,25,21,8,25,7,16
rbsd,20,63,9,5,6,5
rbsk,86,92,17,71,7,24
rbsr,7,32,5,20,5,17
rcda,1,30,3,11,2,5
rcdb,0,19,4,15,5,8
rcla,2,8,19,24,39,65
rclb,2,4,7,18,26,47
rclc,6,16,13,54,60,86
rclr,6,18,4,21,5,11
rcnb,1,55,6,21,1,8
rcnr,9,14,15,25,63,88
rcsa,13,24,15,49,6,33
rcsb,10,254,74,124,10,10
rcsc,17,42,23,54,101,124
rcsd,16,79,13,43,3,33
rcsf,21,184,19,41,20,30
rdca,17,31,12,31,4,14
rdgb,3,126,2,8,2,5
rdgc,0,39,0,7,10,14
reca,0,147,83,62,9,15
recb,9,49,10,30,67,99
recc,8,46,13,40,60,106
recd,6,17,4,12,19,44
rece,4,8,15,50,100,141
recf,5,108,7,11,17,10
recg,2,65,1,0,4,2
recj,6,60,12,36,4,16
recn,8,17,438,775,41,69
reco,2,66,4,15,17,36
recq,24,90,10,30,6,25
recr,4,51,6,9,0,3
rect,2,6,18,31,89,128
recx,0,26,5,1,4,11
rela,12,79,19,37,24,53
relb,8,102,47,68,25,30
rele,4,23,94,204,30,69
rem,3,7,8,25,33,47
rep,3,51,13,29,6,28
rfad,3,450,8,2,6,4
rfah,2,55,19,25,18,31
rfba,50,120,27,74,102,106
rfbb,24,124,40,82,100,132
rfbc,303,551,124,306,207,285
rfbx,69,105,24,82,95,146
rfe,16,118,46,46,6,5
rffg,8,88,7,12,6,7
rffh,11,124,11,39,2,15
rffm,26,64,19,55,5,31
rflp,4,29,26,65,86,91
rhab,1,16,3,3,22,21
rhad,1,14,2,4,14,10
rhar,5,21,9,24,6,23
rhas,0,33,6,8,3,13
rhlb,43,293,64,157,47,61
rhle,3,109,5,26,2,8
rhmd,1,8,2,4,13,30
rho,126,480,365,912,37,72
rhol,4,106,10,6,0,0
rhsa,0,12,17,24,7,23
rhsb,6,29,41,92,19,49
rhsc,4,14,29,44,4,28
rhsd,1,14,8,18,4,14
rhse,2,9,6,23,4,16
rhta,0,15,2,1,7,5
rhtb,1,31,3,21,19,30
rhtc,4,82,2,8,1,8
riba,10,94,14,31,63,63
ribb,39,77,32,98,13,26
ribc,26,581,37,90,90,105
ribd,20,162,28,65,117,149
ribf,8,237,7,24,3,3
rida,128,982,3,27,9,12
riha,12,31,1,7,29,22
rihb,1,12,6,24,35,63
rihc,40,40,5,15,4,16
rimi,1,19,2,10,0,3
rimj,34,135,35,55,7,27
rimk,0,50,0,1,0,1
riml,14,65,28,80,18,43
rimm,82,1153,59,169,13,18
rimo,1,96,4,14,22,21
rimp,16,472,87,167,8,18
rlha,17,72,16,40,6,23
rlma,10,37,14,37,67,77
rlmb,3,52,6,12,3,5
rlmd,30,118,51,120,79,149
rlme,118,319,346,838,48,84
rlmf,7,103,7,24,2,13
rlmg,2,36,2,7,4,11
rlmi,19,63,20,53,52,84
rlmj,1,68,4,4,0,8
rlml,14,181,21,35,5,29
rlmm,9,126,27,52,52,64
rlmn,26,131,35,100,59,112
rlpa,2,212,3,1,5,1
rlua,6,14,5,16,16,17
rlub,2,91,6,12,2,5
rluc,1,137,1,2,3,5
rlud,12,90,40,91,35,45
rlue,1,96,22,76,43,48
rluf,5,92,3,18,0,8
rmf,1,73,13,6,59,61
rmuc,0,22,0,0,0,0
rna,7,100,25,82,32,55
rnb,21,338,23,70,66,84
rnc,19,189,83,160,67,115
rnd,3,35,6,33,35,43
rne,127,387,64,149,73,55
rng,1,93,7,13,11,12
rnha,0,18,0,2,8,1
rnhb,3,67,6,11,2,12
rnk,7,37,6,14,11,31
rnla,8,37,48,121,12,29
rnlb,20,53,22,118,13,30
rnm,1,10,2,3,2,4
rnpa,1,818,1,4,0,0
rnr,0,80,13,3,0,2
rnt,0,50,0,7,1,1
rob,0,140,27,24,13,10
rodz,14,133,76,156,21,32
rof,3,160,30,38,15,20
roxa,27,120,50,95,29,40
rpe,28,226,10,34,12,21
rpia,8,242,5,13,4,9
rpib,0,12,3,5,0,6
rpla,552,4865,360,1223,29,56
rplb,28,2747,37,38,5,3
rplc,1158,6184,387,1063,49,73
rpld,676,4915,306,792,30,47
rple,439,3059,388,926,41,63
rplf,720,6010,426,690,38,70
rpli,560,3043,128,409,24,27
rplj,1042,5609,343,1092,48,60
rplk,51,1787,30,63,3,4
rpll,2811,9513,731,2117,108,168
rplm,60,1754,44,23,19,15
rpln,862,2099,285,731,32,40
rplo,1014,2415,628,1835,51,106
rplp,18,3432,21,20,2,1
rplq,90,1130,214,706,22,30
rplr,453,3300,171,520,17,40
rpls,278,1784,79,230,45,55
rplt,586,3530,678,986,183,180
rplu,38,1307,36,82,5,13
rplv,256,2766,96,219,9,14
rplw,749,4320,302,837,34,45
rplx,536,4764,240,490,14,43
rply,28,1743,12,6,2,2
rpma,194,1375,81,190,9,11
rpmb,27,1569,5,2,3,5
rpmc,1109,3637,310,830,46,63
rpmd,189,3426,168,452,17,30
rpme,4,103,8,7,10,13
rpmf,64,204,61,165,8,8
rpmg,198,2537,88,186,15,30
rpmh,6,30,9,26,1,4
rpmi,46,463,58,77,15,16
rpmj,33,352,37,28,4,12
rpna,2,26,9,51,6,29
rpnb,1,11,11,32,67,97
rpnc,11,22,19,36,6,22
rpnd,19,58,30,72,18,38
rpne,6,16,11,41,7,34
rpoa,750,3385,557,1469,64,104
rpob,208,1594,195,451,20,44
rpoc,278,1185,194,447,45,84
rpod,49,307,451,824,55,77
rpoe,26,138,172,316,83,149
rpoh,27,62,235,760,16,24
rpon,32,390,26,73,7,16
rpos,495,2390,158,334,71,119
rpoz,46,364,76,97,11,23
rpph,30,220,23,67,46,74
rpsa,1634,4170,705,1964,95,163
rpsb,175,4647,94,197,11,20
rpsc,139,1947,132,312,17,15
rpsd,776,5672,302,1050,43,42
rpse,439,3825,367,1047,44,78
rpsf,66,1490,64,153,2,14
rpsg,288,4252,181,379,37,24
rpsh,113,2953,140,351,13,31
rpsi,9,3143,35,18,2,4
rpsj,6,655,10,7,3,1
rpsk,719,6220,294,1016,24,38
rpsm,163,3672,63,95,6,13
rpsn,570,3922,352,762,42,55
rpso,10,1062,8,4,4,4
rpsq,144,1202,159,518,25,30
rpsr,153,2619,12,77,6,6
rpss,72,1236,41,116,7,9
rpst,1,46,0,1,4,2
rpsu,34,528,20,64,3,6
rraa,59,168,81,187,29,61
rrab,25,276,30,35,9,28
rrrd,3,18,17,37,6,37
rrrq,0,11,16,30,61,85
rsd,53,140,59,143,51,72
rsea,17,191,43,71,15,35
rseb,132,310,97,221,108,169
rsec,1,25,2,1,12,12
rsep,80,117,39,125,8,10
rsfs,0,67,3,1,0,5
rsma,9,152,27,54,15,22
rsmb,1,38,8,15,3,2
rsmc,6,118,9,19,26,29
rsmd,2,26,11,17,0,9
rsme,22,40,16,57,4,6
rsmf,9,39,7,31,11,21
rsmg,13,78,14,34,39,42
rsmh,0,59,6,1,0,0
rsmi,0,20,4,2,2,2
rspa,3,14,17,46,62,89
rspb,11,13,32,80,68,101
rspr,6,78,12,36,2,13
rssa,48,237,102,222,15,53
rssb,1,40,77,149,16,39
rsta,60,45,17,36,9,29
rstb,13,22,3,28,3,18
rsua,8,139,27,81,34,66
rsxa,8,47,12,44,4,6
rsxb,1,61,2,1,0,2
rsxc,14,63,19,53,7,20
rsxe,5,37,1,5,1,6
rtca,0,8,0,2,1,2
rtcb,14,29,42,95,47,78
ruta,0,6,9,21,31,38
rutc,0,6,2,2,8,14
rutf,0,4,2,11,18,17
rutg,1,10,3,4,9,16
rutr,1,19,14,19,5,4
ruva,17,117,23,66,38,60
ruvb,37,180,51,150,56,81
ruvc,0,107,1,1,11,6
rzpq,2,17,11,18,47,53
rzpr,0,7,1,2,1,9
sad,0,19,4,2,11,9
sana,17,9,5,26,6,14
sapa,0,43,8,6,23,27
sapb,0,63,16,13,27,30
sapd,10,116,5,15,35,70
sapf,0,30,6,9,22,41
satp,3,24,8,24,13,16
sbcb,23,55,8,21,5,11
sbcc,12,30,14,22,72,73
sbcd,5,32,17,31,56,58
sbma,18,36,15,36,4,25
sbmc,30,62,263,451,79,108
sbp,16,36,92,266,4,25
scpa,0,15,6,7,2,13
scpb,10,14,14,41,8,39
scpc,0,15,8,13,4,14
sdaa,22,13,170,356,14,37
sdab,45,41,6,18,2,18
sdac,223,57,20,44,5,20
sdhb,92,472,42,71,7,11
sdhc,625,913,139,264,24,34
sdhd,1,63,5,4,1,3
sdhe,13,100,7,16,7,11
sdia,35,71,178,372,131,173
seca,64,177,23,71,21,34
secb,83,780,37,91,18,17
secd,102,396,61,166,17,31
secf,22,197,50,85,7,13
secg,361,1253,58,194,15,33
secm,19,67,4,21,6,11
secy,280,3049,294,712,44,58
sela,4,69,19,22,18,19
selb,2,47,0,2,3,3
seld,15,163,6,7,9,11
selo,10,111,36,93,52,69
seqa,8,76,16,26,1,10
sera,29,2078,63,147,39,70
serb,3,176,4,5,2,6
serc,88,1037,67,171,20,43
sers,58,338,46,81,11,20
seta,7,11,12,38,4,7
setb,1,24,4,15,2,14
sfma,7,19,11,24,5,10
sfmc,8,18,5,11,3,25
sfmd,6,4,3,22,1,13
sfmf,7,8,13,45,10,27
sfmh,1,7,5,28,11,21
sfsa,15,77,249,466,68,115
sfsb,0,23,2,1,4,11
sgbe,2,11,0,2,0,2
sgbu,5,21,8,27,1,18
sgca,0,30,3,4,9,13
sgcb,2,27,8,22,36,39
sgcc,0,17,16,26,50,57
sgce,4,16,10,15,11,15
sgcq,0,7,6,12,52,42
sgcr,5,5,16,28,59,64
sgcx,1,24,5,13,20,13
sgrr,4,34,5,14,15,31
shia,13,113,16,63,4,27
sieb,0,10,8,33,7,33
sixa,6,26,29,43,20,40
skp,1,408,6,3,1,2
slma,40,270,10,31,5,21
slp,4,47,7,33,8,17
slya,10,86,61,140,68,88
slyb,258,451,312,567,33,64
slyd,17,777,41,68,8,19
slyx,2,5,2,13,1,8
smf,6,34,16,54,31,56
smg,136,367,180,365,62,96
smpb,3,179,1,13,2,4
soda,44,1090,53,76,13,22
sodb,380,455,55,136,20,52
sodc,0,46,9,8,9,9
sohb,39,153,34,75,6,40
soxr,1,57,13,44,20,30
soxs,2,56,42,60,9,7
spea,190,670,197,466,39,103
speb,15,94,25,65,11,17
spec,18,44,15,59,20,36
sped,32,259,11,36,58,76
spee,17,293,9,19,11,23
spef,4,9,13,33,63,85
speg,29,93,30,111,9,38
spot,109,914,128,277,14,50
sppa,4,38,11,20,2,14
spy,2,14,16,35,17,47
sra,2,70,115,187,52,56
srka,43,94,42,118,7,31
srlb,0,7,3,1,2,2
srld,0,4,1,6,3,4
srle,5,11,13,19,3,21
srlr,3,25,8,27,2,16
srmb,1,154,8,32,3,9
ssb,2,204,12,6,5,4
ssea,56,163,73,182,9,31
sseb,39,85,38,111,103,179
ssna,0,11,6,12,2,11
sspb,2,95,5,7,3,2
sstt,67,264,32,82,14,32
stfe,0,10,2,6,2,9
stfq,3,26,17,47,50,68
stfr,4,9,3,31,8,66
stha,137,180,16,55,51,54
stpa,2,105,5,16,26,43
suca,1,373,4,4,1,5
sucb,31,790,5,1,1,3
succ,468,281,14,14,7,7
sucd,13,265,1,0,1,1
sufa,1,64,54,145,41,52
sufb,1,75,79,134,51,77
sufc,18,72,9,59,35,53
sufe,2,75,4,11,9,27
sufs,10,92,30,53,68,90
suhb,98,394,21,65,12,47
sula,36,43,154,391,58,93
sura,44,244,56,135,41,40
sutr,4,42,4,12,3,8
sxy,0,37,3,1,4,6
syd,14,80,18,50,73,110
taba,13,138,22,54,8,12
tada,0,54,2,7,14,21
talb,174,884,67,194,11,28
tama,27,102,32,81,13,33
tamb,12,55,14,41,4,32
tap,91,191,7,29,48,46
tapt,0,13,6,4,1,2
tar,410,208,84,188,114,139
tas,20,254,24,76,4,12
tata,50,108,22,56,3,11
tatb,9,192,6,6,1,5
tatc,4,202,11,22,0,8
tatd,1,53,1,0,1,1
tate,1,5,10,5,3,3
taua,0,9,1,1,3,4
tauc,3,18,9,21,1,14
taud,6,27,3,19,2,12
tcda,2,60,4,4,12,16
tcyj,182,459,244,583,49,66
tcyl,22,101,49,145,62,77
tcyn,17,79,43,157,63,79
tcyp,96,454,200,571,23,46
tdca,14,8,7,32,18,29
tdcb,10,7,11,32,36,66
tdcc,11,23,13,27,24,45
tdcd,0,12,2,11,13,25
tdce,7,19,15,35,21,36
tdcf,1,8,1,0,2,3
tdcg,6,20,18,52,42,78
tdcr,1,9,3,12,1,11
tdh,26,49,43,95,28,27
tdk,5,38,6,31,7,10
teha,1,21,3,14,0,4
tehb,9,61,22,62,2,14
tesa,4,51,6,12,29,19
tesb,0,25,21,29,15,12
tfae,7,26,82,262,72,220
tfap,4,23,7,26,14,32
tfas,1,13,9,19,3,4
tfax,1,9,0,1,1,1
tgt,61,324,25,105,8,30
thib,0,25,3,13,11,9
thic,0,16,4,6,7,12
thif,0,17,2,1,9,8
thih,1,15,3,3,18,16
thii,24,121,26,60,5,25
thik,4,16,4,14,1,7
thil,23,92,14,43,8,23
thim,0,8,3,4,10,24
thiq,0,7,1,1,2,5
thra,37,646,30,80,6,20
thrb,3,765,3,3,0,3
thrc,3,425,9,21,2,9
thrs,106,355,445,833,111,134
thya,29,115,28,29,78,143
tig,685,1578,143,378,10,57
tils,10,62,4,9,1,7
tkta,201,1281,12,34,10,27
tktb,0,233,41,68,9,16
tldd,17,224,58,155,16,27
tlde,16,129,19,38,5,12
tmar,10,192,30,65,38,52
tmca,3,55,2,10,28,36
tmk,7,20,17,55,9,13
tnaa,6,23,2,7,2,6
tnab,5,4,7,16,6,12
tnac,0,52,2,0,2,8
tola,40,104,43,117,8,33
tolb,102,573,60,155,10,28
tolc,85,710,111,289,11,30
tolq,80,118,64,184,11,29
tolr,8,55,17,24,2,7
tomb,2,59,38,90,16,30
tonb,12,58,32,62,6,15
topa,81,132,109,271,27,35
topai,6,8,7,14,23,21
topb,1,126,3,1,15,15
tora,4,28,10,32,9,26
torc,2,9,12,26,7,30
tori,1,14,8,21,1,18
torr,1,13,6,14,25,36
tors,5,8,17,45,63,94
tort,3,44,4,26,4,11
tory,2,11,22,46,120,182
torz,3,10,14,43,64,119
tpia,46,979,47,108,17,22
tqsa,3,15,15,33,2,10
trea,1,53,48,92,84,154
treb,9,18,3,8,23,32
trec,0,8,0,3,23,16
tref,0,62,2,9,1,4
trer,2,32,10,23,31,29
trg,250,17,22,77,7,14
trho,13,97,13,37,11,18
trhp,4,92,36,62,3,9
trka,10,56,29,80,11,24
trkg,11,30,14,59,2,55
trkh,10,46,19,52,3,10
trma,12,52,52,114,43,85
trmb,21,234,61,145,7,15
trmd,22,308,50,118,7,15
trmh,0,24,0,0,2,1
trmj,12,64,7,10,19,19
trml,0,18,2,3,0,5
trmo,1,43,3,0,4,9
trpb,5,71,0,1,4,2
trpc,5,37,3,11,8,17
trpd,3,16,0,2,12,6
trpe,5,7,1,3,6,9
trpr,3,58,2,1,5,3
trps,40,379,19,48,21,33
trua,12,179,33,76,32,58
trub,1,117,59,137,8,14
truc,2,77,5,15,17,32
trud,15,121,13,46,26,42
trxb,2,275,5,2,7,8
trxc,12,56,47,52,13,30
tsab,0,8,8,6,21,21
tsac,14,190,25,26,10,18
tsad,2,87,5,14,4,10
tsae,8,62,12,38,2,10
tsf,3,680,21,20,0,2
tsga,0,31,0,3,0,6
tsr,340,53,54,182,7,24
tsua,62,150,134,381,83,109
tsub,22,40,47,173,38,38
tsx,84,188,15,33,22,36
ttca,20,100,17,54,52,56
ttda,4,12,4,14,5,16
ttdr,0,8,2,5,2,10
tufa,321,8840,77,50,23,22
tufb,257,9877,53,29,12,14
tus,2,29,29,39,1,13
tusa,9,33,9,24,9,25
tusc,1,91,1,7,6,7
tuse,5,43,7,23,36,60
tyna,3,13,25,37,94,103
tyra,2,179,27,38,42,75
tyrb,16,298,9,23,2,5
tyrp,4,39,17,64,7,29
tyrr,13,73,127,283,15,40
tyrs,15,177,44,84,80,78
uact,1,7,3,17,2,7
ubia,16,60,31,91,7,25
ubib,29,78,32,94,9,32
ubic,0,35,7,5,1,4
ubid,36,196,56,149,15,25
ubie,7,185,11,26,2,15
ubif,1,51,34,63,7,13
ubig,0,66,0,11,3,7
ubih,3,7,1,7,3,1
ubii,20,109,12,41,12,21
ubij,0,134,2,0,1,0
ubik,1,69,5,12,2,5
ubit,14,85,17,34,9,16
ubiu,0,4,3,3,3,2
ubix,10,53,7,13,47,59
ucpa,6,12,7,2,7,5
udk,9,139,5,9,14,20
udp,308,243,9,19,3,7
ugd,4,35,17,51,122,135
ugpa,9,23,1,6,8,11
ugpb,2,13,73,154,20,55
ugpq,2,82,11,19,13,15
uhpa,2,24,4,17,9,15
uhpb,1,35,0,1,7,5
uhpc,0,8,2,7,18,8
uhpt,6,37,3,19,44,46
uidb,16,15,5,9,44,58
uidc,59,15,25,37,94,95
uidr,0,32,13,33,41,32
ulaa,1,13,2,13,3,21
ulab,1,12,1,3,2,2
ulac,0,10,1,0,0,0
ulad,1,17,3,1,0,1
ulae,13,10,2,16,3,9
ulaf,1,9,9,22,3,6
ulag,0,14,7,12,9,18
ular,6,32,14,38,24,28
umpg,1,88,19,40,14,28
umph,4,146,2,1,3,13
umuc,0,22,39,157,8,14
umud,1,12,35,106,1,14
ung,1,37,1,0,1,0
upp,0,218,5,6,10,12
uraa,35,259,13,35,87,148
usha,12,86,61,137,6,22
uspa,35,627,36,66,5,14
uspb,5,60,144,258,48,72
uspc,5,24,17,83,9,55
uspd,4,37,45,110,13,27
uspe,29,125,3,11,0,6
uspf,25,47,118,247,54,90
uspg,5,22,31,56,9,7
uup,24,74,8,33,6,20
uvra,8,104,157,353,69,86
uvrb,5,94,163,398,24,31
uvrc,11,94,33,72,87,98
uvrd,0,85,6,11,0,4
uvry,18,78,42,108,81,108
uxaa,1,31,2,0,1,4
uxab,9,15,28,58,82,101
uxac,52,20,37,76,19,32
uxua,11,61,65,149,10,16
uxub,3,13,12,33,4,2
uxur,4,54,42,109,7,21
vals,148,596,172,354,104,104
ves,47,35,25,62,57,72
viaa,0,38,5,9,21,24
vsr,0,20,6,10,38,42
waaa,7,27,8,20,3,5
waab,9,29,15,51,58,34
waac,9,140,6,26,4,19
waaf,2,125,5,10,1,2
waag,21,53,15,48,49,54
waah,6,8,15,32,49,49
waaj,7,49,9,35,56,51
waal,32,71,10,39,8,24
waao,26,68,19,60,68,49
waap,26,57,14,65,52,66
waaq,12,44,19,56,50,61
waas,0,33,3,0,6,5
waau,0,48,1,9,17,13
waay,7,31,13,21,28,33
waaz,8,37,7,33,43,35
wbbh,32,83,22,51,77,116
wbbi,74,187,44,142,105,142
wbbj,17,79,23,62,49,59
wbbk,38,78,27,54,69,87
wbbl,23,250,11,17,36,32
wcac,0,13,6,20,46,49
wcad,3,12,11,27,95,119
wcae,4,19,15,48,99,158
wcaf,0,7,7,11,51,53
wcai,2,15,20,53,79,137
wcaj,4,5,14,27,68,88
wcak,0,15,11,18,53,55
wcal,1,12,3,12,31,39
wcam,4,18,6,30,190,141
wecb,21,124,19,29,4,19
wecc,16,89,22,42,5,34
wece,19,112,22,32,4,18
wech,1,10,8,25,5,10
wrba,1,349,53,25,37,29
wza,5,23,9,29,71,95
wzc,0,6,10,27,119,140
wzxc,2,10,19,20,64,97
wzxe,4,41,5,26,3,11
wzye,4,23,6,28,4,7
wzzb,159,237,130,323,148,186
xanp,0,36,0,0,0,0
xanq,1,14,8,24,3,29
xapa,1,6,7,28,55,108
xapb,4,12,17,34,80,125
xapr,2,26,14,30,35,54
xdha,6,38,18,45,19,38
xdhb,3,24,14,15,2,14
xdhc,1,5,2,7,3,6
xdhd,4,9,15,39,3,30
xerc,29,150,9,22,3,16
xerd,20,35,14,33,12,20
xise,7,13,2,11,1,5
xisr,0,8,6,5,13,20
xsea,7,92,9,9,1,19
xtha,9,111,17,33,3,4
xyla,7,24,17,43,40,67
xylb,4,22,17,16,12,15
xylf,27,7,10,34,11,25
xylg,14,13,8,28,8,26
xylh,0,10,5,8,2,6
xylr,2,14,8,32,10,16
yaaa,17,99,24,57,49,79
yaai,3,15,10,14,38,40
yaaj,2,14,25,49,57,68
yaau,5,13,6,31,1,18
yaaw,1,12,9,16,40,37
yaax,1,85,1,1,2,1
yabi,12,61,19,52,13,20
yabp,33,112,71,137,18,62
yacg,0,10,0,0,7,1
yach,1,16,3,9,17,23
yacl,0,5,5,3,4,4
yadc,5,7,30,61,76,81
yade,3,18,36,49,7,19
yadg,21,126,69,126,17,36
yadh,6,81,21,45,6,13
yadi,2,14,6,4,1,5
yadk,4,7,30,65,61,85
yadl,3,12,34,90,76,69
yadm,6,15,31,66,70,99
yadn,3,10,18,30,68,62
yads,0,14,5,4,5,9
yadv,1,14,13,22,50,66
yaef,9,16,26,49,66,92
yaeh,4,130,22,40,46,51
yaei,6,29,10,35,58,87
yaep,0,48,22,11,6,11
yaeq,5,77,14,35,3,3
yaer,1,36,10,13,5,10
yafc,4,13,28,59,56,84
yafd,3,143,56,101,8,21
yafe,5,16,11,35,4,22
yaff,1,4,4,19,4,16
yafj,0,74,3,1,0,5
yafl,12,14,8,16,4,18
yafn,0,19,35,64,1,14
yafo,6,25,78,223,15,34
yafp,4,12,22,43,2,9
yafq,4,67,15,53,53,50
yafs,10,21,12,22,9,8
yaft,6,5,9,28,4,28
yafu,1,13,9,31,26,58
yafv,0,14,13,17,11,8
yafx,0,5,4,6,10,9
yafz,0,6,2,3,12,7
yagb,5,7,5,16,25,32
yagj,6,48,32,60,14,37
yagk,6,24,36,78,64,99
yagl,4,18,19,48,79,78
yagm,4,9,8,40,68,70
yagn,4,64,10,31,60,45
yagp,3,12,5,11,25,30
yagu,11,121,23,59,15,23
yahb,0,13,12,22,53,57
yahc,0,4,12,13,28,31
yahd,9,36,18,40,16,24
yahe,11,15,6,35,8,34
yahf,0,9,0,6,0,3
yahg,0,11,2,4,0,4
yahh,12,6,14,53,44,77
yahi,8,11,4,10,4,10
yahj,1,13,1,1,0,2
yahk,14,269,44,98,13,33
yahl,4,25,14,29,11,21
yahm,5,16,6,16,5,11
yahn,4,26,5,20,25,30
yaho,1,67,29,37,21,18
yaia,1,66,6,22,3,7
yail,15,75,12,33,3,32
yaio,0,9,19,48,54,72
yaip,0,17,9,18,45,45
yais,0,11,9,27,37,47
yait,19,80,77,194,31,98
yaiw,2,28,9,28,4,14
yaix,5,50,15,56,89,80
yaiz,7,27,5,6,2,3
yajc,125,452,10,28,7,10
yajd,12,43,15,60,17,38
yajg,1,29,4,1,3,8
yaji,0,13,5,9,28,22
yajl,2,30,11,21,11,20
yajo,2,103,34,27,18,27
yajq,9,157,21,45,6,8
yajr,7,15,9,28,54,64
ybaa,1,15,33,56,11,17
ybab,17,360,29,37,2,7
ybak,0,8,2,9,8,6
ybal,0,15,15,34,11,11
ybam,7,23,7,25,8,23
yban,2,37,2,5,2,3
ybap,0,6,8,3,6,13
ybaq,16,99,19,73,10,53
ybat,4,66,4,8,0,14
ybay,11,397,157,283,13,9
ybaz,21,48,65,127,74,161
ybbc,0,22,4,10,3,10
ybbj,0,19,2,2,4,6
ybbo,9,44,5,11,11,22
ybbp,4,34,8,17,4,14
ybbv,2,5,3,16,7,10
ybbw,1,11,4,11,3,7
ybby,0,15,1,22,3,4
ybch,0,30,7,6,18,20
ybci,0,5,1,0,8,10
ybcj,0,104,1,1,3,2
ybck,5,5,9,46,11,22
ybcl,7,20,22,43,15,18
ybcm,9,16,43,100,10,37
ybcn,1,9,0,5,0,6
ybco,0,7,1,2,1,0
ybcy,2,12,14,43,69,86
ybdd,13,63,17,31,2,17
ybdf,0,6,1,0,2,5
ybdg,3,29,19,50,62,76
ybdk,1,28,31,63,29,39
ybdl,0,26,2,1,2,4
ybdm,1,15,9,18,54,49
ybdo,1,18,6,31,60,65
ybdr,9,33,31,72,6,26
ybdz,2,6,0,2,0,3
ybed,31,136,94,246,55,68
ybef,2,5,20,56,91,97
ybel,0,73,4,6,6,3
ybem,1,17,9,11,2,7
yber,0,7,9,15,4,15
ybet,1,10,19,37,99,104
ybeu,3,7,6,35,9,29
ybex,185,640,145,334,78,74
ybey,31,263,100,198,15,27
ybez,32,324,106,210,40,51
ybfa,1,41,7,2,3,6
ybfb,0,26,1,8,0,3
ybfc,1,12,8,30,4,12
ybfd,8,20,24,47,13,43
ybfe,3,35,7,22,24,32
ybff,5,74,4,19,25,31
ybfg,6,38,16,54,53,71
ybfl,5,13,13,60,18,39
ybfo,6,28,9,53,12,32
ybfp,3,9,11,42,12,29
ybfq,9,14,9,15,11,14
ybga,0,103,82,174,14,26
ybgc,2,44,14,22,3,8
ybgd,2,6,2,19,15,34
ybgi,1,296,3,2,0,2
ybgo,4,11,15,42,110,91
ybgp,1,9,10,24,60,67
ybgq,3,4,12,19,53,65
ybgs,1,78,78,143,35,38
ybha,11,56,20,50,46,65
ybhb,10,115,16,39,16,27
ybhc,1,124,4,4,7,11
ybhd,3,14,10,47,84,84
ybhf,2,22,12,44,21,24
ybhh,4,6,5,24,8,24
ybhi,2,14,13,35,15,42
ybhj,2,12,11,24,6,16
ybhk,12,91,12,64,48,59
ybhl,4,75,29,76,2,28
ybhm,4,13,12,36,9,18
ybhn,4,28,17,27,34,49
ybhr,3,11,2,7,16,22
ybia,0,9,4,19,24,30
ybib,0,56,4,1,1,6
ybii,0,21,3,1,5,2
ybij,1,37,1,0,4,4
ybio,0,4,11,20,62,59
ybir,3,29,16,42,7,14
ybit,14,63,5,33,3,12
ybiu,0,74,0,0,6,1
ybiv,2,54,27,84,77,104
ybiw,0,14,8,23,51,63
ybix,1,21,8,13,35,30
ybiy,0,10,8,10,41,45
ybjc,4,47,9,19,5,10
ybjd,7,9,9,6,0,8
ybjg,0,20,0,2,8,10
ybjh,1,6,4,2,12,8
ybji,4,31,16,56,50,82
ybjj,0,17,4,4,20,12
ybjl,6,33,45,82,81,80
ybjn,19,71,14,27,6,25
ybjo,1,56,3,17,8,15
ybjp,1,49,28,55,10,21
ybjs,3,42,2,7,9,11
ybjt,0,31,5,16,28,30
ybjx,82,266,66,166,61,54
ycac,1,97,24,75,71,83
ycad,2,24,3,6,3,8
ycai,0,19,11,38,7,20
ycak,3,12,18,41,14,34
ycal,13,10,22,47,6,36
ycam,15,5,7,23,10,17
ycan,1,25,14,38,82,104
ycao,27,268,18,68,85,100
ycap,12,32,45,132,12,54
ycaq,4,21,5,15,4,8
ycar,7,191,5,4,6,2
ycbf,3,27,9,26,9,19
ycbj,24,42,47,118,11,36
ycbu,0,16,5,18,6,19
ycbv,0,25,4,21,6,15
ycbx,1,79,2,4,20,18
ycbz,36,162,130,253,76,103
ycca,61,357,95,181,34,65
ycce,11,29,21,35,26,34
yccf,8,83,22,47,64,71
yccj,46,403,356,723,145,171
yccm,3,7,8,27,56,65
yccs,13,58,15,50,89,108
ycct,2,30,9,23,41,38
yccx,1,19,10,33,1,8
ycdx,4,46,34,71,4,16
ycdy,21,206,11,39,6,17
ycdz,103,49,9,16,1,3
yceb,0,13,10,22,40,34
yced,42,2901,33,27,2,15
ycef,1,71,24,57,50,44
yceh,15,121,32,73,5,26
ycei,20,109,15,37,80,83
ycej,0,21,0,0,4,3
yceo,2,45,6,18,27,35
yceq,2,7,1,5,3,11
ycfh,15,95,374,401,79,117
ycfj,1,19,5,10,2,5
ycfk,0,13,0,3,0,2
ycfl,7,79,85,204,7,14
ycfp,17,112,77,182,19,32
ycft,1,14,6,15,45,78
ycfz,0,20,16,21,130,117
ycgb,5,182,278,354,119,171
ycgh,11,30,26,67,12,50
ycgi,4,25,8,23,11,15
ycgj,4,17,3,14,1,2
ycgl,3,37,20,44,9,12
ycgm,0,51,10,13,3,5
ycgn,1,42,14,25,1,13
ycgr,10,139,11,4,11,12
ycgv,3,13,21,35,68,77
ycgx,0,25,1,10,29,32
ycgy,3,11,12,20,4,16
ycgz,4,25,412,917,26,35
ycha,21,130,41,97,6,21
yche,4,11,7,36,4,10
ychf,48,153,26,77,45,59
ychh,1,33,21,17,13,19
ychj,8,116,4,22,44,45
ycho,6,11,15,44,7,24
ychq,6,54,8,15,2,16
ycia,0,13,9,29,51,56
ycib,35,90,72,160,71,84
ycic,0,41,9,8,18,25
ycie,6,27,56,166,94,106
ycif,6,23,96,284,71,119
ycig,0,15,25,53,12,22
ycih,1,111,0,1,0,2
ycii,5,150,8,18,25,27
ycik,1,27,3,6,22,24
ycin,2,53,5,5,13,10
yciq,6,9,16,37,9,24
ycit,15,134,19,43,43,53
yciu,0,32,19,26,32,29
yciw,10,17,10,20,49,60
ycix,78,111,28,62,12,51
ycjd,5,44,12,18,36,54
ycjf,8,32,21,38,1,14
ycjg,14,65,50,136,3,24
ycjm,5,12,58,180,12,46
ycjn,5,10,17,63,5,30
ycjo,0,10,4,16,0,2
ycjq,0,7,0,1,1,8
ycjr,5,26,9,31,10,10
ycjs,3,5,5,21,1,3
ycjt,8,11,21,48,8,37
ycju,0,4,1,2,0,1
ycjv,2,18,13,43,14,30
ycjx,7,38,53,123,8,19
ycjy,3,20,22,58,80,86
ydag,892,536,25,61,103,160
ydas,6,5,13,42,5,44
ydat,0,18,13,36,5,27
ydau,5,12,27,72,10,62
yday,11,30,17,39,8,56
ydba,21,76,100,222,38,82
ydbd,1,6,18,57,5,43
ydbh,11,14,14,41,9,35
ydbj,7,51,15,59,2,2
ydbk,5,51,35,68,117,123
ydbl,10,38,19,37,8,25
ydca,2,45,26,20,2,5
ydcc,12,19,14,55,12,53
ydcd,5,15,7,30,8,34
ydcf,13,26,10,35,1,21
ydch,4,27,17,29,15,43
ydci,40,48,41,78,66,85
ydcj,6,27,4,12,1,10
ydck,3,57,68,130,87,114
ydcl,20,68,110,197,42,73
ydco,1,23,4,8,25,34
ydcr,10,72,50,107,4,35
ydcs,1,38,8,11,2,4
ydct,0,46,4,14,2,8
ydcu,0,21,6,17,6,6
ydcv,0,6,2,3,1,4
ydcy,1,33,2,1,2,2
ydcz,2,22,3,13,6,19
ydda,10,16,17,49,86,126
ydde,0,45,3,1,12,7
yddg,1,24,16,42,94,125
yddh,0,17,8,15,29,22
yddk,1,43,16,31,40,68
yddl,1,13,8,15,36,53
yddm,2,13,24,88,40,45
ydea,4,16,6,14,1,6
ydee,13,17,31,62,6,20
ydei,2,21,28,69,25,49
ydej,4,26,31,63,11,16
ydem,4,7,15,49,96,103
yden,19,16,18,58,111,136
ydep,6,10,26,81,80,95
ydeq,3,13,17,36,88,86
yder,5,5,17,53,67,94
ydes,0,15,12,60,62,71
ydet,0,13,17,86,103,106
ydfa,0,6,1,0,1,2
ydfb,0,5,9,6,1,2
ydfc,0,10,4,24,3,10
ydfd,0,4,1,3,1,1
ydfe,5,20,12,25,2,23
ydfg,31,260,35,65,7,12
ydfi,2,12,35,62,100,126
ydfj,4,13,34,103,121,123
ydfk,11,34,207,733,98,354
ydfo,0,11,6,22,3,17
ydfr,0,4,3,5,34,32
ydft,2,6,15,35,81,76
ydfu,1,11,2,13,29,24
ydfv,0,8,1,5,0,2
ydfw,1,9,9,35,34,53
ydfz,0,4,0,0,1,0
ydga,13,62,266,436,25,32
ydgc,2,62,14,41,60,71
ydgd,6,26,60,157,6,15
ydgh,21,323,12,26,2,20
ydgj,6,160,10,16,28,33
ydgk,1,51,7,23,1,6
ydhf,9,44,21,34,25,23
ydhi,0,10,0,1,0,1
ydhj,16,38,22,72,6,30
ydhk,4,15,3,19,5,7
ydhp,0,31,10,12,21,34
ydhq,29,164,176,416,59,70
ydhr,5,23,4,19,3,10
ydhs,1,21,40,73,4,25
ydht,0,5,1,1,12,14
ydhu,3,8,4,18,56,67
ydhv,0,4,11,38,65,96
ydhw,3,14,1,14,30,31
ydhx,0,6,3,11,34,45
ydhy,2,8,9,41,106,106
ydib,2,14,13,39,5,22
ydif,0,6,4,9,1,8
ydih,4,193,18,25,21,31
ydij,25,196,16,42,92,96
ydik,4,80,37,108,4,7
ydim,5,17,6,24,2,14
ydio,4,12,13,56,5,38
ydip,4,16,17,44,80,125
ydiq,7,19,17,45,12,32
ydir,1,14,4,12,0,9
ydis,2,10,5,15,2,25
ydit,1,14,3,8,1,13
ydiy,15,30,15,41,48,69
ydiz,3,114,107,159,8,9
ydja,6,60,19,51,63,36
ydje,8,16,16,43,109,141
ydjf,13,18,22,65,110,140
ydjg,4,12,17,51,99,111
ydjh,0,11,25,57,142,175
ydji,2,11,20,66,138,149
ydjj,0,4,6,19,87,99
ydjk,11,24,15,52,112,134
ydjl,5,13,25,42,104,146
ydjo,3,21,11,57,71,127
ydjx,0,11,6,14,5,17
ydjy,7,17,14,37,7,18
ydjz,7,14,10,23,4,11
yeac,110,230,26,53,68,79
yead,90,406,40,92,8,18
yeae,1,83,3,3,8,4
yeag,15,197,532,837,125,208
yeah,6,89,95,144,27,79
yeak,24,37,9,60,11,27
yeal,1,4,3,7,2,4
yeaq,1,160,117,270,54,51
year,4,21,16,35,63,106
yeav,1,12,7,22,6,11
yeax,4,10,19,61,10,41
yeay,32,82,30,68,45,64
yebb,1,9,12,35,13,20
yebc,21,143,18,56,31,49
yebe,0,20,7,5,22,15
yebf,2,133,127,238,31,31
yebg,22,48,225,511,31,47
yebk,24,72,22,56,8,29
yebo,7,59,18,27,36,64
yebq,4,21,6,12,4,13
yebv,1,93,54,107,26,35
yebw,1,27,29,51,2,15
yeby,2,44,11,37,29,39
yebz,0,31,3,1,8,8
yeca,1,164,4,5,10,9
yecd,9,75,4,14,3,6
yecf,1,41,2,12,2,5
yech,1,9,10,11,16,15
yecj,15,75,9,36,32,46
yecm,1,18,10,16,27,57
yecn,1,68,1,2,1,2
yecr,45,42,6,28,1,24
yect,9,20,25,58,16,66
yeda,2,31,8,18,3,15
yedd,17,136,10,51,30,24
yede,1,68,7,6,4,6
yedi,10,75,112,244,84,115
yedj,2,52,19,20,8,17
yedk,0,27,17,27,0,1
yedl,0,17,5,12,4,7
yedn,6,68,11,34,50,87
yedp,0,40,112,127,19,21
yeds,3,107,44,102,19,48
yeea,12,24,62,109,65,108
yeej,1,4,8,25,8,12
yeel,11,63,26,58,150,186
yeen,10,81,9,27,6,24
yeeo,4,18,19,56,53,83
yeep,0,6,4,10,1,10
yeer,2,20,8,24,6,16
yees,0,4,5,6,2,10
yeew,1,20,1,13,3,5
yeey,9,14,54,127,63,108
yeez,8,97,184,358,110,129
yefm,14,95,88,232,33,57
yegd,0,28,4,0,0,5
yegh,4,47,19,15,0,14
yegi,0,11,16,35,96,104
yegj,3,13,17,40,4,33
yegl,6,28,12,19,45,65
yegp,1,25,122,232,10,25
yegr,4,4,18,31,62,72
yegs,2,40,73,163,13,21
yegt,17,17,10,25,11,35
yegu,0,10,2,3,0,6
yegv,0,9,1,0,0,0
yegw,13,30,15,56,64,57
yegx,2,13,17,21,64,103
yegz,1,12,12,22,49,61
yeha,2,10,9,44,116,128
yehb,1,16,13,43,117,163
yehc,4,12,11,43,93,151
yehd,5,17,13,35,61,108
yehe,1,25,13,46,58,76
yehh,16,46,37,108,34,107
yehk,0,10,4,8,1,11
yehl,0,20,3,2,1,2
yehm,0,12,9,18,8,15
yehp,1,11,2,11,3,11
yehq,1,9,11,16,7,15
yehr,5,16,12,48,4,36
yehs,16,39,28,31,50,53
yehw,3,4,13,16,24,29
yehx,0,86,1,2,12,10
yehy,0,47,2,14,9,10
yeib,0,35,3,1,5,11
yeie,1,67,7,1,13,4
yeig,0,40,2,2,0,9
yeih,1,48,7,15,3,7
yeii,2,37,2,21,3,12
yeil,2,9,13,18,5,14
yeip,17,30,7,29,2,16
yeiq,32,29,26,75,3,35
yeir,0,43,3,2,0,4
yeis,1,10,1,1,1,3
yeja,4,11,11,49,3,25
yeje,3,19,11,29,10,31
yejf,0,17,2,7,2,8
yejg,0,99,28,24,18,21
yejk,19,182,14,36,27,31
yejo,4,8,23,58,118,160
yfaa,2,41,21,54,121,179
yfah,1,11,9,22,5,22
yfal,3,13,16,26,112,134
yfap,2,35,15,36,42,62
yfaq,0,4,6,9,33,38
yfas,10,16,23,29,95,138
yfat,5,4,12,15,100,114
yfau,0,20,2,2,20,16
yfav,2,17,7,7,39,54
yfax,3,18,14,17,50,79
yfay,0,36,19,38,36,45
yfaz,2,36,0,7,20,14
yfbk,4,10,18,33,78,152
yfbl,0,5,14,35,7,24
yfbm,3,7,11,25,10,18
yfbn,6,20,22,65,128,147
yfbo,0,22,0,11,0,4
yfbp,4,21,19,61,12,43
yfbr,2,28,4,9,2,7
yfbs,11,16,11,48,80,123
yfbu,16,200,38,96,45,82
yfbv,1,45,31,76,24,58
yfca,2,45,0,4,9,14
yfcc,2,20,9,17,7,11
yfcd,3,143,9,4,16,5
yfce,2,82,3,4,15,14
yfcf,1,99,21,36,25,43
yfcg,4,69,114,220,17,36
yfch,5,76,30,57,4,8
yfcj,1,8,6,12,25,59
yfcl,0,44,1,6,5,20
yfco,5,49,47,89,134,108
yfcp,1,17,10,17,44,63
yfcq,0,4,7,18,34,56
yfcr,3,11,11,12,57,80
yfcs,2,14,5,14,29,52
yfcu,2,39,21,59,120,178
yfcv,7,23,35,90,124,195
yfcz,0,9,11,4,14,14
yfdc,1,19,18,44,4,15
yfde,2,12,35,68,108,139
yfdf,4,7,15,32,12,18
yfdg,7,76,8,35,4,16
yfdh,50,113,18,57,9,34
yfdi,7,49,9,19,1,9
yfdk,4,11,17,32,78,105
yfdl,0,6,1,13,36,39
yfdm,0,7,1,3,11,6
yfdp,1,7,2,9,0,6
yfdq,5,14,12,44,5,34
yfdr,3,18,6,24,11,29
yfdt,0,15,3,5,2,9
yfdv,5,22,19,53,88,123
yfdx,2,6,15,38,50,95
yfdy,0,23,48,51,12,13
yfec,6,32,9,14,1,25
yfed,1,17,0,2,4,5
yfeh,4,64,6,17,2,9
yfek,1,16,5,12,5,14
yfeo,1,34,14,43,1,5
yfer,0,17,1,0,6,7
yfes,7,12,16,65,10,40
yfew,2,20,6,14,4,12
yfex,0,11,1,2,9,4
yfey,6,45,64,165,66,118
yfez,0,19,12,35,18,29
yffb,1,17,5,10,4,4
yffl,0,11,2,16,4,11
yffm,0,9,4,5,1,3
yffn,1,7,10,15,4,17
yffo,1,6,14,40,5,22
yffq,5,22,14,35,8,59
yffr,0,13,26,19,7,14
yffs,3,90,7,18,8,19
yfgd,18,154,14,34,6,22
yfgh,4,9,12,34,3,22
yfgi,6,7,18,45,7,26
yfgj,0,35,9,3,7,6
yfgm,32,193,29,61,17,29
yfhh,3,35,33,75,8,15
yfhl,10,33,26,82,4,24
yfhm,6,20,38,64,83,130
yfhr,0,20,0,1,0,3
yfib,13,43,11,37,4,12
yfic,8,84,4,18,34,60
yfie,1,15,14,39,52,69
yfif,12,150,13,19,25,25
yfih,1,84,3,9,4,19
yfil,2,10,18,22,3,17
yfim,0,16,3,0,0,4
yfir,0,21,11,29,9,21
yfjd,8,44,17,62,7,31
yfjf,0,36,3,2,6,15
yfjh,17,25,33,53,128,160
yfji,2,22,26,65,14,54
yfjj,4,15,12,34,3,31
yfjm,2,5,3,24,42,41
yfjp,4,18,8,21,5,6
yfjr,0,8,2,1,0,6
yfjs,1,13,8,23,4,16
yfjt,0,5,3,3,1,4
yfju,7,22,14,38,45,74
yfjv,6,23,5,16,39,57
yfjw,4,14,3,20,4,16
yfjz,0,13,1,5,3,8
ygac,6,15,30,68,55,69
ygam,5,117,245,369,77,116
ygap,2,41,10,37,9,26
ygaq,11,77,24,86,16,78
ygay,0,69,11,39,7,19
ygaz,0,147,0,0,1,3
ygba,0,5,2,1,10,11
ygbe,0,29,2,3,4,12
ygbi,33,31,25,72,47,111
ygbj,3,22,13,18,5,7
ygbk,3,5,5,3,5,4
ygbm,0,13,9,3,1,16
ygbn,3,23,13,37,4,23
ygce,1,13,18,44,10,33
ygcg,2,14,11,38,16,29
ygcn,0,20,5,2,2,8
ygcp,6,17,10,32,6,39
ygcq,0,7,0,0,5,10
ygcr,2,9,5,9,14,24
ygcs,2,14,10,19,33,56
ygcu,5,15,18,45,78,139
ygcw,2,20,9,39,89,143
ygdd,1,68,2,1,1,7
ygdg,32,28,17,46,11,20
ygdi,11,146,68,175,47,96
ygdq,1,41,4,13,2,2
ygdr,1,40,4,21,1,6
ygea,0,56,1,2,9,11
ygeg,0,13,4,4,1,7
ygeh,0,12,10,36,7,34
ygei,0,7,0,1,1,0
ygek,0,45,8,32,46,57
ygen,0,24,8,12,28,57
ygeo,0,12,2,6,15,23
ygeq,11,112,35,80,28,66
ygev,9,15,18,45,11,37
ygew,0,10,1,10,0,8
ygex,0,9,10,27,11,23
ygey,0,4,8,16,7,14
ygfb,35,326,11,33,5,14
ygff,1,21,3,2,3,2
ygfi,3,20,16,45,14,23
ygfk,1,11,11,31,11,23
ygfm,1,5,2,7,1,2
ygfs,0,16,6,1,2,4
ygft,8,15,15,25,21,46
ygfz,21,173,22,37,2,4
yggc,13,33,7,27,9,13
ygge,9,199,144,322,38,56
yggf,0,6,0,1,0,2
yggi,0,7,2,3,0,1
yggl,8,296,53,127,8,16
yggm,5,11,3,20,9,21
yggn,1,60,10,6,4,7
yggp,5,7,5,44,8,26
yggr,5,16,6,14,9,27
yggs,4,25,8,21,3,17
yggt,10,96,14,29,3,8
yggu,2,30,1,2,0,2
yggx,8,253,15,16,5,5
ygha,3,43,21,12,1,9
yghb,10,38,14,58,9,16
yghd,4,18,6,16,2,15
yghf,4,15,10,26,9,30
yghg,0,20,1,2,3,2
yghj,13,19,4,31,18,39
ygho,7,18,9,35,16,39
yghq,1,10,1,7,1,20
yghr,6,9,4,13,9,25
yghs,1,20,4,10,3,10
yght,1,13,2,8,1,11
yghu,0,19,6,15,0,3
yghw,5,18,11,37,13,16
yghx,5,50,135,276,24,32
ygib,10,158,18,44,5,11
ygic,119,142,54,128,14,35
ygid,1,14,3,5,9,6
ygif,6,40,14,16,3,12
ygil,0,25,6,27,2,16
ygim,14,123,18,39,4,11
ygiq,4,145,6,5,9,13
ygis,16,33,45,125,20,51
ygiv,0,36,10,5,3,2
ygiw,3,178,38,73,10,22
ygiz,0,12,0,6,3,5
ygjh,3,6,23,38,21,12
ygjk,2,9,6,25,7,12
ygjp,6,21,9,26,7,16
ygjq,0,12,4,12,4,8
ygjr,6,78,12,22,2,25
ygjv,3,10,8,6,3,5
yhab,1,8,8,31,3,8
yhai,0,17,8,26,5,11
yhaj,13,60,7,17,2,9
yhak,4,12,9,18,6,9
yhav,34,45,104,274,22,54
yhbe,1,71,12,33,4,11
yhbo,0,16,28,43,3,22
yhbp,9,37,6,24,10,7
yhbs,15,22,29,77,6,16
yhbw,2,78,30,52,3,16
yhbx,5,21,15,34,37,47
yhby,1,39,0,1,1,7
yhca,0,13,7,27,1,22
yhcc,0,25,4,4,5,7
yhcd,2,16,11,26,7,18
yhce,1,53,18,33,12,25
yhcf,5,10,18,65,12,38
yhcg,10,14,25,53,10,37
yhco,6,17,10,33,17,20
yhde,15,77,4,18,5,15
yhdh,10,67,48,106,9,20
yhdj,2,24,7,24,5,26
yhdn,19,96,35,131,10,25
yhdp,21,30,14,36,52,58
yhdu,7,30,5,10,2,3
yhdw,8,20,27,79,19,36
yhdx,1,11,9,17,5,10
yhdy,2,19,6,27,1,18
yhdz,3,8,15,50,9,40
yheo,21,187,28,71,31,44
yhes,10,59,3,14,2,9
yheu,9,19,12,31,9,9
yhev,16,75,6,21,10,12
yhfa,0,46,0,1,5,4
yhfk,12,58,6,27,7,14
yhfl,1,25,12,25,6,35
yhfu,1,10,7,2,19,19
yhfw,1,24,3,11,15,18
yhfx,5,8,11,21,11,18
yhfy,2,6,6,15,17,27
yhfz,19,53,13,43,19,37
yhge,11,18,9,30,31,40
yhgf,2,99,2,12,2,8
yhgh,2,21,6,18,0,1
yhgn,0,40,1,1,1,3
yhha,0,27,50,74,18,33
yhhh,0,13,0,1,0,1
yhhi,2,12,17,40,6,24
yhhj,9,47,2,6,5,13
yhhl,1,38,4,4,1,4
yhhm,0,19,3,4,5,8
yhhn,0,25,12,18,4,3
yhhq,3,39,5,24,1,16
yhhs,5,46,8,18,10,12
yhht,3,26,37,88,7,18
yhhw,3,32,19,48,14,21
yhhx,16,88,25,77,32,40
yhhy,1,19,2,3,1,6
yhhz,2,11,8,37,11,24
yhid,9,55,11,45,40,52
yhij,9,19,23,41,61,59
yhil,8,54,6,45,37,60
yhim,1,18,13,35,2,11
yhis,3,12,5,13,13,21
yhjb,4,12,11,27,18,33
yhjd,0,38,14,32,0,8
yhje,2,294,19,45,3,12
yhjg,109,75,169,412,74,98
yhjj,26,25,11,27,27,34
yhjr,11,88,44,74,38,35
yhjv,1,25,10,10,5,27
yhjx,0,7,2,13,37,35
yhjy,3,43,94,185,39,45
yiaa,3,21,13,28,43,49
yiab,2,22,4,26,19,31
yiac,0,12,3,7,3,4
yiad,2,11,3,14,4,13
yiaf,21,225,123,254,42,49
yiag,3,43,57,88,11,33
yiak,2,11,1,5,6,4
yial,4,8,8,20,8,20
yian,0,13,7,18,6,18
yiat,11,25,9,57,37,61
yiau,3,19,18,30,9,28
yiav,0,19,3,6,3,9
yiaw,2,7,4,4,24,18
yiay,5,17,14,34,40,54
yiba,2,11,11,23,5,13
yibf,7,115,6,19,9,14
yibg,0,11,6,14,3,20
yibh,6,14,15,29,10,12
yibi,0,11,5,2,3,6
yibj,1,9,6,32,7,9
yibl,0,86,2,7,3,5
yibn,71,152,40,84,15,24
yibq,9,63,9,12,3,15
yibt,0,29,16,7,32,30
yicc,10,120,11,17,6,14
yicg,3,23,10,18,7,13
yich,5,38,35,71,7,17
yici,9,7,8,27,40,66
yicj,12,16,10,18,51,61
yicl,2,17,12,22,4,29
yicn,3,18,13,33,41,32
yicr,6,201,8,18,51,33
yics,0,13,16,31,2,9
yida,8,34,6,27,28,22
yidc,60,459,10,38,7,13
yidd,1,228,0,0,0,2
yide,3,30,2,1,21,18
yidf,1,24,3,6,10,8
yidh,2,17,5,16,17,23
yidi,1,12,4,23,5,11
yidj,7,15,7,27,43,41
yidk,16,20,15,31,44,63
yidl,10,11,29,50,8,30
yidp,2,13,1,12,5,10
yidq,4,88,6,6,2,5
yidr,14,48,12,39,38,57
yidx,1,10,15,46,6,24
yidz,0,39,8,9,2,8
yiee,1,7,0,3,1,1
yief,2,29,18,33,4,9
yieh,7,31,11,30,9,27
yiek,4,19,10,41,35,41
yiel,9,19,16,53,51,62
yiep,11,61,29,76,51,60
yifb,2,4,12,19,49,57
yifk,20,153,19,40,8,28
yifn,4,24,8,15,43,36
yiga,56,108,19,36,5,8
yige,4,13,20,35,65,66
yigf,0,11,1,2,10,10
yigg,1,13,11,21,22,32
yigi,12,48,30,63,17,26
yigl,14,97,20,41,3,16
yigz,13,124,11,30,2,20
yiha,5,79,15,24,22,29
yihf,4,8,5,20,4,18
yihg,2,12,12,36,47,63
yihi,28,307,28,67,5,25
yihl,0,4,0,4,0,3
yihm,8,7,10,33,6,17
yihn,3,13,3,30,5,19
yihp,0,8,7,17,41,50
yihq,0,11,1,12,18,22
yihr,0,10,7,27,67,53
yiht,0,14,5,5,14,23
yihv,0,15,1,9,1,9
yihx,6,82,47,137,7,13
yihy,0,27,2,2,0,2
yiif,7,23,9,26,5,5
yiig,4,17,9,30,9,22
yiiq,0,36,3,1,4,10
yiir,4,34,8,23,4,14
yiis,4,76,27,50,7,14
yiix,0,14,7,16,27,35
yijd,20,70,8,25,8,6
yije,4,19,2,7,5,7
yijf,0,7,7,20,23,37
yijo,0,17,9,9,52,37
yjaa,4,20,1,13,2,3
yjab,0,17,1,3,8,9
yjag,15,141,11,54,6,11
yjah,0,92,3,0,0,6
yjaz,6,25,16,39,8,27
yjbb,5,23,20,34,3,17
yjbd,2,148,4,18,7,9
yjbh,2,33,24,58,13,33
yjbi,4,10,14,32,12,23
yjbj,9,28,134,233,175,268
yjbm,8,13,11,44,6,18
yjbq,11,73,21,55,2,11
yjbr,0,18,6,0,0,0
yjcb,4,4,15,36,10,15
yjce,2,57,14,18,1,5
yjcf,2,9,9,23,28,43
yjch,52,64,4,9,20,13
yjco,30,37,9,32,30,36
yjcs,4,9,14,34,71,90
yjdc,3,138,62,77,9,32
yjdi,0,26,9,2,0,3
yjdj,3,58,62,134,18,19
yjdm,10,72,77,131,29,29
yjdp,4,34,5,7,3,4
yjei,0,78,0,1,0,0
yjej,0,9,15,29,71,65
yjem,11,13,19,54,6,18
yjeo,0,23,4,10,2,9
yjet,0,19,1,1,1,2
yjfc,0,12,1,1,3,3
yjff,5,30,4,9,2,9
yjfi,6,7,7,25,2,26
yjfj,4,37,9,26,9,21
yjfk,7,12,4,25,4,18
yjfl,0,10,3,8,2,9
yjfm,1,24,14,35,8,23
yjfp,1,19,12,19,1,5
yjfy,0,7,5,24,24,42
yjfz,2,8,13,33,74,63
yjga,17,113,25,46,26,25
yjgh,0,8,10,27,16,21
yjgl,4,17,13,26,4,16
yjgm,8,55,30,67,23,45
yjgn,13,19,11,43,11,43
yjgr,4,82,53,135,58,56
yjgw,0,4,8,26,4,13
yjgx,2,67,15,41,55,57
yjhd,4,44,4,16,9,15
yjhe,0,11,3,5,0,1
yjhf,3,7,6,17,34,42
yjhg,8,4,15,32,53,60
yjhh,0,13,4,9,17,17
yjhi,16,27,27,62,77,88
yjhr,6,9,10,44,12,31
yjhu,9,55,26,42,24,24
yjhv,10,40,4,17,3,18
yjia,35,35,12,32,43,32
yjic,2,8,6,20,54,62
yjig,3,20,0,2,9,3
yjik,8,13,3,17,58,61
yjim,5,37,18,56,27,42
yjin,2,30,32,84,29,34
yjir,2,11,24,42,46,42
yjit,16,14,11,22,2,27
yjiv,15,39,25,49,7,21
yjjb,3,21,4,7,19,18
yjjg,7,75,60,118,10,23
yjji,1,22,10,35,59,59
yjjp,2,15,30,48,44,65
yjjq,21,19,17,47,8,33
yjju,3,35,13,26,1,6
yjjv,6,33,6,34,2,5
yjjx,0,7,0,4,8,13
yjjy,0,10,2,3,1,0
yjjz,5,28,34,94,4,21
yjtd,8,56,15,57,11,22
ykfa,6,26,21,63,35,42
ykfb,10,16,22,52,17,25
ykfc,3,15,25,51,6,31
ykff,1,6,1,3,5,0
ykfg,0,5,0,1,9,7
ykga,7,15,19,51,63,68
ykge,6,22,7,19,3,20
ykgf,1,10,15,21,12,12
ykgg,2,10,5,10,2,8
ykgh,2,6,18,34,56,89
ykgj,1,10,2,3,5,3
ykgl,3,12,9,26,6,21
ykgm,0,5,4,21,41,40
ykia,0,24,4,0,1,5
ylac,6,107,8,25,31,38
ylbe,0,9,2,1,0,2
ylbg,7,40,7,27,12,35
ylbh,2,7,19,56,4,39
ylii,2,24,13,36,8,13
ylil,2,12,2,20,5,16
ymce,1,23,5,14,3,12
ymda,5,40,3,2,5,9
ymdb,4,31,18,25,3,10
ymde,0,4,1,4,4,3
ymfa,0,15,8,20,51,67
ymfd,2,7,1,2,2,5
ymfe,0,9,0,0,0,4
ymfh,0,14,0,3,0,1
ymfi,20,62,15,35,2,24
ymfj,0,12,2,0,0,1
ymfk,22,36,9,29,4,19
ymfl,0,11,7,4,0,6
ymfm,0,5,2,1,2,5
ymfn,0,14,1,1,0,1
ymga,2,17,487,867,27,51
ymgc,0,23,33,41,0,4
ymgd,0,12,8,5,25,18
ymge,5,71,30,80,11,26
ymgf,0,19,1,2,4,5
ymja,19,58,15,40,49,59
ymjc,3,10,9,24,53,68
ynaa,13,6,18,50,6,63
ynai,0,19,20,44,54,90
ynaj,32,178,11,15,3,12
ynak,0,16,5,7,0,9
ynba,2,15,14,29,6,32
ynbb,2,17,13,35,6,32
ynbc,3,10,17,66,9,31
ynbd,5,13,15,44,3,21
ynbe,1,17,2,3,8,10
yncd,0,37,23,64,82,86
ynce,33,101,68,149,6,27
yncg,6,17,40,73,3,20
ynch,0,17,0,15,3,13
ynci,17,52,19,75,15,49
yncj,0,14,6,25,30,42
ynck,2,20,24,66,83,109
ynee,4,13,11,36,78,83
yneg,1,39,1,1,9,7
ynej,2,33,16,33,2,17
ynek,2,6,11,36,3,20
ynel,0,12,15,25,22,46
yneo,11,50,49,128,170,178
ynfa,1,18,0,2,11,6
ynfb,1,53,3,3,0,2
ynfc,17,42,83,203,93,134
ynfd,1,57,21,36,2,9
ynfe,7,12,23,34,5,26
ynff,1,18,12,32,11,38
ynfg,0,9,2,3,2,2
ynfl,1,15,14,11,21,21
ynfm,0,11,11,16,3,8
ynfn,0,13,1,8,18,35
ynia,2,91,68,141,7,10
ynib,17,52,96,174,101,135
ynid,0,5,0,0,0,2
ynjc,1,22,2,7,3,9
ynjd,0,37,6,22,4,22
ynje,1,17,2,14,1,4
ynjf,0,22,4,14,15,19
ynjh,16,22,7,22,39,52
ynji,7,10,17,31,103,124
yoab,0,112,0,0,0,0
yoac,0,39,42,58,3,5
yoae,0,49,0,4,13,10
yoag,4,13,11,23,49,78
yoah,0,17,2,7,13,9
yoai,0,18,1,1,7,8
yoba,4,46,64,135,53,66
yobb,0,16,3,1,0,0
yobd,14,53,17,36,9,24
yobf,67,1474,37,99,52,65
yobh,13,71,23,66,6,25
yodb,2,22,11,36,9,23
yodd,4,14,103,206,75,120
yoea,1,73,13,29,2,14
yoeb,0,69,23,14,13,9
yoef,3,9,2,7,3,8
yohc,0,26,195,301,78,142
yohd,0,28,0,0,1,2
yohk,1,29,8,7,2,6
yoji,55,80,32,71,133,164
ypaa,7,99,5,5,4,8
ypdc,0,11,4,2,3,4
ypde,1,18,3,2,8,13
ypdi,1,11,4,16,3,14
ypea,10,52,58,118,53,67
ypeb,2,44,14,41,11,24
ypec,1,13,2,14,7,8
ypfg,4,10,7,15,36,63
ypfh,3,47,7,5,7,25
ypfj,9,94,28,65,22,47
ypfn,1,63,3,2,3,2
ypha,0,35,45,75,1,14
yphb,0,41,4,8,22,50
yphc,0,22,0,2,9,9
yphd,0,23,1,6,12,19
yphf,7,14,26,86,109,183
yphg,3,11,10,29,68,124
yphh,6,23,28,58,11,33
ypja,8,14,135,218,82,149
ypjc,7,55,38,91,137,207
ypjd,13,37,8,20,7,11
ypjf,1,26,6,21,1,18
yqaa,2,102,15,28,29,29
yqab,6,44,9,22,23,43
yqae,3,65,38,107,32,52
yqca,1,134,8,17,12,39
yqcc,1,12,1,2,9,26
yqce,4,11,11,29,8,17
yqea,5,16,23,64,7,29
yqeb,0,29,0,0,3,8
yqec,1,18,5,9,5,17
yqef,67,60,15,41,25,53
yqeg,6,20,22,61,9,61
yqeh,8,29,39,94,14,105
yqei,1,17,17,32,9,27
yqej,1,5,3,10,2,14
yqek,1,24,5,16,12,22
yqfa,10,35,56,120,13,22
yqfe,0,7,3,17,7,9
yqga,0,16,5,12,1,7
yqgb,1,280,0,3,0,5
yqgd,1,18,10,17,8,24
yqge,0,129,5,2,1,6
yqgf,4,21,5,10,2,4
yqha,43,82,26,88,7,44
yqhc,4,37,117,239,21,38
yqhg,0,15,15,36,19,31
yqia,0,104,1,1,0,1
yqib,20,84,21,59,4,14
yqig,2,13,10,40,7,29
yqih,0,22,7,45,5,26
yqii,3,6,9,34,6,14
yqij,4,17,18,45,3,20
yqik,3,10,6,42,7,28
yqja,0,69,24,43,1,3
yqjc,3,178,526,1246,37,38
yqjd,3,827,184,360,10,11
yqjg,2,56,157,291,37,32
yqjk,3,31,134,325,5,11
yrah,1,16,8,41,7,24
yrai,0,8,15,27,1,17
yraj,2,14,13,36,4,28
yran,1,27,1,7,0,1
yraq,0,112,20,20,4,15
yrar,4,14,17,48,3,15
yrbg,4,51,33,67,6,13
yrbl,17,319,379,838,55,70
yrda,11,218,22,43,2,16
yrdb,8,81,10,30,14,22
yrdd,15,104,50,125,21,29
yrfg,4,141,31,60,8,23
yrha,0,13,5,3,3,11
yrhb,1,36,27,53,9,34
yrhc,0,17,12,20,4,15
ysab,4,4,3,6,10,13
ysga,9,39,52,119,9,25
ytfa,7,33,5,26,4,18
ytfe,7,16,13,44,24,45
ytfi,13,9,10,39,7,35
ytfj,2,10,2,1,2,3
ytfk,16,79,135,239,33,75
ytfp,2,26,3,1,1,3
ytfq,25,34,25,45,8,34
ytfr,0,17,1,1,0,2
ytjb,0,6,1,2,9,4
ytjc,62,127,23,87,7,19
yzcx,7,24,17,40,5,30
yzfa,0,6,0,0,3,2
yzgl,3,36,3,18,15,17
zapa,139,356,46,94,27,56
zapb,22,308,11,32,7,19
zapc,28,109,61,130,12,63
zapd,13,74,11,16,18,25
zape,11,61,8,17,21,19
zapg,58,204,25,70,12,30
zint,2,7,9,23,7,22
zipa,186,422,602,1368,130,226
zitb,6,31,6,14,22,28
zntb,7,66,69,180,7,22
zntr,5,62,76,151,21,34
znua,38,96,88,174,152,190
znub,4,43,7,25,4,7
znuc,7,54,9,30,9,20
zrar,1,41,2,3,2,9
zras,6,5,7,8,4,4
zupt,8,45,11,35,5,20
zur,12,72,3,7,9,15
zwf,84,649,95,183,130,194
