gene,gene_clean,coordination_score
trpE,trpE,0.14716159013733765
srlE,srlE,0.14716159013733765
pspD,pspD,0.14716159013733765
mhpE,mhpE,0.14716159013733765
nrfG,nrfG,0.1033614150545334
dtd,dtd,0.1033614150545334
ydcD,ydcD,0.08929858319971971
xylG,xylG,0.08029469831396521
aldB,aldB,0.07837869794340131
ydaF,ydaF,0.0783786979434013
melA,melA,0.07310932706556747
melB,melB,0.07111325454249412
hokC,hokC,0.06529331352732787
xylE,xylE,0.06238063677750026
lit,lit,0.06157997399234774
yhhQ,yhhQ,0.059977184556351495
yffL,yffL,0.05990987044848848
phnJ,phnJ,0.058556938566861776
ycaO,ycaO,0.053731598477021164
ygfK,ygfK,0.05339046462356339
gltK,gltK,0.052809486247838267
nikA,nikA,0.05221849041048027
ygeX,ygeX,0.050840406486292906
cobC,cobC,0.05053653055988731
araB,araB,0.05042967056752941
pppA,pppA,0.050037571731248225
mdlA,mdlA,0.04950130788945569
ykgH,ykgH,0.04906252500469772
yqhG,yqhG,0.04787021390240374
nfrB,nfrB,0.04608855288210061
yafZ,yafZ,0.04427526213231464
yggP,yggP,0.043518847575113664
yceF,yceF,0.04344513771584195
asnB,asnB,0.04314204755846108
galS,galS,0.042575341327066286
recT,recT,0.04030017117367684
ydjL,ydjL,0.040172010318135866
thiM,thiM,0.03984486659214541
ygfT,ygfT,0.03926611745531116
cmtA,cmtA,0.03922410344066304
yccF,yccF,0.039167696452421255
ygcG,ygcG,0.039068998408275116
yjfY,yjfY,0.038759090939277804
fiu,fiu,0.03869718005147455
yijD,yijD,0.03849520506055054
bglH,bglH,0.03842776115361577
lpxA,lpxA,0.03832496144251395
yjiT,yjiT,0.03809651538036606
yehB,yehB,0.03738133249315901
fecB,fecB,0.03628857629889194
pspA,pspA,0.0362204582414194
yjjP,yjjP,0.03547931696094599
ybeQ,ybeQ,0.035477046346829036
rhtA,rhtA,0.03521328203937961
dgoD,dgoD,0.03507488431920358
ppiC,ppiC,0.0345396707813237
mreC,mreC,0.03447521134451852
LELOBEKK_fdoG,fdoG,0.034472200215492646
pdxK,pdxK,0.034148354370515485
ybaP,ybaP,0.034148354370515485
yfaV,yfaV,0.034148354370515485
fliQ,fliQ,0.034148354370515485
bglF,bglF,0.03392598859143399
fdnI,fdnI,0.033286439067243316
yjfI,yjfI,0.03316411575376364
rhsC,rhsC,0.03283172030048715
zitB,zitB,0.032344524088063556
yagS,yagS,0.03220813167183828
frlC,frlC,0.03182273422660235
intF,intF,0.03156963977424378
csgE,csgE,0.03130643511839091
gudD,gudD,0.03129984636588022
yegZ,yegZ,0.031238940413357355
hisF,hisF,0.03114544563832627
yejA,yejA,0.030575014873427356
fimB,fimB,0.03042698985129246
rhsE,rhsE,0.030314314126309312
yraH,yraH,0.02943511410781606
dacA,dacA,0.028855740199739004
dos,dos,0.028752016788308344
atoC,atoC,0.028550533971425995
mglB,mglB,0.02824492799090658
yqaA,yqaA,0.02821905840660729
yfcU,yfcU,0.02790683892771142
wbbH,wbbH,0.027615011203161833
yiaT,yiaT,0.027414992192477637
ydeK,ydeK,0.026931974708107778
ydiP,ydiP,0.026875024747716386
rep,rep,0.026486116719362844
plsB,plsB,0.026153718338925373
hdfR,hdfR,0.025867278372002457
yfdK,yfdK,0.025727435130908426
ygcW,ygcW,0.02544474195968885
wcaM,wcaM,0.024998945375037773
crl,crl,0.02481453449647235
yffN,yffN,0.024739558085756546
yacF,yacF,0.024423313627180056
yfeS,yfeS,0.024359287635853266
ushA,ushA,0.024204361572822984
yebO,yebO,0.024080854481463753
ampC,ampC,0.024008367111688335
gyrB,gyrB,0.023757647185149094
yhdX,yhdX,0.023459162250652456
yecG,yecG,0.023332488124918768
yeiJ,yeiJ,0.023105581510267995
yciX,yciX,0.022987880025217258
yiaL,yiaL,0.022857620596086654
yfcP,yfcP,0.02278185976391596
cadC,cadC,0.02233657409708327
lpxC,lpxC,0.02218476353902306
hslU,hslU,0.02215596956179156
yeeL,yeeL,0.022025683266646865
gltB,gltB,0.021855908268418503
ppc,ppc,0.021814810408834127
yffS,yffS,0.02139925476666568
purL,purL,0.02131560915987433
bssS,bssS,0.021211491711386466
xapB,xapB,0.02107625286146587
ybeT,ybeT,0.020968082018142157
ydjR,ydjR,0.0208671537838267
yphF,yphF,0.020810648282823817
groS,groS,0.02079244488266226
yfhJ,yfhJ,0.020778978414994213
agaD,agaD,0.02062827588589423
ygcI,ygcI,0.02060757405258273
yiiG,yiiG,0.020458066951561323
yicI,yicI,0.02045018056607454
yjeK,yjeK,0.020433214038501655
mrdB,mrdB,0.020210361158019587
ybiO,ybiO,0.02002800241007201
lsrK,lsrK,0.019475906678529057
yggR,yggR,0.019472698091481673
ycjM,ycjM,0.019436272181322673
ycgL,ycgL,0.019362709012613874
phoR,phoR,0.019240818780078783
wzxC,wzxC,0.019195779020289686
creD,creD,0.019154036201976445
ccmG,ccmG,0.019060695792394923
rspB,rspB,0.01893752445279383
ygaP,ygaP,0.01889923235584989
yfeA,yfeA,0.01886663209927381
zntR,zntR,0.018804769086766763
yicS,yicS,0.018787744220694298
macB,macB,0.018739566913028846
guaB,guaB,0.018555104227815797
oxc,oxc,0.01828285582352056
rnd,rnd,0.018261601422145498
ompF,ompF,0.01803969801044324
yphG,yphG,0.017976047165344292
ybbL,ybbL,0.017864896616026794
yfaL,yfaL,0.017757753136588405
fepA,fepA,0.017732097710484496
yieL,yieL,0.017648210933332773
ygaQ,ygaQ,0.01739944322979652
secF,secF,0.017387185064330478
yedJ,yedJ,0.01734084355068085
dacD,dacD,0.01720131703877299
panC,panC,0.017163312573405455
yfdV,yfdV,0.017129587877631473
glpQ,glpQ,0.01704191599433335
purE,purE,0.017025084823561968
cdh,cdh,0.01695051903339305
ydjK,ydjK,0.016831272694298065
pphB,pphB,0.01670020650686648
ypjC,ypjC,0.016682146705632454
yieK,yieK,0.016639931191930298
intR,intR,0.01661658911681427
ydjJ,ydjJ,0.0165559824714971
idnO,idnO,0.016520735251009225
pbpG,pbpG,0.016440162238616562
nirB,nirB,0.016335748162944842
gsk,gsk,0.01630722831382492
eutQ,eutQ,0.0163025521895767
yibH,yibH,0.016256393140728867
yqiI,yqiI,0.016142829027994927
tonB,tonB,0.016129076271542548
bglX,bglX,0.016073823580934652
rplL,rplL,0.01590609227962441
ybiW,ybiW,0.015829212644168842
yecT,yecT,0.015817411563492492
rnb,rnb,0.01574952920228217
emrK,emrK,0.015616976417575897
yqaB,yqaB,0.015599382177867275
yegS,yegS,0.015479526756916252
ygbT,ygbT,0.015233454926738697
mdtC,mdtC,0.015083028789583064
yeiT,yeiT,0.015016839125572966
yciF,yciF,0.015008740556527882
ydcP,ydcP,0.014887800183776483
yibD,yibD,0.01482678879247397
truD,truD,0.014782927403126981
yojI,yojI,0.014774476005556507
yqeI,yqeI,0.014665414993550905
nlpB,nlpB,0.014646436499514033
yjjG,yjjG,0.01464125437957926
rpsA,rpsA,0.014569236409110323
yneJ,yneJ,0.014533336381502691
potD,potD,0.014515093178189028
yfiP,yfiP,0.014327493490931969
yedM,yedM,0.014327493490931969
glvC,glvC,0.014327493490931969
holE,holE,0.014327493490931969
yfhA,yfhA,0.014202689715290123
yfaS,yfaS,0.014181556394479093
frsA,frsA,0.014149247339820283
yddA,yddA,0.014136091022832415
yeiM,yeiM,0.013936058186286373
potA,potA,0.013890499231596107
yfaA,yfaA,0.01388018269719517
ydeQ,ydeQ,0.013790656779990626
ybjL,ybjL,0.013748156883092711
cmk,cmk,0.013716015228708458
ptrA,ptrA,0.013684457613078354
ydfU,ydfU,0.013496571802572709
yncI,yncI,0.013440240543817464
yafY,yafY,0.013393745569455008
purM,purM,0.013393745569455008
prpR,prpR,0.013337535062870191
yggD,yggD,0.013138821037758344
pspF,pspF,0.01312975015898235
yccU,yccU,0.013122262588755493
birA,birA,0.01310565919911904
cheB,cheB,0.013016258396001868
arpB,arpB,0.012962249807017368
uidC,uidC,0.01291751063012432
ydiB,ydiB,0.01290790239561837
yraI,yraI,0.012862451065354993
yjhR,yjhR,0.012784607256862207
ydeI,ydeI,0.012779620237085449
yfcR,yfcR,0.012742213938128657
dapA,dapA,0.012677456881143448
ybgF,ybgF,0.012638778372442774
ydfT,ydfT,0.012621722376672527
ydjH,ydjH,0.01244799723429779
gatD,gatD,0.01240782873670881
yhdN,yhdN,0.01233743736169064
cspI,cspI,0.012304984362489975
ygbF,ygbF,0.012301965413386275
katE,katE,0.012264609260324159
gspK,gspK,0.012213205351550276
eutG,eutG,0.012210436743939715
yahL,yahL,0.012098981642786881
ygcB,ygcB,0.011993483897059263
ybhD,ybhD,0.011971797323367816
atoB,atoB,0.011941858886840375
yecR,yecR,0.011935363377449661
ulaG,ulaG,0.01187154483112455
gltX,gltX,0.011849816985081127
rfaL,rfaL,0.011794183654269508
yfgF,yfgF,0.011738448193213279
ybfB,ybfB,0.01162306811265602
lomR,lomR,0.01162306811265602
yjhT,yjhT,0.011496320813083492
kdpC,kdpC,0.011464132975340217
kdpB,kdpB,0.011464132975340217
ydfQ,ydfQ,0.011404326080207913
yhbX,yhbX,0.011384441240167029
intG,intG,0.01131351846161728
yfjL,yfjL,0.011287728650309919
sbcD,sbcD,0.011273484844753129
evgS,evgS,0.011243849022824806
purU,purU,0.01120941196150285
chiA,chiA,0.011171838823314219
aldA,aldA,0.011151914543626214
yfbS,yfbS,0.011140063749869943
agaB,agaB,0.011079158637507957
rhlB,rhlB,0.011042669297166905
yqjC,yqjC,0.010867532522771747
fhuA,fhuA,0.010811464333328745
eptA,eptA,0.010742548510891603
yeeA,yeeA,0.010717579496728146
fimA,fimA,0.010714987054016141
yoaD,yoaD,0.010661746293006051
yohC,yohC,0.010659037738131693
ybaS,ybaS,0.010626563776990809
malX,malX,0.010622942811880046
glmM,glmM,0.01054161930652688
exuT,exuT,0.010518367806168006
syd,syd,0.010493641046857804
ypfG,ypfG,0.010491431946275056
ynfC,ynfC,0.010486160360876866
trg,trg,0.010460422450450107
btuB,btuB,0.01044925058452329
ydjI,ydjI,0.01042349306542254
gcvA,gcvA,0.010404470519412286
fdnG,fdnG,0.01039148852910711
rpiR,rpiR,0.010326192904386616
yadN,yadN,0.0102884932224163
nhaA,nhaA,0.010197284610310128
yehA,yehA,0.010188082981732332
speC,speC,0.010151175687258969
ydiU,ydiU,0.010124330863434585
dhaR,dhaR,0.010121078455221427
aegA,aegA,0.010072810100252384
mdoD,mdoD,0.010072630405498946
proP,proP,0.010004433409207467
yiaV,yiaV,0.009964640696897165
rplC,rplC,0.009961362929021519
ybhM,ybhM,0.009947077747424081
yfdE,yfdE,0.009944397167320733
pspC,pspC,0.009936382371750563
ydbH,ydbH,0.009688438540658935
yjhD,yjhD,0.00967224842605091
arpA,arpA,0.009634363319000066
yejO,yejO,0.009631894770413109
yeeR,yeeR,0.009614961971127418
rplJ,rplJ,0.009610884619120786
mlrA,mlrA,0.00959262834148064
leuA,leuA,0.009539726861695552
yfhL,yfhL,0.009537631179252428
manZ,manZ,0.00951378448555352
tauD,tauD,0.00941966894697985
glgB,glgB,0.009401671334352102
nrfA,nrfA,0.00936433288379927
yafL,yafL,0.009322213826457827
kefB,kefB,0.009259660067372116
ftsH,ftsH,0.009253954386345424
ymgA,ymgA,0.009233196450180042
yagJ,yagJ,0.009197138499620021
ychF,ychF,0.009172367783478574
rumA,rumA,0.009154296749760257
ytfN,ytfN,0.009143689814285162
ygcU,ygcU,0.009111966678506342
aspA,aspA,0.00900305292751069
pqiA,pqiA,0.008895148289672495
sdaB,sdaB,0.008878382929748357
kefA,kefA,0.008809438139153233
eutP,eutP,0.008734420737479985
yciH,yciH,0.008734420737479985
fusA,fusA,0.008715017662788387
yjcP,yjcP,0.008692006272882915
mobB,mobB,0.008653866911824203
rpmC,rpmC,0.008645170601880494
sseB,sseB,0.008603737358767672
dinD,dinD,0.008601267400746999
ydiM,ydiM,0.008579601620620499
yddB,yddB,0.008517850825554446
rsxC,rsxC,0.0085022904105465
napB,napB,0.008500279400246535
yagX,yagX,0.008463128640540947
yehC,yehC,0.00846113675419757
wbbI,wbbI,0.008458929844200784
rffM,rffM,0.008455061228617286
rpoZ,rpoZ,0.008454238212308549
dcd,dcd,0.008451908108548513
yhiJ,yhiJ,0.00843823573685455
hepA,hepA,0.008432545076115268
ydbA,ydbA,0.008410168648225363
narX,narX,0.008391289709431054
rlmL,rlmL,0.00835738173133284
ybfD,ybfD,0.008350768686287967
caiT,caiT,0.008339936805478995
ade,ade,0.008335088103618634
yhiS,yhiS,0.008333215224882505
rplO,rplO,0.008285106859239943
ycdB,ycdB,0.008187715222930046
yehU,yehU,0.008151972558756038
mltD,mltD,0.008124726882524589
uvrA,uvrA,0.008117697894347136
yneF,yneF,0.008085085342690939
nhaB,nhaB,0.008079128976642454
yhhZ,yhhZ,0.00806721882043861
cbl,cbl,0.008050880537527826
yajR,yajR,0.008025052371057592
umuC,umuC,0.008004946616604365
yehD,yehD,0.008000737584925156
metE,metE,0.007926479782069026
ymjA,ymjA,0.007923023400421227
phoE,phoE,0.007916379790170357
creC,creC,0.007906811053160974
ytfK,ytfK,0.007845239150203723
ydcQ,ydcQ,0.007815787861851902
ykgA,ykgA,0.007802054604049204
yiaF,yiaF,0.007787969457792533
ynjI,ynjI,0.0076733733124295
hscA,hscA,0.007656235907203951
uraA,uraA,0.007613939485360244
speF,speF,0.007601695278382936
napA,napA,0.007572181613342321
rfbA,rfbA,0.0074623544767891264
asmA,asmA,0.007446227769109989
sgcR,sgcR,0.0074142010260778565
tetR,tetR,0.007411847433923661
alkB,alkB,0.007403430612587144
fecC,fecC,0.007403377054028042
yeiC,yeiC,0.007397581021033331
yneH,yneH,0.007371552652267516
lepB,lepB,0.007371468026500652
cysK,cysK,0.007346285913066182
sodB,sodB,0.007309206941921341
argD,argD,0.007248155325217861
rfaI,rfaI,0.007179765130512799
osmY,osmY,0.0071663089252874184
yhhS,yhhS,0.007159640302378042
yciB,yciB,0.007158109469443609
yjgF,yjgF,0.007157233548343425
rpoA,rpoA,0.007115096895910857
ydfP,ydfP,0.007091825278490121
ydfO,ydfO,0.007091291039530309
yccE,yccE,0.007068109791301158
clpX,clpX,0.007038782781445239
cspA,cspA,0.007018396587499394
nrfB,nrfB,0.006984876081995781
vapC,vapC,0.006979204026275552
ybgP,ybgP,0.006900066808438742
erfK,erfK,0.006853991643344172
perR,perR,0.0068534195111328786
ydhX,ydhX,0.006832168653238629
helD,helD,0.006821735638127058
ybjS,ybjS,0.00677305614280829
eptB,eptB,0.006772978968269689
ygeQ,ygeQ,0.006757002707739273
ypdA,ypdA,0.0067356827146035384
ybgH,ybgH,0.006731367892079302
ycgZ,ycgZ,0.006704939320462696
yeaS,yeaS,0.0066880040811969615
gatB,gatB,0.0066692111694233586
betA,betA,0.0066485532980615795
yedA,yedA,0.006646676388833406
yhcB,yhcB,0.006635959385094733
galR,galR,0.006635014738874217
fpr,fpr,0.0066348443112768255
arcB,arcB,0.00660480957713903
ybhT,ybhT,0.006561909965768464
gloB,gloB,0.0065554830268493005
yfbU,yfbU,0.006547639367888474
suhB,suhB,0.006546991623840254
yaiL,yaiL,0.006528914030516811
trpS,trpS,0.0065001996508966845
rplD,rplD,0.00649415433964197
yfeT,yfeT,0.006489822015488544
camR,camR,0.006454335482931447
ihfA,ihfA,0.00645342702005532
ydfI,ydfI,0.006391233978056169
menB,menB,0.006364314197648428
dppF,dppF,0.0063627367916021665
yfaP,yfaP,0.006354140732362871
yffO,yffO,0.0063494362213173195
hflX,hflX,0.006340136810016024
rpsD,rpsD,0.006333991198282575
yfhM,yfhM,0.006264450712530626
ydcI,ydcI,0.006253510590274099
pflD,pflD,0.00624716222040452
uvrC,uvrC,0.006232624363384538
mdtI,mdtI,0.006227988428379902
ydeT,ydeT,0.006209145225430065
lpxM,lpxM,0.006188608982300359
dcp,dcp,0.006168233788303145
otsA,otsA,0.0061671878188553604
purB,purB,0.006159423266700574
gatZ,gatZ,0.006099712382970643
zraP,zraP,0.006086584808445529
yidK,yidK,0.006071181086083375
yidJ,yidJ,0.006030296112865416
yeeO,yeeO,0.006028144942349911
ptsP,ptsP,0.006027733447497603
yfdH,yfdH,0.005973634272260173
folC,folC,0.005950298834669958
proC,proC,0.005946703338573909
gltF,gltF,0.005944308680387604
dedA,dedA,0.005920979540302892
dctA,dctA,0.0059003270330084965
mglA,mglA,0.005866179435321756
torZ,torZ,0.005863611093751322
edd,edd,0.005862844709353023
dps,dps,0.005751123002718638
metI,metI,0.005744766260540833
yhcA,yhcA,0.005717150096357603
flhA,flhA,0.005703298319774104
amn,amn,0.005702364037730708
ycjO,ycjO,0.005630789399547953
ymcE,ymcE,0.005614568606723348
yrdB,yrdB,0.005592072491697453
ydhJ,ydhJ,0.005578977027582449
ompA,ompA,0.005573957130961633
cusR,cusR,0.005565008890132722
rplA,rplA,0.005514981793341965
bcsB,bcsB,0.0054880514052528424
molR,molR,0.005482129841414738
acpP,acpP,0.005480475330299938
mscS,mscS,0.005479756336678133
yagV,yagV,0.005412171014530009
rfbB,rfbB,0.005393620895978126
yaaA,yaaA,0.00538396583104706
proV,proV,0.0053825969409663135
chaA,chaA,0.005382213427204252
ygeD,ygeD,0.005342061382409075
gadB,gadB,0.005329451317298072
deaD,deaD,0.005329359668654733
fumA,fumA,0.00531849531709913
yaeJ,yaeJ,0.0053101615102610356
yfcF,yfcF,0.005309315377306478
rhaB,rhaB,0.005301892855045851
ygcH,ygcH,0.005296530617415555
ydaM,ydaM,0.005290517177529472
gspC,gspC,0.005280891138375782
purF,purF,0.005275528214677778
yehR,yehR,0.0052573955574132724
crcB,crcB,0.005238362349322454
LELOBEKK_yshB,yshB,0.005200969193193189
fliG,fliG,0.005193017278458782
yieP,yieP,0.005184869324732551
hsdR,hsdR,0.005157065489522396
iap,iap,0.0051558553898511895
rplE,rplE,0.0051518900990664435
rpsE,rpsE,0.005150882529926729
yjgN,yjgN,0.005147151884321773
yfaH,yfaH,0.005106238975790517
trkA,trkA,0.005097599394774418
yohL,yohL,0.005096321538659473
amiB,amiB,0.005079029328055407
eno,eno,0.005073247204153862
yjhG,yjhG,0.00507252469954892
ycaC,ycaC,0.005054647857008445
rplW,rplW,0.005033978197658253
ydfW,ydfW,0.005021852035995054
slyB,slyB,0.005000815426935091
yeiU,yeiU,0.004974081682570458
chbC,chbC,0.004958936852443076
fkpA,fkpA,0.004943953201486489
yicL,yicL,0.004943006824928824
tktB,tktB,0.004917030782481857
yhcM,yhcM,0.004916892561437316
tdcC,tdcC,0.0049122530037090505
rplI,rplI,0.004901987148892051
mukF,mukF,0.004901023380976683
ptsI,ptsI,0.004880567658536429
yfcV,yfcV,0.004822929568057531
mdoH,mdoH,0.0048170404018623835
yagK,yagK,0.004803880084128328
mdh,mdh,0.004801664571504105
yfhK,yfhK,0.004763330206721726
cirA,cirA,0.00475540224491667
ybjX,ybjX,0.004749352900111451
rbsA,rbsA,0.004739226616171086
def,def,0.004735082740562469
yqeA,yqeA,0.004719332957474131
chaC,chaC,0.004714070470096889
secA,secA,0.0046519317686296935
hfq,hfq,0.004609885137012849
ydbC,ydbC,0.0046056099978696715
artM,artM,0.004602246293505869
yfaX,yfaX,0.0045957453064399256
evgA,evgA,0.004508118289703932
gyrA,gyrA,0.00449410876882994
yeaB,yeaB,0.0044918078134623665
yfeY,yfeY,0.004491602585058745
LELOBEKK_gpt,gpt,0.004471850132819384
bcp,bcp,0.004439189106441415
yhfK,yhfK,0.004423674511687935
yqiK,yqiK,0.0044000267941433
LELOBEKK_rpsL,rpsL,0.004392544819352926
rplR,rplR,0.004373524191122021
ygjJ,ygjJ,0.004362457090159493
ygeH,ygeH,0.0043309085504834935
yccJ,yccJ,0.004330307161493057
yraK,yraK,0.00431597331141836
gapA,gapA,0.004306271141796835
rpsN,rpsN,0.0042928504967798715
recC,recC,0.00429272380922254
treC,treC,0.004289343897789102
yibA,yibA,0.004271046763300057
yjhC,yjhC,0.00426264294901073
recB,recB,0.00424067563612573
rfbX,rfbX,0.004224056181269979
rffD,rffD,0.004223594455896138
uxaB,uxaB,0.004219308261893502
yebA,yebA,0.004218946080707112
chbB,chbB,0.004216763306773045
rpoH,rpoH,0.004205273116329641
rnc,rnc,0.004198447317240886
ybhI,ybhI,0.004170184400577245
yliE,yliE,0.004166050030409231
nlpI,nlpI,0.004164614088698588
hyi,hyi,0.004124123922997074
rpsK,rpsK,0.004118615013044217
ais,ais,0.004109950289266025
yaiT,yaiT,0.0040986003771586186
sfmH,sfmH,0.00409496103722039
LELOBEKK_galT,galT,0.00409078068870162
fixC,fixC,0.004060631509207993
yghT,yghT,0.004060159579062671
yhgE,yhgE,0.004045195098555793
gmr,gmr,0.0040382393696220265
ybiP,ybiP,0.004009543988021625
yffR,yffR,0.003979824160476108
speA,speA,0.003973447530042525
secY,secY,0.003970734630283411
hycI,hycI,0.00396648995736344
ybdG,ybdG,0.003957814422461705
malQ,malQ,0.003939127602254477
hns,hns,0.003933674520959179
pgk,pgk,0.003932709094070995
ftsX,ftsX,0.0039062453975029004
uspA,uspA,0.0038960881654611142
rho,rho,0.0038838552180148938
citC,citC,0.0038760811814761093
pck,pck,0.003837499642227785
idnT,idnT,0.0038335809835874255
ybbN,ybbN,0.0038298656016350673
metH,metH,0.0037967074261544644
yfiR,yfiR,0.0037635563214158513
pepN,pepN,0.0037463988934771223
dnaX,dnaX,0.003746297324647148
yohN,yohN,0.0037287914157843054
sufD,sufD,0.0037104798311382355
dusA,dusA,0.003679171061077095
nrdI,nrdI,0.00367065594167379
yejB,yejB,0.003669097897122563
mtr,mtr,0.003634017352770739
yqjD,yqjD,0.003626300277893784
uspB,uspB,0.0036262081048919004
rpsQ,rpsQ,0.003618843131671843
yhbS,yhbS,0.003615555024477894
rhsB,rhsB,0.0035996391791022807
rtcB,rtcB,0.0035966442577320006
crr,crr,0.0035875666526039443
paaX,paaX,0.0035829366163706625
nudK,nudK,0.00357464025654643
yfjH,yfjH,0.0035128235893899427
sfcA,sfcA,0.0034970332546496587
ybaE,ybaE,0.0034928397743237993
slt,slt,0.003490341698714319
cspC,cspC,0.0034786387372627006
argF,argF,0.0034786387372627
pgaA,pgaA,0.0034737073651572112
rfaS,rfaS,0.0034629619232928676
trkG,trkG,0.003433762535700922
yedQ,yedQ,0.0034259269858629097
rplN,rplN,0.003421431300704513
aspC,aspC,0.0034136179687865673
ydgJ,ydgJ,0.00340855264250923
yfdQ,yfdQ,0.0034044635779073395
yoaG,yoaG,0.003401624199060165
cpsG,cpsG,0.00339848936770789
era,era,0.003380907588855401
yjfZ,yjfZ,0.0033763008707121843
tpiA,tpiA,0.0033612164388844906
yaiX,yaiX,0.003350336297262664
fsaA,fsaA,0.0033254312611690684
cusC,cusC,0.00332232313375976
acs,acs,0.0033139997061610586
fadJ,fadJ,0.003310808279283366
wcaK,wcaK,0.003307174787308819
ydjO,ydjO,0.003300248765652125
lsrF,lsrF,0.0032855021292360724
fimC,fimC,0.0032737614317382064
yrdA,yrdA,0.003272286677342223
ytjC,ytjC,0.0032722636274959455
xylF,xylF,0.003258078164315222
LELOBEKK_lacA,lacA,0.0032500100851667628
ygaM,ygaM,0.003245800111895726
dnaA,dnaA,0.003228933756877158
LELOBEKK_appX,appX,0.003227059206649382
yagL,yagL,0.0032267352572272444
prmB,prmB,0.0032244611133363096
glcB,glcB,0.0032208348543868036
rimM,rimM,0.0032057794784208023
xylR,xylR,0.0031858431382357885
yeaG,yeaG,0.0031734049189091895
narQ,narQ,0.003162308848479259
dedD,dedD,0.0031548987529729407
lrhA,lrhA,0.003147273154754264
yfaY,yfaY,0.0031468859800447115
bioF,bioF,0.0031463237631662658
LELOBEKK_lexA,lexA,0.0031324023764787135
nusA,nusA,0.003130052427976322
yhcF,yhcF,0.003119711413267227
ynbD,ynbD,0.0031157441578866774
yedI,yedI,0.0031144093251150445
smg,smg,0.0031139601803551803
nudH,nudH,0.0030984961847148615
mdoC,mdoC,0.0030982589156445662
yrbL,yrbL,0.0030778570277835066
kgtP,kgtP,0.003073022076126295
yddG,yddG,0.0030629990598051845
bipA,bipA,0.003060305744333465
yiaA,yiaA,0.0030551805136500494
ygjV,ygjV,0.0030420837423334422
stpA,stpA,0.003031742783571392
cyaA,cyaA,0.0030290102165991717
rrmJ,rrmJ,0.003022046933554979
yebY,yebY,0.0030215854954054183
rpoS,rpoS,0.0030153141079515286
yehS,yehS,0.0030030013076360706
mngB,mngB,0.003000151332863757
yhbT,yhbT,0.002994610222277147
yifK,yifK,0.002974313918918132
rssA,rssA,0.0029743040772851233
pspB,pspB,0.0029676103031046172
ydbK,ydbK,0.00295540122581021
ycbQ,ycbQ,0.002952563781605278
yihR,yihR,0.0029259654829942557
ybiV,ybiV,0.002925766405207648
fucP,fucP,0.002924597306484535
pntB,pntB,0.002912264817560811
yfbN,yfbN,0.0028963550327967026
hyaC,hyaC,0.0028833107969673056
rfbD,rfbD,0.0028830392695483086
ynbC,ynbC,0.002873187048757108
folA,folA,0.002861207048986939
ychO,ychO,0.0028608671617894213
gor,gor,0.002860686376907404
ydjN,ydjN,0.0028410040956467356
yeaY,yeaY,0.0028388097625248673
fabG,fabG,0.0028292429452546064
raiA,raiA,0.0028226900479965604
hycE,hycE,0.002817982090185265
metB,metB,0.0028129101898945064
yagE,yagE,0.0028129101898945064
entA,entA,0.0028129101898945064
sohB,sohB,0.0028118674049477485
yihG,yihG,0.0028110652824473253
pyrG,pyrG,0.00280891625287944
insK,insK,0.0028051325951818948
mdoB,mdoB,0.00280410093623739
cynS,cynS,0.0028023906864597364
yghF,yghF,0.0027945929968379037
gdhA,gdhA,0.0027880920404880854
fur,fur,0.002785643294551046
rplS,rplS,0.0027758774499513387
bolA,bolA,0.002775553132491762
ybiS,ybiS,0.0027746516504034893
sfsA,sfsA,0.002764083043723736
yqeH,yqeH,0.002763953111547129
pheT,pheT,0.002761791395399894
adhP,adhP,0.0027585710936905076
yeaM,yeaM,0.0027492298608570048
fdrA,fdrA,0.002740033058252503
glf,glf,0.0027342138436868045
speE,speE,0.0027225451370043803
yidR,yidR,0.002712524147524522
yeaQ,yeaQ,0.0026806029613675422
zipA,zipA,0.0026805129625146647
yfcO,yfcO,0.002677495177187834
LELOBEKK_malE,malE,0.0026696767280631963
yebQ,yebQ,0.002654553805559404
ytfA,ytfA,0.0026420586093951633
envY,envY,0.0026407139980076104
ecfK,ecfK,0.0026360810936900806
yqjK,yqjK,0.002616917812077665
yiiF,yiiF,0.002613085389996629
yghO,yghO,0.002612904000164799
frdB,frdB,0.0026090385318958114
ybaQ,ybaQ,0.0026052303637410304
ravA,ravA,0.0026040235633543215
der,der,0.0025998101569450044
ompC,ompC,0.002580121469788704
yjgL,yjgL,0.002579310228616538
rplQ,rplQ,0.0025782353892127665
yccS,yccS,0.002574729725284994
fis,fis,0.002573911517812534
hofQ,hofQ,0.0025566939175720007
rpsC,rpsC,0.0025550657426568904
sapD,sapD,0.0025382759901576325
ydhQ,ydhQ,0.002529680829615713
yjhA,yjhA,0.0025275907508926923
yhdA,yhdA,0.002527013402033029
truA,truA,0.0024975786512259394
gshA,gshA,0.002489213322114398
tdcG,tdcG,0.0024861999364177126
nei,nei,0.0024844381141639425
yeaI,yeaI,0.0024707589686924062
yncB,yncB,0.002464938647774572
bioD,bioD,0.0024538048950526674
yphH,yphH,0.0024473141999433166
minD,minD,0.002447084368344237
yjjU,yjjU,0.0024376866149464454
yjbQ,yjbQ,0.0024350015298296238
nac,nac,0.0024327422700134065
ybgS,ybgS,0.0024326180152029033
exuR,exuR,0.002421910164696215
abgR,abgR,0.002421060815567317
yhhT,yhhT,0.0024174063956451286
cfa,cfa,0.0024172225116571738
yafO,yafO,0.002416577080883372
nupC,nupC,0.002407285169598846
ychJ,ychJ,0.0024007526903919276
cysD,cysD,0.002394037627735164
frr,frr,0.0023934696283538135
dnaK,dnaK,0.0023857359858800845
dcrB,dcrB,0.0023829547125038793
sufA,sufA,0.002375588250731766
yeaV,yeaV,0.00237552973714297
ybeX,ybeX,0.0023732200500706886
cysH,cysH,0.002368923423751967
yhbP,yhbP,0.0023657954433635303
glgP,glgP,0.0023585413965200963
rcsA,rcsA,0.002357326953549585
ycaQ,ycaQ,0.002349077151388331
rpsG,rpsG,0.0023442008153789526
cca,cca,0.0023430449921354535
rluE,rluE,0.0023311507405579294
znuC,znuC,0.002326825992298463
ubiB,ubiB,0.0023183015048483346
pcnB,pcnB,0.0023177046991592425
ruvB,ruvB,0.0023117709777273105
rtn,rtn,0.0023071177545908685
cpxP,cpxP,0.0023031757167413405
dicC,dicC,0.002294768277888608
ygdE,ygdE,0.0022943308423992843
nlpA,nlpA,0.0022801781821611975
nuoH,nuoH,0.0022713102846230403
nadE,nadE,0.002253182860010346
rplV,rplV,0.0022486011191667405
zapA,zapA,0.0022256393124541647
dinF,dinF,0.002219707890772842
gspD,gspD,0.0022166720089089255
dacC,dacC,0.0022118763672250427
dsdA,dsdA,0.0021999282397319013
yhcH,yhcH,0.002194697074947229
aceB,aceB,0.002192385243765727
accA,accA,0.0021872016331276004
narZ,narZ,0.002185752089699853
ybcK,ybcK,0.0021842722590608298
icd,icd,0.002180433821438383
ptsH,ptsH,0.002178717532832524
ybeZ,ybeZ,0.0021738735450446784
rplX,rplX,0.0021572414762739663
iscU,iscU,0.0021527100870882792
ynaA,ynaA,0.002152618140803044
nuoC,nuoC,0.0021504673312549723
pepT,pepT,0.0021399360616444654
pgpB,pgpB,0.002137945510334527
araF,araF,0.002137411826058142
rsmC,rsmC,0.0021347752289116373
ygcL,ygcL,0.002132199659668973
ycgF,ycgF,0.0021318397366324104
yfaQ,yfaQ,0.0021120414194303184
proS,proS,0.002103885846603751
accC,accC,0.0021014074628874584
yfiC,yfiC,0.0020961499709460617
yceG,yceG,0.0020924962549403433
cpxR,cpxR,0.002089868424291388
yjcE,yjcE,0.0020822161292273363
nudB,nudB,0.0020784111266117897
truC,truC,0.002062686357484315
recE,recE,0.002058574974899235
rpsM,rpsM,0.0020496559590138983
yccZ,yccZ,0.002037829774798799
pta,pta,0.0020373507799870535
sieB,sieB,0.0020317098780072043
nuoM,nuoM,0.00202797772922887
artI,artI,0.002024361701193745
ybaY,ybaY,0.0020199503977978376
ycjW,ycjW,0.002017698442985255
nusG,nusG,0.0020060827651719065
pyrF,pyrF,0.002003121873443284
fbaA,fbaA,0.0020028840094689524
ompT,ompT,0.0020021710292757134
yfeN,yfeN,0.002001279253192697
slyA,slyA,0.0019964508459319546
yagN,yagN,0.001995283302479029
rpoD,rpoD,0.00198349063307275
galF,galF,0.0019806846177979395
avtA,avtA,0.001979751798869215
dgsA,dgsA,0.00197761437368338
recN,recN,0.001975832779940725
visC,visC,0.001969122815236426
ygjH,ygjH,0.0019690943723320816
nagE,nagE,0.0019505019684992286
ycbS,ycbS,0.0019442478004690945
mutH,mutH,0.0019412190346489765
infB,infB,0.001940747926510736
ybbO,ybbO,0.0019150603392977885
leuS,leuS,0.0019132529041319822
arcA,arcA,0.001894893879136769
gnd,gnd,0.0018876576258566955
rpoB,rpoB,0.001883008312895335
chbF,chbF,0.001880376189277558
recA,recA,0.0018764275020748127
yadM,yadM,0.0018754361732901523
valS,valS,0.001874572473324531
yhdL,yhdL,0.0018719760564409184
ydjF,ydjF,0.0018639139531756142
gntK,gntK,0.0018630901446034345
yjiO,yjiO,0.0018553073270013599
zwf,zwf,0.0018533774072294533
tar,tar,0.0018486671900229525
cls,cls,0.0018320456009385555
mrr,mrr,0.0018238335732342894
yfgL,yfgL,0.0018181677991202282
yihE,yihE,0.001817484358149343
yfcS,yfcS,0.0018146659544885152
yggX,yggX,0.0018137807650952182
allC,allC,0.0018078775442263281
topA,topA,0.0017871906387384607
yjgP,yjgP,0.0017862790699832872
livJ,livJ,0.0017800244919348636
yggW,yggW,0.0017798644027608957
hcaR,hcaR,0.0017792980525943717
fabF,fabF,0.0017726882865882732
LELOBEKK_galK,galK,0.0017708098962623735
yehZ,yehZ,0.0017659369606506832
yeiP,yeiP,0.0017654896360823867
LELOBEKK_tisB,tisB,0.001760991231567527
bssR,bssR,0.0017597966052069916
yliF,yliF,0.0017549725250545008
yefM,yefM,0.001753157802225738
rluD,rluD,0.0017510382172588382
ispH,ispH,0.0017422305943663985
glnE,glnE,0.0017396406053997312
ybiC,ybiC,0.0017349308575860208
hyuA,hyuA,0.0017345822821659847
yrbK,yrbK,0.0017283169122132263
yebF,yebF,0.0017248619879418722
ynaJ,ynaJ,0.0017219280281731129
mdlB,mdlB,0.001714849838692262
damX,damX,0.0017088928796428514
tolB,tolB,0.0017048167017547874
rfaY,rfaY,0.0017031328041530165
ydgD,ydgD,0.001699685023863387
yadK,yadK,0.0016981083690673416
yciE,yciE,0.0016955269878985916
gudP,gudP,0.0016945149266909979
yeaX,yeaX,0.001693223644306817
smf,smf,0.0016928067150482832
lrp,lrp,0.001690668906025161
ffh,ffh,0.00168952412279914
yihT,yihT,0.0016883063993565841
ycgN,ycgN,0.0016830235071735161
tig,tig,0.0016815841709235156
tpx,tpx,0.0016766163689770652
nadA,nadA,0.0016745451578119397
yedV,yedV,0.0016700968175194547
yebB,yebB,0.0016624219725631351
adhE,adhE,0.0016556436886940413
yfiO,yfiO,0.0016542794087294741
hisJ,hisJ,0.0016515857766515457
sgcA,sgcA,0.0016482716668442773
yghZ,yghZ,0.0016478613589932438
nlpD,nlpD,0.0016450738044852396
phr,phr,0.0016354124771423622
idnD,idnD,0.0016309743167729283
fbaB,fbaB,0.001629578202065523
torS,torS,0.0016281064154409675
malY,malY,0.0016195262673483076
yrdD,yrdD,0.0016172225129093903
ymgB,ymgB,0.0016171425406226406
citA,citA,0.0016168764294043389
ubiX,ubiX,0.0016152733237394389
amiA,amiA,0.0016118915646277346
ybgA,ybgA,0.001610392049821285
thrS,thrS,0.0016099990043413007
sodA,sodA,0.0015986748770974988
dnaN,dnaN,0.0015895880623851791
pgm,pgm,0.0015871593745329826
secG,secG,0.001585931632073479
fruA,fruA,0.001580998137290162
ycjS,ycjS,0.001580217927282349
ribF,ribF,0.0015763116763263306
yebG,yebG,0.0015762895858398096
folM,folM,0.001575372233818654
tdh,tdh,0.001575368647112998
yjdJ,yjdJ,0.0015715141101589212
ilvI,ilvI,0.001563872479064907
miaA,miaA,0.0015629112640863595
lipB,lipB,0.0015582251217027825
yhjA,yhjA,0.001543980307854087
tsf,tsf,0.001543613637975845
yedW,yedW,0.0015421557508778839
yfjI,yfjI,0.001539309540619563
ppiD,ppiD,0.0015381702621699066
polA,polA,0.0015375015930820587
ygiS,ygiS,0.00152996978258196
cueO,cueO,0.0015283872905668496
yjdK,yjdK,0.0015213815446527466
nuoB,nuoB,0.0015192840474832353
cusF,cusF,0.001518738582941663
hcaF,hcaF,0.001515343880013133
hybC,hybC,0.0015090153659083137
yafQ,yafQ,0.0015046440279439313
rpoC,rpoC,0.0014938898461476133
yciQ,yciQ,0.0014929218956646728
dppA,dppA,0.0014882841440691736
wcaI,wcaI,0.0014863585370408637
cysB,cysB,0.0014862586118557172
psd,psd,0.0014845107944309024
mscL,mscL,0.001480953630130834
rpsF,rpsF,0.0014795988531531017
yjeJ,yjeJ,0.001472730372796011
yggE,yggE,0.0014630862088927299
uhpT,uhpT,0.0014599589315116102
yegE,yegE,0.0014556554712102474
rpmD,rpmD,0.0014544944900090487
rplT,rplT,0.00145008748258056
glcA,glcA,0.001443273115697217
lpd,lpd,0.0014339550459787989
yncD,yncD,0.001430045745774282
exbB,exbB,0.001426899462173352
ypjA,ypjA,0.0014261609224893725
mipA,mipA,0.001424466020379912
yecI,yecI,0.0014207674640622796
spoT,spoT,0.001418734502249229
yecP,yecP,0.0014172647934854537
sbmC,sbmC,0.0014165494333669003
yjgQ,yjgQ,0.0014111235373131198
iscR,iscR,0.0014069837888487473
sra,sra,0.0013976302806607613
ligA,ligA,0.0013942436199187586
ydiZ,ydiZ,0.001393459185487807
yjbJ,yjbJ,0.0013899388245629714
ygjE,ygjE,0.0013899356064007227
parC,parC,0.0013836824602716214
rfbC,rfbC,0.001383378017424437
otsB,otsB,0.0013825315564987013
ychA,ychA,0.0013772230875026298
hslO,hslO,0.00137697078550205
nrdE,nrdE,0.0013742286734165783
yecC,yecC,0.0013706453072268735
yjaG,yjaG,0.0013687175209548526
yafK,yafK,0.0013653881346781633
nrdD,nrdD,0.0013600891816124418
yebV,yebV,0.0013584209176430763
yhjB,yhjB,0.001357431971753468
yjgH,yjgH,0.0013557074828425518
pflB,pflB,0.0013545021421771625
pnp,pnp,0.001347946139443615
rcsD,rcsD,0.0013458913164774383
ytfQ,ytfQ,0.0013399776308730116
hdhA,hdhA,0.001339423496003543
ilvD,ilvD,0.0013385314658074037
ycfS,ycfS,0.0013367834165686613
ynhG,ynhG,0.0013359805316096073
amyA,amyA,0.0013348590789997513
acnA,acnA,0.0013343837597927074
pnuC,pnuC,0.001331305598716688
glnK,glnK,0.0013257114894210966
thyA,thyA,0.0013211952538498477
yjbH,yjbH,0.0013211452916335887
bglG,bglG,0.0013181722820628358
ycbB,ycbB,0.0013167589517779311
slp,slp,0.0013157559909125654
exbD,exbD,0.0013149727590612813
cheZ,cheZ,0.0013121589196899517
insM,insM,0.00131164049796515
yehE,yehE,0.0013078040503730225
hinT,hinT,0.0013038667802094252
gss,gss,0.001301764395136702
iaaA,iaaA,0.0013015084226240129
hupB,hupB,0.001299797724630622
argG,argG,0.0012997687762803668
yghW,yghW,0.0012980897052436858
imp,imp,0.0012980777295419285
deoB,deoB,0.0012968081047799271
tolQ,tolQ,0.0012955259096763983
nuoF,nuoF,0.001292528800369926
yfhD,yfhD,0.001290631487296639
ispG,ispG,0.0012874640576952567
rpsH,rpsH,0.0012861072232423485
yicR,yicR,0.001283466112543303
ybdH,ybdH,0.0012820176123019803
yjjX,yjjX,0.0012820176123019803
yfiL,yfiL,0.0012786909292584702
hchA,hchA,0.0012758290136239644
luxS,luxS,0.0012724310711501013
panE,panE,0.0012672755962149943
dnaG,dnaG,0.0012672047886513743
ydhB,ydhB,0.0012614619894590214
bfr,bfr,0.0012611274338741828
rpmI,rpmI,0.001258264629673957
tolC,tolC,0.0012561358417641467
mcrB,mcrB,0.0012550369460041996
ispU,ispU,0.0012547832693306693
tnaB,tnaB,0.001253065544778462
guaC,guaC,0.0012492966106730998
pspE,pspE,0.001247556936903949
ispB,ispB,0.0012441662037214367
ypeA,ypeA,0.0012330170484534698
hemX,hemX,0.0012270743050136158
ygiW,ygiW,0.001220500930871901
ygaU,ygaU,0.0012190061598147085
ydjA,ydjA,0.0012184128032435724
ygiC,ygiC,0.001215128798342936
torA,torA,0.001205704334418072
feaR,feaR,0.0012042297758579031
aroK,aroK,0.0012036892116344745
yjfO,yjfO,0.0012015515358332865
ihfB,ihfB,0.0012008465011114206
ycfH,ycfH,0.0011998642594206858
yehM,yehM,0.0011983162854081626
hsrA,hsrA,0.0011973320504627522
gspG,gspG,0.0011966634781555394
trxC,trxC,0.0011955290145455252
yeaC,yeaC,0.0011949694567098765
intQ,intQ,0.0011901794798551192
yggL,yggL,0.0011887723601712622
yfbL,yfbL,0.0011874990834259106
sspA,sspA,0.0011863561145255734
ydiV,ydiV,0.0011842541897172038
serS,serS,0.0011819782138387989
yncC,yncC,0.0011813322401761617
sstT,sstT,0.0011798479918323436
ydcL,ydcL,0.0011735995331159286
yeiG,yeiG,0.0011732488605099324
fliY,fliY,0.0011692937146152475
clpA,clpA,0.0011673992171804394
yihX,yihX,0.0011655388123367548
glgC,glgC,0.0011629066313110052
phoH,phoH,0.0011611305405761858
ydeS,ydeS,0.00115980072196477
yjgB,yjgB,0.001156805696525402
mfd,mfd,0.0011550776174698513
yniA,yniA,0.0011545225937110892
pqqL,pqqL,0.0011533472964842051
yfgM,yfgM,0.0011526970638085082
yhiM,yhiM,0.001149669577688312
rcsB,rcsB,0.0011475445795914906
prfA,prfA,0.0011430762257179405
rpoE,rpoE,0.0011429211318021992
ymgC,ymgC,0.0011428120394940053
ycgG,ycgG,0.0011408427113367532
yfeU,yfeU,0.001140381539918114
yeeX,yeeX,0.0011365640985794088
ymcC,ymcC,0.0011349450963412688
yfbQ,yfbQ,0.001131873259144731
cysN,cysN,0.0011318221985378441
pfkB,pfkB,0.001129001627912809
pstS,pstS,0.0011276014240373536
yebS,yebS,0.0011186730171083592
rpmG,rpmG,0.0011178323168359572
mmuP,mmuP,0.001116997025225977
prfB,prfB,0.0011166493006451261
rpsS,rpsS,0.001115984243053489
rseA,rseA,0.0011124007830979363
yjbM,yjbM,0.0011109566861878934
fdoG,fdoG,0.001109837415514975
cydC,cydC,0.001109290693144779
LELOBEKK_yneM,yneM,0.0011083400840332146
fimH,fimH,0.0011074454910747098
ylbH,ylbH,0.0011045984596900393
ydcU,ydcU,0.0011026811698560065
ydbJ,ydbJ,0.0011006869863697652
coaD,coaD,0.0010989261903419812
pgi,pgi,0.0010920011853632714
pepD,pepD,0.001084259759975678
mutS,mutS,0.0010822666710431528
ypfJ,ypfJ,0.001081037242784416
ycdX,ycdX,0.0010806983413275489
yecS,yecS,0.0010805492596039276
yafE,yafE,0.0010793428654137956
ygeF,ygeF,0.001074452894451858
ycgV,ycgV,0.0010736690413972862
thiI,thiI,0.0010712267627738614
glgA,glgA,0.0010673582631439207
ybfG,ybfG,0.001065976739397031
ydgH,ydgH,0.0010589702861768795
gpmA,gpmA,0.0010566025845249161
yahK,yahK,0.0010548570476010281
sohA,sohA,0.0010548236999339646
dnaJ,dnaJ,0.0010545965821502862
yadG,yadG,0.0010530122854618775
malP,malP,0.0010528763731530002
yfdI,yfdI,0.001052784952302575
yeeY,yeeY,0.0010521521506172227
alsA,alsA,0.0010495682034394258
yqiH,yqiH,0.0010486400030649482
pphA,pphA,0.0010486386108311584
csiE,csiE,0.0010470613647992797
talB,talB,0.0010449065039914254
cobB,cobB,0.0010421840983601913
lpxP,lpxP,0.0010404885150657025
glnH,glnH,0.0010396647583702727
ydcM,ydcM,0.0010383863720890027
yfdG,yfdG,0.0010380836565636652
rseB,rseB,0.0010372658467732968
ggt,ggt,0.0010340246893749089
prfC,prfC,0.0010335604915947356
ydhY,ydhY,0.001032818482138288
sbp,sbp,0.0010317958948980873
purH,purH,0.001031613208306815
chpR,chpR,0.0010285637183194455
groL,groL,0.0010244478444508833
fliC,fliC,0.0010236245447851967
yghY,yghY,0.001021613033926452
wcaE,wcaE,0.0010213847155392825
mdoG,mdoG,0.0010205468393047622
yafN,yafN,0.0010194395501618178
motB,motB,0.0010171126025352117
dbpA,dbpA,0.0010138868194376784
yihS,yihS,0.0010129441248351578
rpsB,rpsB,0.0010101415688970729
tyrR,tyrR,0.0010094398689741214
dsbC,dsbC,0.0010090311167547663
ydaN,ydaN,0.0010089745232265703
yjiV,yjiV,0.0010078323236624512
LELOBEKK_yedR,yedR,0.0010075597582480053
uxaC,uxaC,0.00100661525541957
LELOBEKK_pheS,pheS,0.0010061934443399718
cld,cld,0.0010051136259230313
degQ,degQ,0.0010030030511962765
yabP,yabP,0.0010022185575567792
sufS,sufS,0.0010017763636514345
ycfP,ycfP,0.0010017632595979225
ymfI,ymfI,0.0010012533450193778
ydgA,ydgA,0.0009986926890832202
trmI,trmI,0.0009960342346591164
LELOBEKK_trxA,trxA,0.0009935269169790044
clpB,clpB,0.0009900428338186294
yidX,yidX,0.00098779067660361
corA,corA,0.0009874599261505716
bdm,bdm,0.0009874404024939273
purD,purD,0.0009866749821868756
mug,mug,0.0009858088338941717
alsB,alsB,0.000985270666431528
cyoA,cyoA,0.0009845303285885888
yegP,yegP,0.000984500144493546
torY,torY,0.0009837966979773787
phoP,phoP,0.0009814173926565076
lpp,lpp,0.0009787597696536482
cheA,cheA,0.0009774555197123707
gspE,gspE,0.0009766848941485053
talA,talA,0.0009758308954701606
yqhA,yqhA,0.0009750222216555139
aroP,aroP,0.0009747637300574283
ackA,ackA,0.0009725525340268864
rseP,rseP,0.0009630219448997868
ydcC,ydcC,0.0009611957696861312
rpmA,rpmA,0.000960342065958418
yfbP,yfbP,0.0009585119208825912
mdtK,mdtK,0.0009581496931963343
yfiF,yfiF,0.0009575606511371877
yhdW,yhdW,0.0009560259678283665
lysS,lysS,0.0009521218366342263
tgt,tgt,0.0009484282365164326
rhtB,rhtB,0.0009469187922507636
gadX,gadX,0.0009435928780318136
ycbK,ycbK,0.0009435711444883368
glk,glk,0.0009414356460197071
yeiL,yeiL,0.0009393940042497506
yncE,yncE,0.000937979176451927
yhaV,yhaV,0.0009374462658001106
ydiK,ydiK,0.0009337332770693568
uvrY,uvrY,0.000931174135666057
gadW,gadW,0.0009305020198678293
ybeA,ybeA,0.0009303688024453722
pfkA,pfkA,0.0009260621550167273
yfjN,yfjN,0.000923253017476518
rne,rne,0.0009217606921694552
tolA,tolA,0.0009180955351086469
pgl,pgl,0.0009170084605190352
umuD,umuD,0.0009158302675368005
fabZ,fabZ,0.0009118576075415638
ycgB,ycgB,0.0009067465580570703
cysA,cysA,0.0009063041055634951
sdiA,sdiA,0.0009022707125098221
grxB,grxB,0.0009008723348350159
yejL,yejL,0.0009002465178731185
LELOBEKK_mpaA,mpaA,0.0009000680248013647
yceA,yceA,0.0008967603779740325
ispE,ispE,0.000895128760850145
fldA,fldA,0.0008936952212607058
slyD,slyD,0.0008882038222666301
smpA,smpA,0.0008861103224189404
lon,lon,0.00088601256248208
ydeJ,ydeJ,0.0008824815462378107
gltA,gltA,0.0008817832807110505
tas,tas,0.0008806340528497206
mglC,mglC,0.0008804768282934622
csrA,csrA,0.0008765396319580982
obgE,obgE,0.0008701928333031071
ycgE,ycgE,0.0008688293372674405
sdaA,sdaA,0.0008678834658411703
yfbK,yfbK,0.0008643589341024082
wbbL,wbbL,0.0008629581624014801
ygaT,ygaT,0.0008629010061162884
yicH,yicH,0.0008626219882516627
ysgA,ysgA,0.0008608044564488914
hslR,hslR,0.0008601105615228603
ybfP,ybfP,0.0008566984552101616
yhdY,yhdY,0.00085646958271213
degP,degP,0.0008543946836124598
phnA,phnA,0.0008543507915712126
dipZ,dipZ,0.0008513805139491355
yajC,yajC,0.0008502065660203222
tldD,tldD,0.0008489890952091487
secD,secD,0.0008486768886883139
mppA,mppA,0.0008459293105642712
ygbI,ygbI,0.0008455193271331935
YFP,YFP,0.0008418185757429935
uidB,uidB,0.0008417316756713359
glnS,glnS,0.0008405405861474461
prlC,prlC,0.0008384563796129803
acrF,acrF,0.0008369634183559323
bax,bax,0.0008356599972963398
holB,holB,0.0008352783540110829
yiiU,yiiU,0.0008336839411269359
ynbA,ynbA,0.0008329759176785978
ycbZ,ycbZ,0.0008317061657859456
mntH,mntH,0.0008290932011083831
proQ,proQ,0.0008276282577869017
ubiD,ubiD,0.0008249944398539653
yhiP,yhiP,0.0008240139359785767
aroE,aroE,0.0008238060976365611
yjjK,yjjK,0.0008233690451953194
yniB,yniB,0.0008211727177560246
flxA,flxA,0.0008196535916539364
tatB,tatB,0.0008157480038431128
yebZ,yebZ,0.0008157480038431128
ydiT,ydiT,0.0008148773311312028
purA,purA,0.0008147496445771134
cadB,cadB,0.0008139555591414163
LELOBEKK_atl,atl,0.0008129007801953711
sufB,sufB,0.0008123697542864093
aceA,aceA,0.0008122327370624059
ftn,ftn,0.0008070927138736923
putP,putP,0.0008061753817988656
rplF,rplF,0.0008060383150691679
serA,serA,0.0008047113854469133
fxsA,fxsA,0.0008045195438664968
htgA,htgA,0.0008018799217416407
yghJ,yghJ,0.0007986747666999937
sdhD,sdhD,0.0007978503530786415
fepD,fepD,0.0007978503530786415
LELOBEKK_ynhF,ynhF,0.0007977141481530564
gabP,gabP,0.000797418825799439
yfgH,yfgH,0.0007973825829712668
pntA,pntA,0.0007971166045829377
lepA,lepA,0.0007963272739439057
yaiV,yaiV,0.0007944856595774424
yqjG,yqjG,0.0007925548310912891
galE,galE,0.0007905385122284731
ycaP,ycaP,0.0007905372073191294
rspA,rspA,0.0007905217699195821
rbsK,rbsK,0.0007887855947432335
uvrB,uvrB,0.000788174778397135
fliN,fliN,0.0007881233950087407
ydeH,ydeH,0.0007877910358887088
alaS,alaS,0.0007853360875060933
dusB,dusB,0.0007853033513789363
ibpA,ibpA,0.0007811442671194694
plsX,plsX,0.0007810506321693749
ydiY,ydiY,0.0007799587633433713
intD,intD,0.0007798670815886014
zupT,zupT,0.0007784064027264889
tppB,tppB,0.0007779832097997067
fliD,fliD,0.000777968819670491
yddV,yddV,0.0007770541294946098
dnaQ,dnaQ,0.0007756141709654322
ansB,ansB,0.0007756118033937406
yccA,yccA,0.0007737497746322783
gapC,gapC,0.000771432727735636
lolA,lolA,0.0007709675490791148
tehB,tehB,0.0007707998155657889
dcyD,dcyD,0.0007703276483597523
ybjN,ybjN,0.0007701003511923655
psiF,psiF,0.0007693073028897494
yadE,yadE,0.000769261261132901
yiaG,yiaG,0.0007679732608772684
mutY,mutY,0.0007667160813708196
fabB,fabB,0.0007657391364356647
yeeD,yeeD,0.0007639024093116432
argO,argO,0.0007626797026930708
yhbC,yhbC,0.0007595900617156473
dnaE,dnaE,0.0007586712764520989
yqhC,yqhC,0.0007569016410533478
dapE,dapE,0.0007563746448269694
rfaE,rfaE,0.000755069126123198
argR,argR,0.0007544568696806734
yqfB,yqfB,0.0007535290384483492
asd,asd,0.000753148504059574
glmU,glmU,0.0007522921705829724
gspL,gspL,0.0007514253102773843
puuD,puuD,0.0007509533357327085
araJ,araJ,0.0007480332880241969
hofC,hofC,0.0007462339787359371
mak,mak,0.0007459393352360072
yhaB,yhaB,0.0007438656298239316
seqA,seqA,0.000743132371972962
tufB,tufB,0.0007416705136067812
fepE,fepE,0.0007404578831500521
narJ,narJ,0.000738289813803322
nhaR,nhaR,0.0007360663158635005
ygfJ,ygfJ,0.0007348021832749902
ecnB,ecnB,0.0007341953382283776
lolB,lolB,0.0007318060308850507
yjfM,yjfM,0.0007305316587055921
rsd,rsd,0.0007297335813851563
kdpD,kdpD,0.0007258312796234193
yfhH,yfhH,0.0007255198952081461
ydhW,ydhW,0.0007249572994688002
torT,torT,0.0007246213149981757
hyfR,hyfR,0.0007245814780403351
ycbR,ycbR,0.0007234188361516837
yigZ,yigZ,0.0007220208914575533
yhjG,yhjG,0.0007213490095331398
btuD,btuD,0.0007191013294837022
xthA,xthA,0.0007190185326771203
uspF,uspF,0.0007188812302503373
maoC,maoC,0.0007188594617076137
yrbG,yrbG,0.0007188333129606148
yejK,yejK,0.0007182694479185708
nirD,nirD,0.0007179180204812441
icdC,icdC,0.0007175247463826556
fdhD,fdhD,0.0007173281784061869
ycdO,ycdO,0.0007169842634739318
betT,betT,0.000715460354153323
dnaC,dnaC,0.0007149038115151717
bglJ,bglJ,0.0007147987845303441
sdhC,sdhC,0.0007136050144514916
viaA,viaA,0.0007111306027948562
eutI,eutI,0.0007111306027948562
yciC,yciC,0.0007088903039055898
ygdI,ygdI,0.00070802275451511
allR,allR,0.0007065812402719547
yadL,yadL,0.0007062358811770821
yjjZ,yjjZ,0.0007062100084920977
prsA,prsA,0.0007039900835808403
yliA,yliA,0.0007023747395028777
blc,blc,0.0007007836195544083
yedS,yedS,0.0007001440470902273
fadL,fadL,0.0006994148025076743
rpoN,rpoN,0.0006977424752803416
artQ,artQ,0.0006957885687320206
fdoI,fdoI,0.0006948071441881548
narL,narL,0.0006932796317818228
deoD,deoD,0.0006915439076980936
ycjY,ycjY,0.0006911800927495336
yfeZ,yfeZ,0.0006900938254181538
ygiT,ygiT,0.0006892726159417615
rimJ,rimJ,0.0006891493356777186
cho,cho,0.0006889870649166442
modA,modA,0.0006882663743958167
ygfQ,ygfQ,0.0006876310457096371
puuR,puuR,0.0006875992712241224
ftsB,ftsB,0.0006873947180366302
yeiQ,yeiQ,0.0006870202785850257
ppk,ppk,0.0006860255288062068
yggT,yggT,0.0006852315484293738
yobD,yobD,0.0006837368872085861
LELOBEKK_lacZ,lacZ,0.0006822122278225182
ttcA,ttcA,0.0006818893341562571
yqiA,yqiA,0.0006816770757004602
rtcA,rtcA,0.0006816770757004602
smtA,smtA,0.0006791579653599918
cysU,cysU,0.0006779605610064662
ampR,ampR,0.0006778705291824335
msbA,msbA,0.0006774187504448011
apaG,apaG,0.0006770558750360607
ybeU,ybeU,0.0006746936139534445
btuE,btuE,0.0006738431467525382
ugpB,ugpB,0.0006735015686658254
yhcD,yhcD,0.0006733330642661883
yjgX,yjgX,0.0006731927760718866
yhbN,yhbN,0.0006715374636685617
dmsB,dmsB,0.0006712244218375509
galU,galU,0.0006690594368770787
ubiA,ubiA,0.0006671523376986895
rplB,rplB,0.0006670232351445821
yhgF,yhgF,0.0006660067996872342
yagQ,yagQ,0.0006660067996872342
rplK,rplK,0.0006654728286680678
sgcQ,sgcQ,0.0006652654611029409
marR,marR,0.000664767517787734
chbR,chbR,0.0006647312180038574
aaeR,aaeR,0.0006622992311024325
kdsD,kdsD,0.0006615389701068013
glgX,glgX,0.0006609428505755981
ygjG,ygjG,0.0006589388751201672
yihF,yihF,0.0006581526213048313
glmS,glmS,0.0006570995030197581
rhlE,rhlE,0.0006569456784093669
dapB,dapB,0.0006567846966043252
yhcE,yhcE,0.0006562033454759862
ycbJ,ycbJ,0.0006530673019947454
folE,folE,0.000652489476638661
yliB,yliB,0.000651476239785432
thiK,thiK,0.0006511637236711878
yeeZ,yeeZ,0.0006505361099721725
oppB,oppB,0.0006491856423187306
lyxK,lyxK,0.0006484417720348087
nudC,nudC,0.0006469001755791909
aaeA,aaeA,0.0006465932599720021
yhdE,yhdE,0.0006463037835268531
yagY,yagY,0.0006433664157499524
mltC,mltC,0.0006399465360243917
yjtD,yjtD,0.0006397343514014037
yicO,yicO,0.0006392637680844666
tatA,tatA,0.000638900841390937
ybcM,ybcM,0.0006377932629285865
wbbK,wbbK,0.0006376974362444358
yabI,yabI,0.0006373244847045157
yfgB,yfgB,0.0006372363519974205
yghB,yghB,0.0006357424548619614
tdcR,tdcR,0.0006348127048162142
ahpC,ahpC,0.0006324948107799951
ycaK,ycaK,0.0006293001265515103
ahpF,ahpF,0.0006281776586425404
yjjN,yjjN,0.0006276857698668053
ygfB,ygfB,0.0006267941881818089
maeB,maeB,0.0006263596370470239
ypdB,ypdB,0.0006260046320175205
sixA,sixA,0.0006233923487723458
speG,speG,0.0006230359874549629
yebR,yebR,0.0006229844185365353
prc,prc,0.0006219081889619077
yjiN,yjiN,0.0006209050098940473
yphA,yphA,0.0006206084793273133
basR,basR,0.000620329840128535
yqjH,yqjH,0.0006188729838538636
cpsB,cpsB,0.000618771451864638
yhjY,yhjY,0.0006182153047777338
yciU,yciU,0.0006171177660531669
ghrB,ghrB,0.0006164726413531936
yjeM,yjeM,0.000616027810216602
yahO,yahO,0.0006150129639402548
rpmJ,rpmJ,0.000614707132251582
dsdX,dsdX,0.0006136683817754285
phnK,phnK,0.00061285809086786
yhjK,yhjK,0.000612170459535569
yafM,yafM,0.000607073214864894
ldcC,ldcC,0.0006065735765740089
ybiA,ybiA,0.0006063761737879256
yhdJ,yhdJ,0.0006037731988708663
frmB,frmB,0.0006028967600323878
pinR,pinR,0.0006019617403168111
yeaH,yeaH,0.0006017602552391691
accB,accB,0.0006015805655151534
pheA,pheA,0.0006001822570041617
tsr,tsr,0.0005988390243735622
yhdZ,yhdZ,0.0005987314218353926
nlpE,nlpE,0.0005963914972667025
yfeH,yfeH,0.0005959905695169772
yfcG,yfcG,0.000593218844317332
mreB,mreB,0.0005922155967097841
osmC,osmC,0.0005908373971993809
yccW,yccW,0.0005894193338637568
nadK,nadK,0.0005874174853624488
ydeR,ydeR,0.0005871648304899312
flgK,flgK,0.0005868443172440064
gcl,gcl,0.0005864926453205033
srmB,srmB,0.0005847449737605887
yhaI,yhaI,0.0005817197654363456
yfiQ,yfiQ,0.0005802619977633638
plsC,plsC,0.0005781779764718634
spr,spr,0.0005768728277982749
yahE,yahE,0.0005764261945736769
aroH,aroH,0.0005739192628394827
ilvM,ilvM,0.0005732375274448919
gatA,gatA,0.0005715253200303136
gmd,gmd,0.0005713700284043739
rnk,rnk,0.000570919252272964
hflC,hflC,0.0005701410940739014
znuA,znuA,0.0005700077703234895
yhcG,yhcG,0.0005691942878803384
hspQ,hspQ,0.0005685646614062689
ygbE,ygbE,0.0005681075625206311
citX,citX,0.0005681075625206311
ydcK,ydcK,0.0005674432676673803
cdd,cdd,0.000567431094556437
nupG,nupG,0.0005665962024702472
rplM,rplM,0.0005665680839284038
mrdA,mrdA,0.0005664856604446474
yidC,yidC,0.0005650031358120422
thrC,thrC,0.0005632646559053442
yddH,yddH,0.0005626815020201614
yneK,yneK,0.0005620079848883365
ybjK,ybjK,0.0005616252111391418
emrE,emrE,0.0005599634799006325
ribC,ribC,0.0005593319117984252
ivy,ivy,0.000558902112651206
stfR,stfR,0.0005587778312485583
csiR,csiR,0.0005580088229794583
paaY,paaY,0.0005568110538124195
yjeP,yjeP,0.0005556813645306189
yggC,yggC,0.0005549383290690873
nrdG,nrdG,0.000554646806015643
djlB,djlB,0.0005543064989707757
poxB,poxB,0.0005536621229641566
serC,serC,0.0005524369646631435
ycbW,ycbW,0.0005515154814067792
mrcA,mrcA,0.0005507784118855417
yhfZ,yhfZ,0.0005501482576909955
nfi,nfi,0.0005496821497313924
ymfS,ymfS,0.0005494663275874827
ycbT,ycbT,0.0005490685270147113
yecM,yecM,0.0005477896260378148
ycjX,ycjX,0.0005474752933595543
chaB,chaB,0.0005470452068208906
aslB,aslB,0.0005469200252432331
fadK,fadK,0.0005468978304446879
cysW,cysW,0.0005448608119587208
ydaQ,ydaQ,0.00054465705356807
xerD,xerD,0.0005439982579855568
yrfF,yrfF,0.0005434256053852091
yigA,yigA,0.0005420335832683668
tbpA,tbpA,0.0005416931771659804
yajQ,yajQ,0.0005407231156532505
thiC,thiC,0.0005390121657878149
yedP,yedP,0.0005375753061297257
uxuA,uxuA,0.0005357840137291465
dinG,dinG,0.0005353335503830163
yrbD,yrbD,0.0005351584107755075
emrY,emrY,0.0005350501110830019
iscA,iscA,0.0005328199946599453
trmA,trmA,0.000532743302034112
yfdR,yfdR,0.0005312790434874367
yjcR,yjcR,0.0005311708192768676
cheW,cheW,0.0005309493420311793
yieF,yieF,0.0005297618140169731
ebgA,ebgA,0.0005286114794469324
ydcA,ydcA,0.0005265284468199031
cysC,cysC,0.0005242246429625704
ypeB,ypeB,0.0005221851693044126
yeeI,yeeI,0.0005211597450643368
galP,galP,0.0005194201992734361
leuL,leuL,0.0005187837885860401
arnT,arnT,0.0005172699859822124
yrhB,yrhB,0.0005166600843879536
pyrL,pyrL,0.0005166518875852573
yffQ,yffQ,0.0005165383421255094
ybeY,ybeY,0.0005141635426939026
rhaR,rhaR,0.0005139409927593092
LELOBEKK_sgrT,sgrT,0.0005113180623986717
narU,narU,0.0005061251811220187
tdk,tdk,0.0005053509651507333
yfeC,yfeC,0.0005051699641145071
ybaA,ybaA,0.0005032516877213889
atpA,atpA,0.0005020931069026932
yfjM,yfjM,0.0004992277351211817
pykF,pykF,0.0004989164345006233
yggJ,yggJ,0.0004988681954857756
htrC,htrC,0.0004981016751520428
ybhJ,ybhJ,0.0004978123955217509
ansA,ansA,0.0004976252581896217
yedE,yedE,0.0004944307840432404
yjgI,yjgI,0.0004942247829414805
rihC,rihC,0.000493609955703175
glcC,glcC,0.0004933949639452304
elaB,elaB,0.0004932903401848911
folX,folX,0.0004932771638211438
pdxH,pdxH,0.0004919165804793697
yhdH,yhdH,0.0004911543032126866
leuC,leuC,0.0004905156033266352
yqcA,yqcA,0.0004889268789762829
ybdR,ybdR,0.0004869337114359667
tdcD,tdcD,0.0004863126323504977
yjjY,yjjY,0.00048608687871014896
sirA,sirA,0.00048304412376859256
mrcB,mrcB,0.0004826033446939756
GFP,GFP,0.00048221422732369054
yjbB,yjbB,0.0004805108236640876
prmA,prmA,0.00047778000134137663
feaB,feaB,0.0004770440285072769
sfmF,sfmF,0.00047610813539985955
atpE,atpE,0.0004734952459747307
lldP,lldP,0.0004719297940732914
selA,selA,0.00047054034137462543
tnaC,tnaC,0.0004694411697356133
yqfA,yqfA,0.000468968848061067
ydaC,ydaC,0.00046705253363262667
aceE,aceE,0.0004669451799840535
yebW,yebW,0.0004655647072676525
hpf,hpf,0.000463936532783214
ybhA,ybhA,0.0004633082880838935
moaA,moaA,0.00046264872653274794
greA,greA,0.0004622904177991207
rlpB,rlpB,0.00046211433609175703
map,map,0.0004605063202809419
lpcA,lpcA,0.00045861179116647624
nfo,nfo,0.0004574207468284564
yajI,yajI,0.0004566496838491219
ugd,ugd,0.0004517074432808732
hemG,hemG,0.0004496697229736821
tap,tap,0.0004473458700684124
rpsR,rpsR,0.0004470123256606425
dacB,dacB,0.0004437243664587445
fabR,fabR,0.0004431223316493438
mtlA,mtlA,0.00044271114815228963
sseA,sseA,0.00044271095265352174
sdhB,sdhB,0.00044261374041634977
cybB,cybB,0.0004425932084234881
ebgC,ebgC,0.0004425026560368563
hycB,hycB,0.00044232635106396733
treB,treB,0.0004422508313441079
yobF,yobF,0.0004412518623691278
yiiT,yiiT,0.000440770163941521
yedX,yedX,0.0004405198753002881
treF,treF,0.0004401031206534701
ydiI,ydiI,0.00044002972595002095
ybaM,ybaM,0.0004393360505456395
fieF,fieF,0.00043900572390579627
ftsA,ftsA,0.0004384752536277825
xylA,xylA,0.000438395595403711
osmE,osmE,0.0004367944057780597
ycfJ,ycfJ,0.0004365960824352556
ruvA,ruvA,0.000436067045399311
yodD,yodD,0.00043603459820044336
clcA,clcA,0.00043588925098980496
yoaC,yoaC,0.0004350014816309434
intZ,intZ,0.0004344197340686436
yfjX,yfjX,0.00043317665369067306
yebC,yebC,0.0004331071819888784
yrfG,yrfG,0.00043301889534421903
yfjD,yfjD,0.00043202181726135624
yifN,yifN,0.0004312982965907473
yfcE,yfcE,0.0004312982965907473
ydcN,ydcN,0.0004304822968176705
fabD,fabD,0.00042973147405876884
pioO,pioO,0.0004290718641508465
epd,epd,0.00042850911521580834
sdaC,sdaC,0.0004275745314348655
ykgN,ykgN,0.0004268726639691809
ycgH,ycgH,0.0004255764229852538
ulaE,ulaE,0.00042423225160089585
crp,crp,0.00042211759355104887
ftsK,ftsK,0.00042186799376752165
ycaL,ycaL,0.00042067074046231646
lysA,lysA,0.000415816738739497
nrfF,nrfF,0.000413825011583794
parE,parE,0.00041355700333003525
ttdB,ttdB,0.00041222530311684717
tktA,tktA,0.0004122016372230408
lsrR,lsrR,0.0004111442068017861
yeaL,yeaL,0.00041095604242799956
yagT,yagT,0.0004087368086843829
yafU,yafU,0.0004068893244226359
yggN,yggN,0.00040616914972846905
mviM,mviM,0.00040560340054052684
LELOBEKK_lacY,lacY,0.00040559431995910344
yicC,yicC,0.000403704277119692
glpK,glpK,0.00040297372106505374
yodB,yodB,0.00040272919585679476
yhaJ,yhaJ,0.0004011206032009414
ygfU,ygfU,0.00040095959757305787
gltI,gltI,0.0003995222160575659
yjgR,yjgR,0.0003983128127583816
yigL,yigL,0.00039764938909576817
gph,gph,0.00039751349476047695
dgt,dgt,0.00039728908292322064
qseB,qseB,0.0003969918135562223
nagK,nagK,0.00039681291895491864
ybaB,ybaB,0.0003959905709771402
grpE,grpE,0.00039457209920573384
cobU,cobU,0.0003937641730355192
ycgM,ycgM,0.0003934980842152709
relE,relE,0.0003933918709636805
yafD,yafD,0.00039265869854842775
yhbO,yhbO,0.00039263396645044163
yggV,yggV,0.0003893368888284863
rusA,rusA,0.0003893368888284863
menE,menE,0.0003890579298986259
fliJ,fliJ,0.00038815232261732945
purR,purR,0.0003876869980213805
smpB,smpB,0.00038680014711229915
frwB,frwB,0.00038618581351595484
ygeA,ygeA,0.00038562844130645015
cbrC,cbrC,0.00038386509677360535
agaI,agaI,0.000383572802353468
ydcY,ydcY,0.0003829189959974645
livK,livK,0.0003801457799150089
ompW,ompW,0.0003794433507366807
yibJ,yibJ,0.0003776269451345898
copA,copA,0.00037751547458218625
yadR,yadR,0.00037672263045163595
ybbB,ybbB,0.0003755422834560348
ygbA,ygbA,0.0003755422834560348
yfbM,yfbM,0.0003748255464023538
yeaJ,yeaJ,0.00037441106306479016
yqjB,yqjB,0.000373617671903842
ypjF,ypjF,0.00037339854452649897
flgH,flgH,0.0003729584369334004
coaE,coaE,0.00037118598585760015
ydaT,ydaT,0.0003689482302451693
arnC,arnC,0.00036887981421711036
yafF,yafF,0.0003685977921592963
rcsF,rcsF,0.00036767699808696317
hokD,hokD,0.00036754063886375386
xseA,xseA,0.00036522132731912996
nadR,nadR,0.00036185302983528277
aceF,aceF,0.00036109671973606473
ycjV,ycjV,0.00035756395639849396
recF,recF,0.00035641586797053936
yneE,yneE,0.00035122352094839337
gmk,gmk,0.00035048362233754636
htrL,htrL,0.00035007462737438657
hscC,hscC,0.0003496801988079254
LacI,LacI,0.00034958226606329073
fliL,fliL,0.00034858903642530115
yhdU,yhdU,0.00034748918416235283
nirC,nirC,0.00034731800560944775
ycjD,ycjD,0.00034624926505870195
ynfF,ynfF,0.00034509625134924234
yraN,yraN,0.000342380903541792
yfgA,yfgA,0.0003412601908777763
yibN,yibN,0.000340748516309507
bcsE,bcsE,0.00033924002359118856
aslA,aslA,0.00033901504781045093
proA,proA,0.00033900165714382223
glxK,glxK,0.00033875464192255865
pflA,pflA,0.00033840821716237294
udp,udp,0.0003380616795588733
diaA,diaA,0.000337942086254974
rffA,rffA,0.00033739189483511923
mazG,mazG,0.0003370656207185786
ydfK,ydfK,0.00033698632277498654
yhhA,yhhA,0.00033418179003419065
apaH,apaH,0.00033067472929407276
phoQ,phoQ,0.00032910580115333427
accD,accD,0.0003283476511737537
ispD,ispD,0.0003279409578860215
rpsU,rpsU,0.0003274877797468421
dhaL,dhaL,0.0003253946261568419
kdtA,kdtA,0.00032490728627554275
nagZ,nagZ,0.0003225482275480394
hypF,hypF,0.0003219451634919834
ycdZ,ycdZ,0.0003219451634919834
yzcX,yzcX,0.00032085508697804287
bglA,bglA,0.00031891104971173767
fic,fic,0.0003183458847073527
rssB,rssB,0.00031817263135685105
yohM,yohM,0.0003159949955756496
aas,aas,0.00031561097745936754
lolD,lolD,0.00031532709215485136
yfjV,yfjV,0.00031326867210109826
insG,insG,0.00031149104926227845
yfgD,yfgD,0.0003093731770521932
yiiS,yiiS,0.0003074807628778701
speB,speB,0.0003070685798568118
hyfD,hyfD,0.00030652172093821584
garD,garD,0.00030584981531696435
aroA,aroA,0.00030411985057371535
pssA,pssA,0.00030364622677935135
djlC,djlC,0.0003009912820426699
yghQ,yghQ,0.00030080463453926423
efeU,efeU,0.00030068764550159906
yeaD,yeaD,0.00029976555410367734
qor,qor,0.00029733707725726737
puuP,puuP,0.00029726493901207615
hyfG,hyfG,0.0002970757030907706
oppA,oppA,0.0002941907671982416
fucO,fucO,0.00029348205879605436
cynX,cynX,0.000292684090413316
yggU,yggU,0.0002917327786969188
lysU,lysU,0.0002914854328554327
tyrS,tyrS,0.0002905303958273901
yghA,yghA,0.00028732940983942467
gspF,gspF,0.00028708781408505804
ymfG,ymfG,0.00028663919674566196
fucI,fucI,0.0002864610047957036
pgaD,pgaD,0.0002857749645209547
hmp,hmp,0.00028564945160831863
ribA,ribA,0.00028548596508747335
yeeJ,yeeJ,0.0002848893541498797
yhbW,yhbW,0.000284501840537544
ytfL,ytfL,0.0002830699391790094
glnG,glnG,0.00028212420185590214
yhhX,yhhX,0.00028120514308286373
leuB,leuB,0.0002797788202935106
ydcO,ydcO,0.00027970588790412424
gabD,gabD,0.00027894357467342606
yfdP,yfdP,0.00027790901874893357
yedZ,yedZ,0.00027722794723582706
agp,agp,0.00027716429454564345
sgcX,sgcX,0.0002768657321226593
ybhL,ybhL,0.0002768508596239526
fucU,fucU,0.00027439430663872967
yeeE,yeeE,0.00027406723530845416
acrR,acrR,0.0002726741986711911
ygiH,ygiH,0.00027169725081769436
argC,argC,0.00027163451245405064
fdnH,fdnH,0.0002715348661713399
ycdG,ycdG,0.0002705748934847591
idi,idi,0.00026931407189521633
motA,motA,0.00026572613673254356
frwD,frwD,0.0002637841364608433
yaeH,yaeH,0.00026186216274153815
prpD,prpD,0.00026012886758817685
alsE,alsE,0.00026012886758817636
fliH,fliH,0.00026003457784805475
hyaA,hyaA,0.00025837826806774825
gatY,gatY,0.00025652238960981866
ydcZ,ydcZ,0.0002548730728614873
yihI,yihI,0.00025471142149617696
lpxL,lpxL,0.00025427924603982626
ycjU,ycjU,0.00025194460423128776
adk,adk,0.00025194460423128684
asnS,asnS,0.0002518520443352133
thiL,thiL,0.0002504455559230101
glnL,glnL,0.00024888693556815314
murF,murF,0.00024651873342649975
znuB,znuB,0.000245574909351327
rhsD,rhsD,0.00024308887289510247
pmrD,pmrD,0.00024093239682411373
rluA,rluA,0.00024039228983818627
yeaP,yeaP,0.0002388388059082114
narP,narP,0.00023788689725744654
yfcQ,yfcQ,0.00023574061704004497
gcvH,gcvH,0.00023484625376184946
ycjQ,ycjQ,0.0002338089261404891
tolR,tolR,0.000233805630560562
rfaC,rfaC,0.00023227270824783812
ygfA,ygfA,0.0002319747341319055
ylaC,ylaC,0.00023169633034944464
essQ,essQ,0.00022691563427244165
LELOBEKK_araC,araC,0.00022659655413599623
nagC,nagC,0.0002263327604562766
flgM,flgM,0.00022620793688871645
yjdA,yjdA,0.0002240234393691924
dsbG,dsbG,0.0002221268125375334
artP,artP,0.00022124625433490158
ycdU,ycdU,0.00022089840327339883
rpmE,rpmE,0.00022077465429626997
nhoA,nhoA,0.0002190092898086446
yfjU,yfjU,0.00021663066446935412
yafP,yafP,0.00021606092193850616
ttk,ttk,0.00021355541955663044
entD,entD,0.00021322377338983266
hipB,hipB,0.00021239509317665564
afuC,afuC,0.00021054081057029077
ilvA,ilvA,0.0002095185506642293
dmsD,dmsD,0.00020725524767660665
fixA,fixA,0.00020203861163835206
queC,queC,0.00020137762953816626
yghX,yghX,0.0002009246360126175
ycaR,ycaR,0.00020068879426102
metR,metR,0.00020018690641183674
murE,murE,0.00019982753910652016
sanA,sanA,0.0001968562306638736
cmtB,cmtB,0.0001959564819333228
yahC,yahC,0.00019405563580062832
yahN,yahN,0.0001928145354799616
mpaA,mpaA,0.00018983061526692193
cyoE,cyoE,0.00018536373602504201
flu,flu,0.00018489976401699348
yfcY,yfcY,0.0001841032046353745
macA,macA,0.00018372932488408458
ygfY,ygfY,0.00018324509897127793
argT,argT,0.0001822213715449862
ycjN,ycjN,0.000181487271674546
uxuB,uxuB,0.00018012426045900542
dadA,dadA,0.00017849371032702317
phnB,phnB,0.00017731162935392226
focB,focB,0.00017509646420776892
deoA,deoA,0.00017474961900054015
lolE,lolE,0.00017403675827004598
ftsI,ftsI,0.00017337699353128384
thiS,thiS,0.00017066894661404451
hycG,hycG,0.00016887961339929935
pbpC,pbpC,0.00016864521421795193
narI,narI,0.00016864521421795193
osmB,osmB,0.00016227586366534866
rdgC,rdgC,0.00016040389705984052
rph,rph,0.00015930902337181317
tsx,tsx,0.00015809588637326404
yibG,yibG,0.00015766229013572546
ydeM,ydeM,0.00015753389864537647
yhcO,yhcO,0.00015738500423881913
kdsA,kdsA,0.0001570162654318211
idnK,idnK,0.00015690467966144233
sfmA,sfmA,0.0001542372861160417
ychQ,ychQ,0.0001489835007139152
sulA,sulA,0.00014823961143653914
yjeE,yjeE,0.00014716509704690073
sfmD,sfmD,0.00014697262879061798
ybeL,ybeL,0.00014693320910408867
yjfL,yjfL,0.00014570505343156342
ybjH,ybjH,0.00014570505343156342
yfdL,yfdL,0.00014462876373034486
ymgH,ymgH,0.00014324998652942122
yjfC,yjfC,0.00014299130518437937
ygbL,ygbL,0.00014205773776433903
yicN,yicN,0.00014081672680179406
mdtE,mdtE,0.00014057471928553575
eutJ,eutJ,0.00013656262141610706
yffP,yffP,0.000134916509394837
creB,creB,0.000128716821387424
dsrB,dsrB,0.000128716821387424
pncA,pncA,0.000127277483406161
ydfC,ydfC,0.0001262213759782514
ygcN,ygcN,0.00012236672451718138
yahM,yahM,0.00011922061954373355
yiaM,yiaM,0.00011629609615652675
ydcF,ydcF,0.00011410737733871588
ycjG,ycjG,0.0001129945199479266
queF,queF,0.00011216419358320919
yqiB,yqiB,0.0001114503166063411
yrfD,yrfD,0.00011040033889115524
nrdH,nrdH,0.00010890708198118934
ssb,ssb,9.827506407224321e-05
yhdV,yhdV,9.480308599163625e-05
yeiS,yeiS,9.341285082691851e-05
ssuB,ssuB,9.334166528667673e-05
rfaD,rfaD,9.22402603147055e-05
yibL,yibL,8.960174883992185e-05
yjcD,yjcD,8.959318627613417e-05
proY,proY,8.585173463978897e-05
hisL,hisL,8.494984186103698e-05
ltaE,ltaE,8.289719087766733e-05
fabI,fabI,8.156160827185239e-05
fepB,fepB,7.881638473037185e-05
ydcS,ydcS,7.169966835024326e-05
ynbE,ynbE,7.169966835024326e-05
cpdA,cpdA,7.046235923803944e-05
adiC,adiC,6.702358804796248e-05
clpS,clpS,6.0921628904686116e-05
fecE,fecE,1.6718776773370393e-05
