contrast,lobe,alpha,genes_tested,regulon_tested,lobe_size,regulon_in_lobe,regulon_out,other_in_lobe,other_out,pct_regulon_in_lobe,pct_other_in_lobe,pct_of_lobe_that_is_regulon,pct_of_universe_that_is_regulon,odds_ratio,p_greater,p_less,p_two_sided,q_across_all_tests
from counts/deseq2_results_disrupted.csv,up,0.05,4333,301,1306,106,195,1200,2832,35.22,29.76,8.12,6.95,1.283,0.028320437944087604,0.9789713848880244,0.050707245698421166,0.10141449139684233
from counts/deseq2_results_disrupted.csv,down,0.05,4333,301,1138,77,224,1061,2971,25.58,26.31,6.77,6.95,0.963,0.6324788647757145,0.41996645383027725,0.8386440614903499,1.0
from counts/deseq2_results_regulated.csv,up,0.05,4333,301,1155,113,188,1042,2990,37.54,25.84,9.78,6.95,1.725,1.1778739738349988e-05,0.9999933584655969,1.887082779891523e-05,5.489695359684431e-05
from counts/deseq2_results_regulated.csv,down,0.05,4333,301,1278,75,226,1203,2829,24.92,29.84,5.87,6.95,0.78,0.9707841795844715,0.03943884376788498,0.07678603775040427,0.14453842400076097
exp0224/deseq2_results_casp-t0_vs_exp-t0.csv,up,0.05,4481,341,1140,159,182,981,3159,46.63,23.7,13.95,7.61,2.813,9.419756886876329e-19,1.0,1.3951829307092333e-18,4.4645853782695465e-17
exp0224/deseq2_results_casp-t0_vs_exp-t0.csv,down,0.05,4481,341,1099,66,275,1033,3107,19.35,24.95,6.01,7.61,0.722,0.9923302007325782,0.01111152104362309,0.02177714269467343,0.04977632615925355
exp0224/deseq2_results_casp-t1_vs_casp-t0.csv,up,0.05,1382,136,8,0,136,8,1238,0.0,0.64,0.0,9.84,0.0,1.0,0.4356281216441612,1.0,1.0
exp0224/deseq2_results_casp-t1_vs_casp-t0.csv,down,0.05,1382,136,0,0,136,0,1246,0.0,0.0,,9.84,inf,1.0,1.0,1.0,1.0
exp0224/deseq2_results_casp-t1_vs_exp-t0.csv,up,0.05,4570,341,1107,149,192,958,3271,43.7,22.65,13.46,7.46,2.65,1.6128600501148092e-16,1.0,2.889586968386566e-16,3.232386407278526e-15
exp0224/deseq2_results_casp-t1_vs_exp-t0.csv,down,0.05,4570,341,1091,64,277,1027,3202,18.77,24.28,5.87,7.46,0.72,0.9921504943104629,0.01140138780620271,0.020833834803084837,0.04977632615925355
exp0224/deseq2_results_casp-t2_vs_casp-t0.csv,up,0.05,2975,259,10,0,259,10,2706,0.0,0.37,0.0,8.71,0.0,1.0,0.40160592755315405,1.0,1.0
exp0224/deseq2_results_casp-t2_vs_casp-t0.csv,down,0.05,2975,259,2,0,259,2,2714,0.0,0.07,0.0,8.71,0.0,1.0,0.8334348668855571,1.0,1.0
exp0224/deseq2_results_casp-t2_vs_exp-t0.csv,up,0.05,4570,341,1133,151,190,982,3247,44.28,23.22,13.33,7.46,2.628,2.2209486208021525e-16,1.0,3.030362256823618e-16,3.232386407278526e-15
exp0224/deseq2_results_casp-t2_vs_exp-t0.csv,down,0.05,4570,341,1077,69,272,1008,3221,20.23,23.84,6.41,7.46,0.811,0.9440352172795664,0.07317743790916151,0.14443358469320952,0.2567708172323725
exp0224/deseq2_results_vapc-t0_vs_exp-t0.csv,up,0.05,3240,279,19,1,278,18,2943,0.36,0.61,5.26,8.61,0.588,0.8201931799474118,0.5036790433277394,1.0,1.0
exp0224/deseq2_results_vapc-t0_vs_exp-t0.csv,down,0.05,3240,279,6,1,278,5,2956,0.36,0.17,16.67,8.61,2.127,0.4176679307406293,0.9121101084813555,0.4176679307406293,0.6682686891850069
exp0224/deseq2_results_vapc-t2_vs_exp-t0.csv,up,0.05,4570,341,1254,58,283,1196,3033,17.01,28.28,4.63,7.46,0.52,0.9999990060325888,1.962682369632313e-06,3.6783276530411318e-06,1.4380459352684548e-05
exp0224/deseq2_results_vapc-t2_vs_exp-t0.csv,down,0.05,4570,341,985,134,207,851,3378,39.3,20.12,13.6,7.46,2.57,7.118670721394506e-15,0.9999999999999973,9.643896606358821e-15,7.715117285087057e-14
exp0224/deseq2_results_vapc-t2_vs_vapc-t0.csv,up,0.05,4570,341,1251,68,273,1183,3046,19.94,27.97,5.44,7.46,0.641,0.999604918257084,0.0006374284588221521,0.001249123053361163,0.0033309948089631012
exp0224/deseq2_results_vapc-t2_vs_vapc-t0.csv,down,0.05,4570,341,1012,129,212,883,3346,37.83,20.88,12.75,7.46,2.306,5.808874642203842e-12,0.9999999999975258,9.736334197720568e-12,6.231253886541164e-11
exp0224/deseq2_results_vapc-t3_vs_exp-t0.csv,up,0.05,4570,341,1329,63,278,1266,2963,18.48,29.94,4.74,7.46,0.53,0.9999988786460864,2.1687969671664864e-06,4.044504192942529e-06,1.4380459352684548e-05
exp0224/deseq2_results_vapc-t3_vs_exp-t0.csv,down,0.05,4570,341,965,121,220,844,3385,35.48,19.96,12.54,7.46,2.206,1.318862771716316e-10,0.9999999999413669,2.0412547177889855e-10,1.0886691828207922e-09
exp0224/deseq2_results_vapc-t3_vs_vapc-t0.csv,up,0.05,4570,341,1334,64,277,1270,2959,18.77,30.03,4.8,7.46,0.538,0.9999982458321125,3.3439815418986316e-06,5.70607073646907e-06,1.8259426356701025e-05
exp0224/deseq2_results_vapc-t3_vs_vapc-t0.csv,down,0.05,4570,341,999,112,229,887,3342,32.84,20.97,11.21,7.46,1.843,7.085699662355332e-07,0.9999996249144549,1.1193605370597177e-06,5.117076740844424e-06
aggregated_sc/deseq2_results_vapc-early2_vs_exp.csv,up,0.01,3717,263,686,48,215,638,2816,18.25,18.47,7.0,7.08,0.985,0.56224753683635,0.5034176565657711,1.0,1.0
aggregated_sc/deseq2_results_vapc-early2_vs_exp.csv,down,0.01,3717,263,671,51,212,620,2834,19.39,17.95,7.6,7.08,1.1,0.3036413776177273,0.7509124551384391,0.5605998951632774,0.8154180293284035
aggregated_sc/deseq2_results_vapc-early2b_vs_exp.csv,up,0.01,3791,265,847,57,208,790,2736,21.51,22.4,6.73,6.99,0.949,0.6568095880468465,0.4014335181398107,0.8185523504983698,1.0
aggregated_sc/deseq2_results_vapc-early2b_vs_exp.csv,down,0.01,3791,265,786,59,206,727,2799,22.26,20.62,7.51,6.99,1.103,0.28508817114742896,0.7649556878919529,0.5297939948334874,0.8073051349843618
aggregated_sc/deseq2_results_vapc-early_vs_exp.csv,up,0.01,3202,230,425,20,210,405,2567,8.7,13.63,4.71,7.18,0.604,0.9900216133638098,0.0177840277313578,0.033825680825222304,0.07216145242714092
aggregated_sc/deseq2_results_vapc-early_vs_exp.csv,down,0.01,3202,230,461,38,192,423,2549,16.52,14.23,8.24,7.18,1.193,0.19470280923860095,0.8528700228274919,0.3305199769813399,0.5566652243896251
aggregated_sc/deseq2_results_vapc-late_vs_exp.csv,up,0.01,3716,263,869,59,204,810,2643,22.43,23.46,6.79,7.08,0.944,0.6716914112283587,0.3850765988515018,0.7625609736046661,1.0
aggregated_sc/deseq2_results_vapc-late_vs_exp.csv,down,0.01,3716,263,788,59,204,729,2724,22.43,21.11,7.49,7.08,1.081,0.33086203041919,0.7230736977321195,0.6386498169796211,0.8885562671020815
